,img_path,Atelectasis,Consolidation,Infiltration,Pneumothorax,Edema,Emphysema,Fibrosis,Effusion,Pneumonia,Pleural_Thickening,Cardiomegaly,Nodule,Mass,Hernia,Lung Lesion,Fracture,Lung Opacity,Enlarged Cardiomediastinum,Node21
0,NODE21_processed_png/c3331.png,0.054136686,0.028659143,0.08891143,0.0825958,0.001758312,0.049003575,0.00091592,0.056252953,0.012547798,0.009541592,0.002400846,0.006113383,0.05211021,6.314153e-05,0.5,0.003231761,0.02104997,0.5,0
1,NODE21_processed_png/c3496.png,0.0750073,0.08208369,0.14784135,0.046635047,0.005264563,0.019036083,0.00188926,0.053058345,0.057209548,0.012283245,0.001572643,0.010387071,0.08056824,3.432711e-05,0.5,0.005262206,0.11870274,0.5,0
2,NODE21_processed_png/c2571.png,0.020436227,0.067947984,0.17516156,0.090332344,0.028821189,0.006044711,0.002846926,0.045540832,0.092480846,0.006777276,0.003413788,0.008907907,0.029093452,1.6749053e-05,0.5,0.000988635,0.3075713,0.5,0
3,NODE21_processed_png/c2903.png,0.04679794,0.03743832,0.2096633,0.02966477,0.035462458,0.004515038,0.000791232,0.08878304,0.08455567,0.009056711,0.019026248,0.006888497,0.03956594,9.559697e-05,0.5,0.002124423,0.2049616,0.5,0
4,NODE21_processed_png/n1015.png,0.023052366,0.0629773,0.17585824,0.0362778,0.019260589,0.004917674,0.001111688,0.02401155,0.051124167,0.002935416,0.002786649,0.004835421,0.029751798,1.45243e-05,0.5,0.000923524,0.11263231,0.5,1
5,NODE21_processed_png/c1816.png,0.051530197,0.07286914,0.19018908,0.13373986,0.008854019,0.033589143,0.005717366,0.11950171,0.06442086,0.014920784,0.00494248,0.013137185,0.037979025,1.8635057e-05,0.5,0.001492382,0.35647196,0.5,0
6,NODE21_processed_png/c1464.png,0.02235974,0.083416305,0.23661125,0.13699433,0.1075303,0.016474739,0.002054195,0.042809423,0.17255002,0.005024492,0.00910455,0.007268971,0.016139407,7.3670985e-06,0.5,0.000305692,0.5925207,0.5,0
7,NODE21_processed_png/c0224.png,0.04728077,0.06603552,0.15171802,0.07378976,0.010835085,0.015463908,0.002665636,0.09258367,0.029759528,0.02269696,0.009816584,0.011456738,0.045365464,0.000254843,0.5,0.007465769,0.12495037,0.5,0
8,NODE21_processed_png/c0583.png,0.041458253,0.04946286,0.17572528,0.03906053,0.04151664,0.005982856,0.000805994,0.029164847,0.0961006,0.005449413,0.015801715,0.008124175,0.03873473,3.4056637e-05,0.5,0.001519003,0.24049596,0.5,0
9,NODE21_processed_png/c2110.png,0.034529418,0.07286814,0.19286557,0.05878505,0.029801767,0.008088108,0.004690474,0.06336499,0.097947806,0.010769322,0.009415953,0.010515718,0.02269652,9.27279e-05,0.5,0.003606224,0.30085453,0.5,0
10,NODE21_processed_png/c3750.png,0.036424022,0.035180632,0.1756253,0.06200661,0.023084216,0.024260974,0.0066656,0.03080812,0.044605244,0.01742071,0.016349174,0.008241274,0.045014787,0.000125784,0.5,0.001074907,0.09285494,0.5,0
11,NODE21_processed_png/c0645.png,0.030028237,0.059354942,0.18402319,0.032961,0.03782344,0.004011666,0.002395648,0.08546617,0.119102545,0.00737065,0.012478203,0.007635224,0.041372985,5.659856e-05,0.5,0.001706238,0.3934429,0.5,0
12,NODE21_processed_png/n0593.png,0.037462205,0.043562688,0.24082883,0.031287953,0.050074082,0.006965957,0.002189501,0.048488244,0.08269067,0.008508845,0.023021912,0.007035569,0.03303498,6.305356e-05,0.5,0.000888506,0.11791303,0.5,1
13,NODE21_processed_png/c1005.png,0.08472066,0.06904226,0.23803204,0.03708639,0.027784491,0.003111796,0.000601096,0.14471754,0.09788499,0.006413643,0.009934349,0.003066316,0.0199259,5.455145e-05,0.5,0.001021977,0.1665574,0.5,0
14,NODE21_processed_png/c1773.png,0.01596291,0.12092605,0.22980201,0.04484158,0.017672442,0.012489243,0.003844603,0.052539703,0.13289227,0.004786153,0.008870984,0.006501094,0.018192291,1.9666425e-06,0.5,0.000219663,0.59974223,0.5,0
15,NODE21_processed_png/c0694.png,0.05046076,0.067782335,0.19980267,0.10296664,0.03455385,0.020166337,0.00641731,0.04992163,0.15452324,0.01494608,0.021502422,0.012700255,0.020741936,0.000106564,0.5,0.003275191,0.6621907,0.5,0
16,NODE21_processed_png/n0542.png,0.04781994,0.06791417,0.2188744,0.055838678,0.058739167,0.004319205,0.002387756,0.07432503,0.13894437,0.007553715,0.028711706,0.008774605,0.03653652,0.000201653,0.5,0.004012132,0.49824423,0.5,1
17,NODE21_processed_png/c0133.png,0.022624837,0.10719927,0.1558097,0.027395818,0.015836513,0.001851896,0.000955735,0.08010148,0.069744736,0.00839338,0.001751745,0.010595487,0.057522748,8.325564e-06,0.5,0.000859584,0.37467784,0.5,0
18,NODE21_processed_png/c3781.png,0.08745004,0.05916885,0.11875814,0.06864718,0.016005563,0.022957817,0.001264112,0.10983696,0.04739544,0.016154438,0.0120538,0.012244458,0.07625533,9.12884e-05,0.5,0.009425456,0.17842431,0.5,0
19,NODE21_processed_png/c3026.png,0.04768963,0.043023586,0.16610627,0.072472595,0.018978883,0.030488316,0.020246316,0.046713036,0.05399794,0.021788657,0.019214999,0.010803861,0.0324117,0.000306199,0.5,0.0016019,0.09135352,0.5,0
20,NODE21_processed_png/c2666.png,0.06749683,0.10373214,0.22233783,0.066006064,0.017879881,0.015682103,0.007842592,0.0980118,0.10433183,0.009934603,0.006464412,0.016295893,0.06241072,5.832385e-05,0.5,0.002300823,0.2905533,0.5,0
21,NODE21_processed_png/n0684.png,0.043773822,0.066364884,0.26419267,0.04723226,0.1162457,0.005679466,0.000797898,0.13501899,0.2282327,0.007968042,0.04907793,0.007339979,0.02803141,6.4647546e-05,0.5,0.001124438,0.84033895,0.5,1
22,NODE21_processed_png/c0920.png,0.04988544,0.052675314,0.19079018,0.050686195,0.026059007,0.006622334,0.002815297,0.048515547,0.07170888,0.007961608,0.03337334,0.00910097,0.027429601,6.532309e-05,0.5,0.002975316,0.19491564,0.5,0
23,NODE21_processed_png/c0552.png,0.032595824,0.071685195,0.121867545,0.03885818,0.004656015,0.028265534,0.001429362,0.02853109,0.035596974,0.005616492,0.005953781,0.007753867,0.021625208,5.7129822e-05,0.5,0.001919722,0.114729635,0.5,0
24,NODE21_processed_png/c1312.png,0.014683591,0.05583553,0.16725686,0.03316201,0.017976554,0.008340067,0.003216854,0.023930477,0.06304706,0.007058613,0.006489812,0.009494899,0.021996336,2.7567936e-05,0.5,0.001815822,0.28938982,0.5,0
25,NODE21_processed_png/c2207.png,0.054732427,0.03669561,0.13746566,0.06964367,0.008381516,0.024391979,0.004587873,0.03294423,0.029884778,0.010099272,0.005481335,0.011750301,0.04467688,8.131311e-05,0.5,0.002785699,0.055193663,0.5,0
26,NODE21_processed_png/c3447.png,0.05903683,0.034552027,0.12426284,0.058754846,0.007274672,0.03144054,0.002479351,0.039559413,0.022160703,0.008459253,0.010820512,0.007543397,0.027287658,0.000117533,0.5,0.006945669,0.025263099,0.5,0
27,NODE21_processed_png/c3835.png,0.018190077,0.07354869,0.19475989,0.11453619,0.033752225,0.034255173,0.001709162,0.03617609,0.079447195,0.006814523,0.003833155,0.006760414,0.02900751,2.3431712e-05,0.5,0.000831698,0.21404876,0.5,0
28,NODE21_processed_png/c2099.png,0.03339677,0.089182995,0.20253758,0.060069866,0.02182949,0.002901284,0.0019993,0.031046985,0.1466166,0.00570118,0.002647834,0.010561392,0.02122388,1.52188995e-05,0.5,0.000926919,0.74011374,0.5,0
29,NODE21_processed_png/n0868.png,0.06642513,0.058754772,0.18545449,0.10120818,0.028203081,0.02226433,0.002417278,0.061780684,0.08508357,0.010571092,0.013798332,0.009778353,0.05404922,0.000440646,0.5,0.003420329,0.19981427,0.5,1
30,NODE21_processed_png/c0878.png,0.023189712,0.07061042,0.187006,0.039213236,0.02170365,0.00406732,0.002659938,0.06480698,0.067310914,0.006384601,0.004483481,0.009921989,0.023171984,9.6298145e-06,0.5,0.000636138,0.44163594,0.5,0
31,NODE21_processed_png/c3269.png,0.02866211,0.07598103,0.20090339,0.09171322,0.023445817,0.005879186,0.003642814,0.035346594,0.09416088,0.011170121,0.004448338,0.009441477,0.028229488,3.194201e-05,0.5,0.000679938,0.23316592,0.5,0
32,NODE21_processed_png/c2429.png,0.0346042,0.05179623,0.18603714,0.17123473,0.026064875,0.014074787,0.008597364,0.068691224,0.1408612,0.01777381,0.017456327,0.011388009,0.022726104,0.000207639,0.5,0.002951667,0.4531554,0.5,0
33,NODE21_processed_png/c2048.png,0.032261185,0.14004655,0.2320642,0.17163534,0.07322042,0.03193241,0.006673134,0.068592146,0.18066247,0.009969149,0.007574784,0.018904194,0.03961048,3.9289385e-05,0.5,0.000910894,0.8060447,0.5,0
34,NODE21_processed_png/c3608.png,0.03887834,0.13641626,0.18309073,0.18096948,0.031478014,0.018337622,0.005631408,0.123212926,0.14337401,0.014329155,0.00878814,0.016082553,0.026366971,5.720876e-05,0.5,0.001837921,0.44553122,0.5,0
35,NODE21_processed_png/c1418.png,0.043798108,0.04430124,0.1584449,0.123471946,0.028925413,0.088174246,0.0098132,0.041462697,0.051034242,0.012403035,0.057810243,0.006136619,0.02487689,0.000404531,0.5,0.00178206,0.09280998,0.5,0
36,NODE21_processed_png/c0258.png,0.029571753,0.09649823,0.18248354,0.052296087,0.020553067,0.026659096,0.004412102,0.035692543,0.105712794,0.005174001,0.003474769,0.008572806,0.029316477,4.034673e-05,0.5,0.001469598,0.39748076,0.5,0
37,NODE21_processed_png/c0639.png,0.03370422,0.057153672,0.18357779,0.12040438,0.029259885,0.005601798,0.006162328,0.042000275,0.094266035,0.010756343,0.024564102,0.008397539,0.019270161,5.7794885e-05,0.5,0.001513323,0.25384262,0.5,0
38,NODE21_processed_png/n0248.png,0.052503977,0.07673859,0.24216564,0.05705615,0.048031893,0.007298031,0.002469376,0.15955517,0.097583346,0.013451011,0.023658106,0.006715158,0.035027243,0.000111751,0.5,0.00320594,0.1690043,0.5,1
39,NODE21_processed_png/c1079.png,0.021646734,0.08824379,0.21004942,0.17835268,0.047308154,0.018082082,0.005128398,0.048281163,0.18187994,0.006866043,0.00648334,0.013845617,0.01909413,1.3089396e-05,0.5,0.000733416,0.73040605,0.5,0
40,NODE21_processed_png/c0289.png,0.06480382,0.034051638,0.14165848,0.17275538,0.004981668,0.051502913,0.013461083,0.07386525,0.03616288,0.030956907,0.016268127,0.011240942,0.04260236,0.000143205,0.5,0.002339003,0.08726379,0.5,0
41,NODE21_processed_png/c1657.png,0.066301554,0.043008704,0.16860361,0.109720275,0.02217403,0.03819911,0.008447692,0.11848505,0.061272517,0.03390427,0.02907261,0.010529016,0.036151845,9.0947455e-05,0.5,0.003679877,0.15579198,0.5,0
42,NODE21_processed_png/c0017.png,0.037797496,0.085937455,0.19308235,0.1409112,0.034775306,0.027360423,0.002708959,0.058361113,0.08487289,0.008440147,0.003656638,0.012098395,0.05549561,5.8703456e-05,0.5,0.003011836,0.18580446,0.5,0
43,NODE21_processed_png/c3102.png,0.04009213,0.06857767,0.24034786,0.16046187,0.03669275,0.04402946,0.005532906,0.046171933,0.11380445,0.009222331,0.006310402,0.013909749,0.043709572,6.558718e-05,0.5,0.004235032,0.1980917,0.5,0
44,NODE21_processed_png/c2742.png,0.04467012,0.061316907,0.16949199,0.039075274,0.015788883,0.007193339,0.002589128,0.07210624,0.087087624,0.013202015,0.02559889,0.0094025,0.031160405,0.000131108,0.5,0.004542369,0.31118807,0.5,0
45,NODE21_processed_png/c0476.png,0.046999108,0.051417712,0.1823343,0.033965062,0.015815658,0.007824168,0.003101862,0.07121727,0.06748863,0.007773861,0.01582814,0.007796282,0.020069197,0.000113978,0.5,0.001869402,0.20291634,0.5,0
46,NODE21_processed_png/c0804.png,0.018074999,0.09490646,0.26254284,0.12257022,0.044782545,0.008828189,0.00134998,0.025624,0.1350725,0.007232557,0.002566135,0.007091827,0.025152817,8.521672e-06,0.5,0.000378268,0.39837107,0.5,0
47,NODE21_processed_png/c1236.png,0.057010453,0.035608426,0.13524196,0.02723424,0.011940361,0.004579091,0.000978761,0.041586097,0.04244811,0.007346321,0.007927225,0.007732943,0.06739413,0.000149816,0.5,0.003912141,0.0704132,0.5,0
48,NODE21_processed_png/c1591.png,0.027624559,0.050525904,0.19084509,0.08502272,0.043591265,0.018978776,0.004166795,0.035661533,0.050964534,0.008993743,0.015640453,0.006840179,0.06352758,5.5406923e-05,0.5,0.00068987,0.049991906,0.5,0
49,NODE21_processed_png/c2323.png,0.04765103,0.04308943,0.18786594,0.08506099,0.011800782,0.0250538,0.005298418,0.040118117,0.044350114,0.008022275,0.003083606,0.008174661,0.02821934,0.000171664,0.5,0.001887988,0.040197585,0.5,0
50,NODE21_processed_png/c2484.png,0.05362116,0.0848916,0.21382022,0.06313666,0.04249573,0.005636054,0.004203539,0.089579076,0.12016257,0.00793882,0.017664334,0.008661543,0.035073977,0.000378208,0.5,0.003496217,0.3054599,0.5,0
51,NODE21_processed_png/c3563.png,0.043863054,0.04467664,0.19584496,0.025746047,0.028604804,0.006871286,0.002678625,0.06855249,0.072980836,0.010180964,0.01890438,0.007135542,0.031439498,0.000134254,0.5,0.00230933,0.106634036,0.5,0
52,NODE21_processed_png/c3215.png,0.042956475,0.08634014,0.23600379,0.051841933,0.063893825,0.003851829,0.002774781,0.06979659,0.1312123,0.008597883,0.013280652,0.007408954,0.027339656,1.522992e-05,0.5,0.001174255,0.532444,0.5,0
53,NODE21_processed_png/c2827.png,0.029732535,0.11733556,0.21899576,0.06312126,0.06220664,0.008402614,0.004239876,0.07358114,0.1692849,0.014804195,0.022235563,0.006469563,0.0293363,3.543156e-06,0.5,0.00011864,0.6260406,0.5,0
54,NODE21_processed_png/c2455.png,0.018999413,0.16148457,0.2042158,0.029069215,0.027029265,0.004962006,0.001526222,0.08955226,0.17126119,0.005165626,0.001396176,0.009888187,0.03749219,2.0775346e-06,0.5,0.000333653,0.6470583,0.5,0
55,NODE21_processed_png/n1131.png,0.031004686,0.07785432,0.23986702,0.15236408,0.05747455,0.021765837,0.009683757,0.0425653,0.11709425,0.008359349,0.007703481,0.01353277,0.033078387,0.000165991,0.5,0.001466027,0.16518721,0.5,1
56,NODE21_processed_png/c1540.png,0.030912125,0.105307385,0.279369,0.08214411,0.09995434,0.006755276,0.00689396,0.10922135,0.120404415,0.009554844,0.007791527,0.016737955,0.025734872,2.1287124e-05,0.5,0.001644061,0.29808658,0.5,0
57,NODE21_processed_png/c1932.png,0.057101354,0.034149706,0.14388043,0.10928626,0.015127526,0.02368737,0.016102608,0.107216604,0.027102388,0.029360324,0.028365215,0.013990073,0.037241857,0.000327049,0.5,0.009383031,0.026003065,0.5,0
58,NODE21_processed_png/c0300.png,0.06268444,0.05835044,0.20815705,0.039214667,0.022023879,0.008597084,0.001385151,0.14766417,0.09785825,0.00836537,0.018078554,0.007737151,0.025612148,0.000146192,0.5,0.003590455,0.30020717,0.5,0
59,NODE21_processed_png/c2793.png,0.06779931,0.07090655,0.20013916,0.04308915,0.013451582,0.00606177,0.004458368,0.077546924,0.06914368,0.019173218,0.01867762,0.008810245,0.0482484,0.000144708,0.5,0.002191926,0.23352726,0.5,0
60,NODE21_processed_png/c2034.png,0.06730359,0.08128169,0.23708728,0.19880438,0.03762012,0.02463825,0.014296352,0.12222061,0.16425358,0.033061657,0.007561072,0.029120753,0.06223635,0.000207948,0.5,0.006600583,0.6410061,0.5,0
61,NODE21_processed_png/c3674.png,0.061540924,0.056482464,0.14375073,0.08016184,0.02273553,0.014603102,0.005419932,0.07325226,0.036343016,0.009432504,0.022133673,0.009992786,0.037536282,0.000802337,0.5,0.004996458,0.05158263,0.5,0
62,NODE21_processed_png/c0761.png,0.046909496,0.060285922,0.21086986,0.026868602,0.026186708,0.011806046,0.002608288,0.040836293,0.07550715,0.007868561,0.00602393,0.006551266,0.02984874,3.5295183e-05,0.5,0.001894547,0.14793399,0.5,0
63,NODE21_processed_png/n0310.png,0.073217474,0.05797838,0.1771887,0.09425117,0.027181255,0.017812762,0.005757879,0.093474455,0.07039584,0.018654298,0.005512865,0.027934039,0.04475633,0.000195516,0.5,0.007477288,0.20388836,0.5,1
64,NODE21_processed_png/c1686.png,0.021458264,0.0440216,0.18549226,0.03076279,0.03503665,0.004776127,0.004370901,0.024268022,0.0834763,0.006230127,0.00549202,0.007029912,0.021609914,2.1038182e-05,0.5,0.000791253,0.31823915,0.5,0
65,NODE21_processed_png/c1121.png,0.030298598,0.06575475,0.15987293,0.075515196,0.01458219,0.028700821,0.005951334,0.03350991,0.057601523,0.007029004,0.009290366,0.008240012,0.023702608,2.716999e-05,0.5,0.001342512,0.17204608,0.5,0
66,NODE21_processed_png/n0189.png,0.03681747,0.10007191,0.21828067,0.1712743,0.05901213,0.067816205,0.00877968,0.068102635,0.08760057,0.011108206,0.003529337,0.0323175,0.040186964,0.000144227,0.5,0.003781444,0.17621948,0.5,1
67,NODE21_processed_png/c2978.png,0.036206473,0.06779522,0.21943659,0.07795286,0.07212519,0.012436628,0.007023925,0.052355714,0.1020178,0.01095076,0.042024717,0.009823649,0.030267071,0.000246973,0.5,0.001659834,0.30071422,0.5,0
68,NODE21_processed_png/c0199.png,0.029353134,0.023713239,0.120760195,0.047288794,0.006204791,0.03734376,0.000918905,0.03554434,0.02437641,0.006826104,0.00679767,0.003353607,0.025192194,2.9203513e-05,0.5,0.00119221,0.037662476,0.5,0
69,NODE21_processed_png/n0539.png,0.053106833,0.046155848,0.21559162,0.10775762,0.014098277,0.014834788,0.0019196,0.07744055,0.092329204,0.009973555,0.005957462,0.010909155,0.027145054,5.4136446e-05,0.5,0.003694868,0.21690217,0.5,1
70,NODE21_processed_png/c0148.png,0.049598362,0.06069915,0.23634382,0.03043282,0.025278652,0.014972883,0.00247944,0.11986773,0.10619816,0.016462106,0.007912618,0.007616004,0.046419133,2.7919503e-05,0.5,0.002877327,0.36106476,0.5,0
71,NODE21_processed_png/c1708.png,0.061430313,0.07258252,0.16963303,0.11647068,0.019348616,0.03850821,0.002465796,0.10782828,0.07138203,0.011667298,0.011485862,0.008365207,0.0474036,6.765912e-05,0.5,0.00249547,0.25531438,0.5,0
72,NODE21_processed_png/c1369.png,0.03615082,0.08030405,0.17150983,0.017280698,0.018276757,0.008501757,0.001231194,0.05876015,0.053744227,0.011054935,0.00341059,0.008002614,0.063111536,4.9861872e-05,0.5,0.00211548,0.18573636,0.5,0
73,NODE21_processed_png/c0529.png,0.039404724,0.03846157,0.18242477,0.042772,0.012632604,0.010548998,0.008781968,0.033045087,0.051320516,0.012128854,0.021754604,0.00731184,0.031014627,0.0002166,0.5,0.000873288,0.074899934,0.5,0
74,NODE21_processed_png/c0010.png,0.057963975,0.05708733,0.19787067,0.122825675,0.026217226,0.01311264,0.011894482,0.06721949,0.07521914,0.011960996,0.012842489,0.009318524,0.03630896,0.000123868,0.5,0.002483828,0.114061944,0.5,0
75,NODE21_processed_png/c1650.png,0.022789478,0.06243361,0.21708408,0.08207595,0.052006114,0.00599517,0.001652572,0.036342334,0.09360032,0.007342862,0.012079678,0.007852858,0.026621604,1.0832956e-05,0.5,0.000322446,0.27356866,0.5,0
76,NODE21_processed_png/c2745.png,0.03797742,0.10866515,0.21021006,0.03821955,0.026256856,0.009174771,0.001929815,0.040975295,0.12673923,0.004902386,0.002519736,0.011235924,0.03564346,3.6662226e-05,0.5,0.004092412,0.4357376,0.5,0
77,NODE21_processed_png/c3105.png,0.06464648,0.04875944,0.19909799,0.027799653,0.025313746,0.008747462,0.000975907,0.13481954,0.0595841,0.007727915,0.018862851,0.00758045,0.027390689,5.8656908e-05,0.5,0.002116354,0.18719694,0.5,0
78,NODE21_processed_png/c1596.png,0.053013295,0.07141075,0.20729265,0.03046014,0.022976633,0.007204759,0.004510338,0.053474527,0.08108331,0.007502258,0.017085958,0.007359187,0.023282845,9.943621e-05,0.5,0.002330848,0.27319327,0.5,0
79,NODE21_processed_png/c0803.png,0.038313523,0.05459677,0.19241072,0.09886538,0.023840407,0.003762421,0.001882497,0.061123732,0.10310099,0.012972875,0.005729054,0.008314297,0.056800142,3.6393034e-05,0.5,0.001504272,0.3425187,0.5,0
80,NODE21_processed_png/c0471.png,0.071829304,0.05964421,0.19372356,0.07997135,0.009202639,0.012178416,0.004716445,0.09173239,0.06624476,0.019056553,0.016878907,0.011378394,0.05013894,4.6348003e-05,0.5,0.001544384,0.2596894,0.5,0
81,NODE21_processed_png/c3564.png,0.027392399,0.103720434,0.18403247,0.122351594,0.03622871,0.006820623,0.007672254,0.06809781,0.15698497,0.012691285,0.012488748,0.019172097,0.020719135,3.922687e-05,0.5,0.000684514,0.7050229,0.5,0
82,NODE21_processed_png/c2483.png,0.032510825,0.08204069,0.16986988,0.06542978,0.010899316,0.004202062,0.001914983,0.064385824,0.069036596,0.004900286,0.006460974,0.009501478,0.02379474,3.1350723e-05,0.5,0.001129705,0.24016337,0.5,0
83,NODE21_processed_png/c2324.png,0.03852551,0.06733791,0.2065636,0.08878141,0.025089502,0.00770724,0.003955525,0.05918282,0.07845277,0.00700332,0.010627584,0.010398039,0.032912675,0.000158526,0.5,0.001822362,0.21133713,0.5,0
84,NODE21_processed_png/c2452.png,0.069128774,0.033734422,0.18451409,0.03582027,0.013304663,0.012943872,0.002421443,0.09978932,0.049413823,0.009836128,0.023863204,0.006348133,0.026197705,0.00019663,0.5,0.001612101,0.070848,0.5,0
85,NODE21_processed_png/c2820.png,0.04029253,0.038833257,0.18585594,0.09640095,0.025487162,0.044856362,0.004763147,0.025465034,0.04301457,0.005319069,0.003238627,0.008454852,0.02974965,0.000145236,0.5,0.003305112,0.037018117,0.5,0
86,NODE21_processed_png/c3212.png,0.030892225,0.066771105,0.175338,0.08487779,0.04329349,0.011793168,0.004823679,0.038240675,0.095390566,0.005783399,0.009454748,0.01552924,0.025347525,0.000195713,0.5,0.002018231,0.27767295,0.5,0
87,NODE21_processed_png/c1935.png,0.04780248,0.058555894,0.18263352,0.0709628,0.00757884,0.010466971,0.002018592,0.06038363,0.0702701,0.007334994,0.009750478,0.005982959,0.01519978,1.1133146e-05,0.5,0.000996783,0.2031215,0.5,0
88,NODE21_processed_png/c1547.png,0.06852975,0.05530934,0.20258045,0.032736555,0.017381152,0.006401549,0.001790721,0.08993657,0.08909914,0.01488832,0.014705391,0.00665153,0.039216753,7.392628e-05,0.5,0.002048498,0.48808888,0.5,0
89,NODE21_processed_png/c3673.png,0.041854553,0.10549138,0.25454965,0.040421933,0.061683107,0.003089631,0.002780841,0.0797578,0.2213906,0.007055211,0.008486157,0.006384131,0.033212364,1.1005668e-05,0.5,0.000577387,0.71800876,0.5,0
90,NODE21_processed_png/c2033.png,0.035561755,0.06357723,0.18847387,0.09283161,0.039889738,0.008104749,0.006011448,0.07577761,0.06709555,0.012385696,0.02746611,0.010217741,0.02580739,0.000127396,0.5,0.00131787,0.180232,0.5,0
91,NODE21_processed_png/c2794.png,0.024022821,0.07487257,0.15501991,0.14790963,0.026666624,0.034175254,0.004832151,0.054497674,0.071176656,0.008920419,0.011328057,0.013426249,0.022897765,8.1537124e-05,0.5,0.000554869,0.21465349,0.5,0
92,NODE21_processed_png/c1681.png,0.04813128,0.044190783,0.1720469,0.042374417,0.06277561,0.016088137,0.004774381,0.053358175,0.05734407,0.009253113,0.049400847,0.005821005,0.026037473,0.000321223,0.5,0.001533559,0.08749435,0.5,0
93,NODE21_processed_png/c0766.png,0.028593605,0.072585106,0.18438266,0.11612726,0.014211293,0.010080382,0.00315749,0.056011222,0.07724927,0.012776368,0.002175394,0.006067442,0.044399213,7.663827e-06,0.5,0.001173599,0.245199,0.5,0
94,NODE21_processed_png/c2904.png,0.01716091,0.05021535,0.17497978,0.08095407,0.014739305,0.01131791,0.002023798,0.0570454,0.044125844,0.008841155,0.005295989,0.012299915,0.034266755,8.185716e-06,0.5,0.001708849,0.061016183,0.5,0
95,NODE21_processed_png/c2576.png,0.0399684,0.07124837,0.13729253,0.06698106,0.004104458,0.027615855,0.00409449,0.08300371,0.029639639,0.010785283,0.006876369,0.006906812,0.029186234,1.89074e-05,0.5,0.001536209,0.049630024,0.5,0
96,NODE21_processed_png/c3491.png,0.054354608,0.05831043,0.123538084,0.22756852,0.006672854,0.076355994,0.003113431,0.07074847,0.02661567,0.012948034,0.009027991,0.009984763,0.042502377,7.4300086e-05,0.5,0.005164281,0.040913027,0.5,0
97,NODE21_processed_png/c3336.png,0.054485362,0.07237838,0.2225277,0.064287536,0.018055145,0.006085935,0.003460301,0.09783458,0.11864627,0.013948815,0.008866872,0.005836742,0.031569466,1.1528336e-05,0.5,0.001637871,0.34721172,0.5,0
98,NODE21_processed_png/c0584.png,0.026090348,0.054798543,0.18864779,0.03837805,0.020370573,0.0160904,0.002973157,0.03250153,0.058271565,0.006817073,0.00756367,0.006431103,0.022573937,3.946724e-05,0.5,0.001077223,0.15897937,0.5,0
99,NODE21_processed_png/c0223.png,0.04077681,0.039204724,0.16433674,0.076040626,0.015070959,0.008433075,0.003332626,0.05290726,0.08596627,0.007701309,0.008254481,0.007416075,0.023114821,3.7107504e-05,0.5,0.002144662,0.4232908,0.5,0
100,NODE21_processed_png/c1463.png,0.02253272,0.05231013,0.18429205,0.11847248,0.045783244,0.013093465,0.005894151,0.048331045,0.090961985,0.018430201,0.015794473,0.011447213,0.024765695,0.000153477,0.5,0.003041226,0.29576162,0.5,0
101,NODE21_processed_png/c1811.png,0.019726235,0.109582946,0.21153812,0.061063737,0.09105705,0.00302012,0.003230077,0.07097434,0.16604562,0.007150615,0.006474409,0.012228113,0.022315845,2.24873e-05,0.5,0.000318173,0.5744561,0.5,0
102,NODE21_processed_png/c3757.png,0.051533453,0.04839097,0.2035337,0.03666472,0.03583424,0.005521939,0.003247687,0.08268106,0.060553133,0.009127108,0.01402709,0.008695081,0.03333509,0.000345664,0.5,0.002248385,0.091389865,0.5,0
103,NODE21_processed_png/c2117.png,0.05628047,0.06993778,0.18080471,0.13157204,0.031355534,0.009556814,0.004315508,0.0737029,0.05532214,0.012407449,0.02581692,0.009813638,0.030716479,0.000394362,0.5,0.002918486,0.08307642,0.5,0
104,NODE21_processed_png/c1002.png,0.07605898,0.052809183,0.1883453,0.05101147,0.01918815,0.013114003,0.004312032,0.081193075,0.044980597,0.018403245,0.0285968,0.006959247,0.032408934,0.000103849,0.5,0.003858421,0.095620185,0.5,0
105,NODE21_processed_png/n0594.png,0.05942548,0.05315624,0.19161953,0.07478432,0.03355371,0.007683922,0.003610842,0.1114165,0.074767634,0.014991714,0.072949044,0.007103583,0.030473668,0.000711986,0.5,0.00649828,0.2004052,0.5,1
106,NODE21_processed_png/c0642.png,0.025924884,0.04957825,0.23279417,0.078255184,0.044300742,0.008017266,0.005640686,0.05570915,0.07171965,0.017262092,0.009491402,0.01101882,0.016885953,0.000102272,0.5,0.00176439,0.17666493,0.5,0
107,NODE21_processed_png/c0134.png,0.0659446,0.042882502,0.23488429,0.023910658,0.034623288,0.007780596,0.002090398,0.05957561,0.11268716,0.00709889,0.031127514,0.006652425,0.024564065,0.00017288,0.5,0.003764494,0.36473614,0.5,0
108,NODE21_processed_png/c0693.png,0.043495543,0.10084024,0.16597946,0.054823235,0.015354796,0.05254209,0.002426551,0.04926411,0.10026873,0.006428829,0.006810181,0.014410292,0.031859968,6.82714e-05,0.5,0.00297533,0.59467983,0.5,0
109,NODE21_processed_png/c1774.png,0.05212649,0.083984815,0.23002397,0.24724971,0.028041814,0.050186563,0.004726392,0.059619494,0.1345435,0.013064669,0.00364902,0.009223864,0.034156464,8.6145265e-05,0.5,0.002424392,0.4583333,0.5,0
110,NODE21_processed_png/c2661.png,0.06405348,0.06834004,0.19133763,0.19070657,0.026620142,0.024828482,0.006771837,0.082048185,0.09868093,0.013178417,0.014016662,0.013483508,0.03356426,0.000251052,0.5,0.007930875,0.29631475,0.5,0
111,NODE21_processed_png/c3786.png,0.07031076,0.038467575,0.18253131,0.049658563,0.007432133,0.015656233,0.003723793,0.040026825,0.05653512,0.00738764,0.002736039,0.008051493,0.05599006,5.5546803e-05,0.5,0.002389493,0.170828,0.5,0
112,NODE21_processed_png/c1315.png,0.030034063,0.042140868,0.19397655,0.077889584,0.027064582,0.022188077,0.005114081,0.028567126,0.054482266,0.006890562,0.005211237,0.00542212,0.031758793,4.8539714e-05,0.5,0.000885433,0.06031974,0.5,0
113,NODE21_processed_png/n0124.png,0.016538966,0.045702197,0.19267334,0.055136368,0.03660553,0.00961191,0.004456586,0.034007307,0.058222283,0.01204778,0.011665725,0.007671454,0.025399327,3.858494e-05,0.5,0.001048939,0.16138415,0.5,1
114,NODE21_processed_png/c0555.png,0.033133473,0.046342894,0.22597636,0.051654004,0.051280953,0.003455708,0.001788696,0.06002746,0.08861463,0.005678088,0.023699237,0.007564012,0.026642315,0.000148567,0.5,0.00075391,0.22369511,0.5,0
115,NODE21_processed_png/c0927.png,0.029557116,0.085161485,0.15906867,0.2491418,0.02061444,0.027670853,0.002866407,0.09430053,0.10351774,0.018803865,0.006937465,0.010608004,0.031587426,5.763527e-05,0.5,0.001093406,0.76033133,0.5,0
116,NODE21_processed_png/c3832.png,0.043360185,0.091554634,0.1533763,0.06923765,0.006646616,0.02219831,0.001842252,0.06569576,0.051668238,0.004630988,0.002488433,0.012119945,0.04313137,1.4648408e-05,0.5,0.001882827,0.16293375,0.5,0
117,NODE21_processed_png/c3440.png,0.070772976,0.03675388,0.1461579,0.07439907,0.007394237,0.02201784,0.0065448,0.046455007,0.039453413,0.01642784,0.015502801,0.010849934,0.04147551,6.9672766e-05,0.5,0.002551168,0.064113624,0.5,0
118,NODE21_processed_png/c2200.png,0.036776584,0.03628707,0.15532382,0.061367463,0.003883717,0.00523966,0.003793507,0.03758876,0.035645798,0.009541034,0.006506652,0.009370424,0.03204387,3.6996695e-05,0.5,0.001561672,0.13874342,0.5,0
119,NODE21_processed_png/c2739.png,0.034190714,0.06724957,0.15478028,0.05348901,0.010235156,0.017839884,0.001098843,0.027700847,0.052655213,0.004279167,0.001683868,0.009037046,0.051081035,2.7856602e-05,0.5,0.002114276,0.19152685,0.5,0
120,NODE21_processed_png/c3179.png,0.01579376,0.09320546,0.22458737,0.06873569,0.0353208,0.011639366,0.00361448,0.0362313,0.0763407,0.007650769,0.002903471,0.00700481,0.025188927,9.686044e-06,0.5,0.000465215,0.14126961,0.5,0
121,NODE21_processed_png/c3518.png,0.033444468,0.035609104,0.12902492,0.03713527,0.004919555,0.009389951,0.001284101,0.043011952,0.017201882,0.006573893,0.015874563,0.006818984,0.027448747,0.000279141,0.5,0.001724602,0.020101847,0.5,0
122,NODE21_processed_png/c2358.png,0.060015894,0.04839622,0.13967255,0.050814416,0.004422037,0.023372188,0.001693297,0.09982819,0.02864326,0.010825213,0.012930081,0.007034806,0.04383423,0.000122964,0.5,0.003735161,0.06971577,0.5,0
123,NODE21_processed_png/c1998.png,0.06990048,0.057208076,0.20635328,0.03389791,0.026431708,0.002467427,0.001328452,0.2032371,0.07714657,0.011809144,0.04854342,0.008475499,0.025434667,9.651669e-05,0.5,0.002901345,0.26340276,0.5,0
124,NODE21_processed_png/c1949.png,0.057384953,0.05479314,0.23574035,0.026188666,0.04660449,0.006415603,0.002036844,0.06453621,0.061814863,0.00862094,0.04233277,0.006385286,0.01781541,0.000187251,0.5,0.002975013,0.07248412,0.5,0
125,NODE21_processed_png/c2389.png,0.033774443,0.056728035,0.20408064,0.065360904,0.040224936,0.007797713,0.001920133,0.056723386,0.0990498,0.00623375,0.019549087,0.008433272,0.02760949,5.915691e-05,0.5,0.000903964,0.24739306,0.5,0
126,NODE21_processed_png/c3344.png,0.048692547,0.05103034,0.18607014,0.10987936,0.017423423,0.014660019,0.007027787,0.079279,0.049501892,0.018288288,0.015607486,0.009853502,0.03195386,0.000137416,0.5,0.004367949,0.07782363,0.5,0
127,NODE21_processed_png/c3891.png,0.06324801,0.05080918,0.19606262,0.043780796,0.042433485,0.011185776,0.004722114,0.082825735,0.0716172,0.013492335,0.028935064,0.009413763,0.046968438,0.000378955,0.5,0.004186936,0.14590979,0.5,0
128,NODE21_processed_png/c2976.png,0.040167835,0.049487874,0.19556987,0.047350485,0.020252101,0.007932701,0.004641753,0.039685976,0.078911565,0.008862372,0.009120557,0.009101813,0.023070158,0.000642271,0.5,0.003959311,0.20484824,0.5,0
129,NODE21_processed_png/c2504.png,0.047543183,0.04147477,0.13828354,0.030989131,0.010482162,0.014778737,0.001056726,0.02506497,0.031448707,0.004113619,0.005583864,0.007935878,0.032748424,8.394023e-05,0.5,0.003753745,0.035039067,0.5,0
130,NODE21_processed_png/c1411.png,0.03599047,0.099436596,0.2536049,0.11787732,0.0605622,0.004499826,0.005898961,0.085901245,0.13470869,0.00936306,0.026911072,0.015443286,0.042077683,0.000311712,0.5,0.00140627,0.57970965,0.5,0
131,NODE21_processed_png/c1863.png,0.042203657,0.05471073,0.20106956,0.034750197,0.00919861,0.006664017,0.002627362,0.041446447,0.11289438,0.013164245,0.009302113,0.005958619,0.042576082,1.8601071e-05,0.5,0.000430559,0.36899137,0.5,0
132,NODE21_processed_png/n1060.png,0.05259521,0.06791666,0.21417302,0.08381134,0.07199768,0.009369252,0.002816398,0.061654415,0.17772494,0.009190719,0.028754463,0.012674424,0.039297663,0.000169271,0.5,0.001969804,0.8478846,0.5,1
133,NODE21_processed_png/c0251.png,0.022270855,0.11855238,0.19914632,0.09448188,0.061736338,0.004798012,0.004933585,0.13700782,0.15648463,0.015538462,0.014313147,0.007246753,0.020865817,2.9234496e-05,0.5,0.000369195,0.5796987,0.5,0
134,NODE21_processed_png/n0187.png,0.040167905,0.04710412,0.18312322,0.10268736,0.024290139,0.027052224,0.007445668,0.0584896,0.06733857,0.011438963,0.011549163,0.011723847,0.027933639,0.000250833,0.5,0.004429795,0.1101106,0.5,1
135,NODE21_processed_png/c0984.png,0.09547645,0.053118896,0.1580376,0.12912543,0.028257487,0.03869207,0.005831904,0.05878887,0.06369956,0.014123803,0.01826064,0.017571658,0.069905534,0.000558279,0.5,0.009494989,0.1749748,0.5,0
136,NODE21_processed_png/c2165.png,0.035460696,0.14667325,0.2655732,0.07496666,0.049168006,0.016301952,0.004431516,0.06674884,0.13604045,0.005921193,0.009464317,0.011878083,0.028982831,2.086151e-05,0.5,0.000890813,0.35160202,0.5,0
137,NODE21_processed_png/c3725.png,0.036740277,0.10279501,0.24307103,0.07070803,0.03988143,0.011011682,0.003557124,0.071507,0.08022242,0.009688877,0.008723438,0.005387391,0.020449605,1.1931249e-05,0.5,0.000502698,0.14123079,0.5,0
138,NODE21_processed_png/c3082.png,0.08196102,0.07391523,0.18784535,0.09727661,0.038701613,0.029834684,0.004613414,0.14057548,0.09702479,0.011809124,0.021429393,0.012810253,0.04748111,5.3033495e-05,0.5,0.002764662,0.33771756,0.5,0
139,NODE21_processed_png/c0630.png,0.05953218,0.0484831,0.14626132,0.031301852,0.009558977,0.01138904,0.005649805,0.04435808,0.025778864,0.009902051,0.008220159,0.011416176,0.035753194,0.000324232,0.5,0.008733902,0.039323896,0.5,0
140,NODE21_processed_png/n0994.png,0.039873384,0.07563689,0.19124417,0.17111231,0.03918914,0.01882566,0.00295525,0.05801147,0.086605854,0.013800261,0.008968253,0.010354036,0.053309932,0.000112501,0.5,0.005584556,0.31279114,0.5,1
141,NODE21_processed_png/c0197.png,0.02253439,0.07165949,0.1658448,0.034719296,0.008971953,0.004497448,0.002655076,0.06733279,0.042310115,0.004928443,0.005260505,0.012217798,0.028060246,1.6560098e-05,0.5,0.001104215,0.23125882,0.5,0
142,NODE21_processed_png/c1070.png,0.031373043,0.061942566,0.1831835,0.03810091,0.025300374,0.003677893,0.001858184,0.047020283,0.12102534,0.005817444,0.018663269,0.004896208,0.02916072,7.508894e-05,0.5,0.001096526,0.40018967,0.5,0
143,NODE21_processed_png/c1706.png,0.046792585,0.033934508,0.13718519,0.03437046,0.012210916,0.00409309,0.001300586,0.07166158,0.042509224,0.013014978,0.014949378,0.00572119,0.0464762,0.000106188,0.5,0.001511189,0.18369101,0.5,0
144,NODE21_processed_png/c0146.png,0.057631824,0.054911405,0.20235237,0.18197906,0.030920023,0.036419816,0.013283673,0.08365984,0.08744919,0.018950958,0.035862733,0.012857241,0.035438266,0.000172643,0.5,0.002549327,0.28503627,0.5,0
145,NODE21_processed_png/n0537.png,0.031638082,0.06609758,0.19040404,0.073417135,0.017140405,0.008023282,0.004335196,0.073788695,0.06612767,0.014891599,0.008146921,0.009360286,0.02152009,6.6219465e-05,0.5,0.002116942,0.42340454,0.5,1
146,NODE21_processed_png/n0945.png,0.039343648,0.041706674,0.23824511,0.08363973,0.046439435,0.047066722,0.008155447,0.047217008,0.06845032,0.009027273,0.013233234,0.008875773,0.02388508,0.000205109,0.5,0.001861064,0.09964333,0.5,1
147,NODE21_processed_png/c3053.png,0.050818715,0.04306549,0.21651517,0.061255448,0.02120779,0.021419413,0.00265259,0.055099588,0.12453498,0.012815798,0.0209033,0.006763966,0.0330383,1.1535353e-05,0.5,0.000911093,0.52627337,0.5,0
148,NODE21_processed_png/c2613.png,0.032473866,0.08514132,0.1999378,0.08531808,0.06366319,0.008765523,0.002881513,0.04131984,0.12563951,0.004926257,0.012869331,0.010054294,0.030012954,2.3315426e-05,0.5,0.00142205,0.36389282,0.5,0
149,NODE21_processed_png/c0280.png,0.05148092,0.046369486,0.15478347,0.09362733,0.009895881,0.0616452,0.008482599,0.058300402,0.034066692,0.015832495,0.007608115,0.014988891,0.049423516,0.000212758,0.5,0.003180395,0.088834494,0.5,0
150,NODE21_processed_png/c0527.png,0.0725988,0.069075465,0.16478083,0.1277038,0.01127304,0.04469507,0.002325511,0.061631028,0.07210942,0.010015605,0.004003163,0.010598847,0.04777426,9.2750175e-05,0.5,0.003779462,0.27210507,0.5,0
151,NODE21_processed_png/c0955.png,0.024905901,0.04962559,0.21140794,0.046020057,0.029692972,0.002725777,0.001886625,0.048736688,0.0850587,0.004817261,0.018295422,0.006674626,0.019323021,1.3279947e-05,0.5,0.000378088,0.37634423,0.5,0
152,NODE21_processed_png/c1367.png,0.08871767,0.02689851,0.11133368,0.06648576,0.002039217,0.023866791,0.002245398,0.049464997,0.013913496,0.018824767,0.010322718,0.010299194,0.06163279,0.0004301,0.5,0.005583397,0.012516356,0.5,0
153,NODE21_processed_png/c2272.png,0.028991476,0.047232933,0.17386624,0.02672219,0.009965356,0.010148849,0.001552208,0.04400437,0.033285473,0.006756972,0.004805997,0.006396918,0.03129145,4.341814e-05,0.5,0.001195598,0.103096254,0.5,0
154,NODE21_processed_png/c3395.png,0.03925222,0.049515203,0.20972961,0.14806193,0.05012123,0.015837608,0.00307492,0.03378221,0.16653575,0.011152904,0.016390327,0.008082815,0.026345812,0.000153669,0.5,0.002050228,0.71016395,0.5,0
155,NODE21_processed_png/c3840.png,0.07417003,0.088746876,0.19239399,0.09153913,0.011703338,0.026422437,0.004393975,0.088752,0.09652793,0.009735388,0.006470622,0.010821309,0.05728646,1.7884788e-05,0.5,0.002913805,0.43063676,0.5,0
156,NODE21_processed_png/c3432.png,0.035838887,0.054362282,0.20338047,0.07218386,0.013253078,0.015086763,0.004367522,0.071522586,0.0439238,0.01571484,0.014634986,0.01047815,0.042322803,4.897618e-05,0.5,0.001342435,0.09135587,0.5,0
157,NODE21_processed_png/c1549.png,0.031021519,0.045376085,0.1419161,0.16521691,0.009672757,0.1362374,0.005250427,0.034052957,0.030147975,0.010282059,0.007715763,0.011416058,0.064265996,5.337765e-05,0.5,0.002436544,0.028223246,0.5,0
158,NODE21_processed_png/n0778.png,0.058998264,0.0796404,0.2146975,0.104410954,0.025734821,0.014164105,0.005715195,0.10473399,0.108638234,0.023517592,0.041957367,0.025639582,0.04270116,0.000348696,0.5,0.003261624,0.47576696,0.5,1
159,NODE21_processed_png/c0309.png,0.060757447,0.14042816,0.2139806,0.08250763,0.0535924,0.008665841,0.004501851,0.15779285,0.15618658,0.009124564,0.011480932,0.011581257,0.029236495,6.875193e-05,0.5,0.0015814,0.48647213,0.5,0
160,NODE21_processed_png/n0319.png,0.040178828,0.06077556,0.27889618,0.07100892,0.10141696,0.003533681,0.001826184,0.09580932,0.1617578,0.007203819,0.023564452,0.007656687,0.02401309,9.2522976e-05,0.5,0.001575118,0.37089798,0.5,1
161,NODE21_processed_png/c0768.png,0.025204428,0.036064822,0.1671496,0.05723344,0.024478592,0.013857927,0.003036791,0.06241547,0.045918915,0.009082605,0.026135908,0.005877479,0.01447254,0.00017728,0.5,0.001486995,0.06632469,0.5,0
162,NODE21_processed_png/c1128.png,0.04360151,0.027385507,0.12788872,0.03422784,0.003750978,0.00889177,0.00295451,0.039860003,0.022671489,0.010876698,0.014906275,0.006791249,0.03741528,0.000100264,0.5,0.00154976,0.050174993,0.5,0
163,NODE21_processed_png/c3338.png,0.02944345,0.13437688,0.25021845,0.2538659,0.061898198,0.011259446,0.009529846,0.06741628,0.15382926,0.012123418,0.001731156,0.016892726,0.03415725,3.8014045e-05,0.5,0.000498734,0.41574326,0.5,0
164,NODE21_processed_png/c2578.png,0.042711064,0.07058259,0.22955154,0.33615202,0.043617904,0.10608715,0.002362823,0.055819083,0.08986492,0.010341776,0.001179067,0.016239673,0.04100418,1.1354468e-05,0.5,0.00240336,0.2881248,0.5,0
165,NODE21_processed_png/c2119.png,0.054132037,0.054214515,0.18658711,0.13542499,0.021457788,0.03275775,0.012812545,0.08675925,0.054330938,0.029749116,0.011322058,0.013518371,0.05021139,0.000110351,0.5,0.003712257,0.11927012,0.5,0
166,NODE21_processed_png/c3759.png,0.020614406,0.1224515,0.23472936,0.038808115,0.04136057,0.003019985,0.001826167,0.09070104,0.19409323,0.007689243,0.017819466,0.005664193,0.017222052,1.1509161e-06,0.5,0.000410786,0.8295433,0.5,0
167,NODE21_processed_png/c3788.png,0.06910757,0.043678455,0.20298928,0.02702123,0.0309418,0.005821818,0.001112324,0.15114117,0.072633006,0.006202824,0.031773224,0.009122517,0.021566395,0.000138249,0.5,0.002288168,0.17366713,0.5,0
168,NODE21_processed_png/n0939.png,0.06677978,0.12601991,0.24525319,0.0844848,0.071515664,0.014011027,0.003175355,0.09966751,0.22272786,0.011845502,0.01157102,0.011617132,0.04957338,0.000189114,0.5,0.003912067,0.7878196,0.5,1
169,NODE21_processed_png/c0929.png,0.053008456,0.040289883,0.14770086,0.11811849,0.007174107,0.065595336,0.007240584,0.040892873,0.030408975,0.013013925,0.008722431,0.008224699,0.037129298,6.971577e-05,0.5,0.001481294,0.026797662,0.5,0
170,NODE21_processed_png/c1622.png,0.022977222,0.05940974,0.19198003,0.040687505,0.026132755,0.016712137,0.002422781,0.04331829,0.057458308,0.005707156,0.008493326,0.009918308,0.023742277,1.152372e-05,0.5,0.001042946,0.23207282,0.5,0
171,NODE21_processed_png/c1185.png,0.024350688,0.08379538,0.25004816,0.038331624,0.07856602,0.002461852,0.003189532,0.049227543,0.16215727,0.006965609,0.00899569,0.008427549,0.023855975,2.6060045e-05,0.5,0.00057144,0.55470836,0.5,0
172,NODE21_processed_png/n0413.png,0.06901047,0.03750759,0.20213442,0.05983032,0.027962292,0.020022333,0.006227434,0.0935001,0.10210561,0.023883017,0.021889545,0.010597236,0.028163344,0.00013926,0.5,0.005483853,0.31936562,0.5,1
173,NODE21_processed_png/c3177.png,0.058214996,0.073889434,0.17256008,0.059227537,0.0283045,0.013030047,0.012704613,0.07691866,0.05843569,0.019244557,0.03728335,0.018090777,0.043090276,0.001708333,0.5,0.003914787,0.08962322,0.5,0
174,NODE21_processed_png/c2737.png,0.023546498,0.06733376,0.24235405,0.11089291,0.0739115,0.018174404,0.010949283,0.055257604,0.15469755,0.012314703,0.013265504,0.01583504,0.031439137,0.000194854,0.5,0.003288623,0.61540186,0.5,0
175,NODE21_processed_png/c2090.png,0.06489543,0.07212384,0.20770152,0.09984224,0.06480229,0.018455878,0.003308452,0.095462486,0.093896605,0.008531758,0.0886326,0.00906064,0.039190598,0.000136105,0.5,0.003175935,0.23124248,0.5,0
176,NODE21_processed_png/c0871.png,0.05054081,0.040249433,0.2093772,0.063808985,0.030861821,0.02714549,0.00469159,0.042673707,0.104174726,0.01139109,0.009118442,0.008830493,0.036194507,2.6401518e-05,0.5,0.002318996,0.25458404,0.5,0
177,NODE21_processed_png/c0403.png,0.060591698,0.041625623,0.15362848,0.12154558,0.014374168,0.044225514,0.001555424,0.050423447,0.06110068,0.011899061,0.018080458,0.008894313,0.029032802,8.978638e-05,0.5,0.003562449,0.24092488,0.5,0
178,NODE21_processed_png/c1243.png,0.042863,0.0833517,0.18781921,0.18633302,0.032038905,0.02385492,0.009209356,0.068881564,0.0950778,0.021846594,0.006542743,0.012574909,0.06743891,1.41466135e-05,0.5,0.001131858,0.27948552,0.5,0
179,NODE21_processed_png/c1996.png,0.045308903,0.043004505,0.1763075,0.039416406,0.014655619,0.00778307,0.001994996,0.052319795,0.060771555,0.007130915,0.01253392,0.007729578,0.023217672,0.000123857,0.5,0.00114456,0.17920265,0.5,0
180,NODE21_processed_png/c2356.png,0.09379335,0.045617957,0.15952581,0.29290992,0.016084217,0.22578378,0.011445895,0.07886267,0.050441388,0.0270333,0.011312551,0.012874858,0.045118988,0.00042456,0.5,0.007619194,0.109365374,0.5,0
181,NODE21_processed_png/c2883.png,0.03325584,0.08608003,0.24244383,0.098236814,0.040029805,0.015494788,0.006201605,0.08853998,0.09828438,0.009241489,0.014035233,0.012360558,0.029691808,0.000188521,0.5,0.001194453,0.3718894,0.5,0
182,NODE21_processed_png/c3516.png,0.054534372,0.056252725,0.17055643,0.09301138,0.016061978,0.019719327,0.003143958,0.060579445,0.06550492,0.005802036,0.011343318,0.011231005,0.046872184,0.000960813,0.5,0.003864704,0.11329793,0.5,0
183,NODE21_processed_png/c3260.png,0.05627139,0.045027867,0.1689822,0.10470427,0.030578328,0.048380822,0.008244182,0.037118185,0.075826995,0.014727836,0.013634925,0.012067887,0.07519906,0.000197361,0.5,0.003502799,0.22758032,0.5,0
184,NODE21_processed_png/c2387.png,0.04104262,0.060554873,0.17542647,0.08699533,0.009454013,0.021212675,0.003408485,0.050307315,0.03915723,0.009736693,0.006988552,0.007605504,0.042910825,9.282224e-06,0.5,0.000966205,0.06101058,0.5,0
185,NODE21_processed_png/c2420.png,0.10005601,0.048749413,0.20591621,0.020653158,0.029575244,0.004299752,0.001262189,0.07007725,0.10292692,0.011729796,0.051505964,0.004893942,0.043595072,0.000404964,0.5,0.003875082,0.395902,0.5,0
186,NODE21_processed_png/c2852.png,0.03361509,0.024896828,0.11150856,0.09486188,0.004336875,0.023266975,0.00296364,0.028222969,0.02045288,0.009133791,0.008001459,0.00914161,0.029103123,0.000145232,0.5,0.002828494,0.05462584,0.5,0
187,NODE21_processed_png/c1292.png,0.017608965,0.05567781,0.14664994,0.100814804,0.00893285,0.012562027,0.002292146,0.028477011,0.04208623,0.010828884,0.001859825,0.009304477,0.040485512,1.0062316e-05,0.5,0.001176001,0.19389905,0.5,0
188,NODE21_processed_png/c1947.png,0.058932383,0.07054535,0.21376044,0.09258049,0.024103027,0.017793572,0.004889777,0.08545182,0.068599336,0.013507891,0.017345011,0.008410582,0.03713952,0.000116465,0.5,0.007634459,0.12488685,0.5,0
189,NODE21_processed_png/c1535.png,0.029335087,0.04415306,0.14563897,0.07629755,0.024872376,0.017096372,0.001371925,0.03274608,0.032453783,0.006711392,0.003891848,0.010429584,0.034884907,0.000133336,0.5,0.002449791,0.048717264,0.5,0
190,NODE21_processed_png/c0375.png,0.026145944,0.06766097,0.17152013,0.08716058,0.034317233,0.007373012,0.00651205,0.04799541,0.054201424,0.011733653,0.008244771,0.008302984,0.027472565,9.1688235e-05,0.5,0.001119334,0.0880544,0.5,0
191,NODE21_processed_png/c2041.png,0.029793061,0.028609697,0.18837053,0.08227292,0.022459188,0.018763456,0.005748148,0.026808359,0.05775666,0.008470366,0.022723118,0.005605422,0.018161865,0.000168225,0.5,0.00108503,0.07287186,0.5,0
192,NODE21_processed_png/c3601.png,0.02429622,0.040007573,0.17718796,0.04908203,0.009255861,0.004754273,0.002239484,0.038314093,0.043283187,0.016022507,0.006461259,0.004538632,0.027061619,2.5276187e-05,0.5,0.000518702,0.06972618,0.5,0
193,NODE21_processed_png/n0365.png,0.034885056,0.068587415,0.21695222,0.04323909,0.050751574,0.003638221,0.000965628,0.06697782,0.12298659,0.006006522,0.0334868,0.012452582,0.021187268,0.000409887,0.5,0.003267088,0.42506444,0.5,1
194,NODE21_processed_png/c0714.png,0.062195558,0.06547232,0.18403399,0.13588463,0.018963616,0.030472172,0.002248705,0.06420487,0.09907403,0.013432582,0.003193072,0.008043581,0.0716118,9.4855295e-06,0.5,0.003227772,0.29327664,0.5,0
195,NODE21_processed_png/c1154.png,0.07141897,0.055107053,0.18369953,0.08566595,0.01880941,0.040307958,0.002470161,0.100089274,0.084888354,0.018274823,0.016531771,0.008227492,0.035072915,6.9664995e-05,0.5,0.006465114,0.26354352,0.5,0
196,NODE21_processed_png/c1818.png,0.036785204,0.058420267,0.1677969,0.0644943,0.01492014,0.010649933,0.003975823,0.044460475,0.05745244,0.004682254,0.004548948,0.008553118,0.032563776,6.45104e-05,0.5,0.001079155,0.27815497,0.5,0
197,NODE21_processed_png/c3498.png,0.030134827,0.08655235,0.21636777,0.10071378,0.04090991,0.015886381,0.007644037,0.050263815,0.073962264,0.015737921,0.006978123,0.01156614,0.05039733,0.000190171,0.5,0.000747024,0.12868406,0.5,0
198,NODE21_processed_png/c2668.png,0.039942846,0.06470427,0.22218552,0.18811241,0.046429627,0.02512994,0.011969412,0.052360177,0.110504255,0.013635633,0.005985195,0.016645582,0.05427672,3.3680397e-05,0.5,0.001349359,0.1176245,0.5,0
199,NODE21_processed_png/c3028.png,0.021330386,0.0375784,0.18663576,0.16090699,0.026486207,0.061555825,0.014780494,0.03106245,0.021445405,0.010029713,0.00498774,0.015168769,0.028095422,0.000361788,0.5,0.000910829,0.010899032,0.5,0
200,NODE21_processed_png/c3449.png,0.069466524,0.058390796,0.15882774,0.11858472,0.00997583,0.033487972,0.007114425,0.061785564,0.04755049,0.02956499,0.006895695,0.01206657,0.040791724,0.000193336,0.5,0.00808275,0.14431503,0.5,0
201,NODE21_processed_png/c2209.png,0.11230561,0.0719553,0.18093841,0.05795427,0.009030439,0.014504168,0.001416231,0.0632834,0.07174438,0.008739933,0.008171922,0.008279831,0.09148648,8.088776e-05,0.5,0.001853111,0.17154746,0.5,0
202,NODE21_processed_png/c0065.png,0.056715816,0.0929658,0.19852237,0.13549191,0.034598604,0.020539043,0.004464027,0.122179195,0.09835273,0.014229295,0.004478568,0.023805529,0.046103563,0.000162548,0.5,0.004264191,0.3085572,0.5,0
203,NODE21_processed_png/n0414.png,0.05380527,0.096143804,0.21168883,0.05908465,0.03471375,0.010887408,0.004608508,0.14433092,0.1287853,0.016714059,0.046518683,0.008706071,0.02655748,5.2036565e-05,0.5,0.00174185,0.5514021,0.5,1
204,NODE21_processed_png/c1182.png,0.091118954,0.06378103,0.19987665,0.1614544,0.036193132,0.055128895,0.003253991,0.059146352,0.106155604,0.00900262,0.007299913,0.008803354,0.051785924,0.000100427,0.5,0.00261254,0.351706,0.5,0
205,NODE21_processed_png/c1625.png,0.047229968,0.07536874,0.15103275,0.038447484,0.009554008,0.011679149,0.00244085,0.0777024,0.03536516,0.010935042,0.004691729,0.014125264,0.04649106,3.185726e-05,0.5,0.002900718,0.11404936,0.5,0
206,NODE21_processed_png/c2097.png,0.033808064,0.030824536,0.15677916,0.033009395,0.005111527,0.006064643,0.003144737,0.012790099,0.035343982,0.010570958,0.003068377,0.00616614,0.04053696,3.0887746e-05,0.5,0.001440669,0.12145696,0.5,0
207,NODE21_processed_png/c2730.png,0.08393879,0.0641303,0.12552942,0.11551622,0.006161439,0.04344819,0.001991896,0.07224235,0.04229569,0.016963415,0.008343516,0.013044362,0.061591502,0.000140251,0.5,0.004705001,0.12735,0.5,0
208,NODE21_processed_png/c3170.png,0.017986866,0.08597214,0.1812521,0.024059784,0.013594287,0.006104925,0.001710405,0.04495035,0.06253771,0.004538676,0.002559431,0.005883561,0.018483086,8.112362e-06,0.5,0.00135388,0.22042087,0.5,0
209,NODE21_processed_png/c1991.png,0.034917604,0.059311856,0.21158348,0.049863644,0.022781339,0.012662544,0.002156486,0.08705599,0.11704716,0.010706978,0.03090365,0.006856543,0.021623697,2.8903478e-05,0.5,0.001252751,0.59610176,0.5,0
210,NODE21_processed_png/c1244.png,0.048369113,0.01445799,0.15235049,0.018258916,0.007360894,0.006694641,0.001343687,0.028617583,0.031546295,0.004723183,0.007634107,0.003765146,0.018763319,0.000107728,0.5,0.000910141,0.03312823,0.5,0
211,NODE21_processed_png/c0404.png,0.056927945,0.060020726,0.19266461,0.09087078,0.022985615,0.011187748,0.005550805,0.07124734,0.09885211,0.0146307,0.009579408,0.009684972,0.039090037,3.6417165e-05,0.5,0.002302713,0.4264716,0.5,0
212,NODE21_processed_png/c0876.png,0.07610478,0.06700184,0.20223999,0.09670952,0.031485297,0.03428438,0.002999278,0.10984739,0.10664905,0.010502592,0.02123617,0.010053146,0.031485632,0.000227929,0.5,0.005166079,0.6257191,0.5,0
213,NODE21_processed_png/c3511.png,0.025596885,0.09333941,0.1804879,0.055212803,0.02312943,0.003213718,0.004956503,0.039416626,0.14856449,0.009410319,0.010829083,0.008768693,0.022329714,2.0060515e-05,0.5,0.000510014,0.628119,0.5,0
214,NODE21_processed_png/c2884.png,0.024343908,0.051423695,0.15408781,0.05280999,0.00683338,0.01206809,0.003303603,0.027084813,0.033328854,0.008037479,0.005413996,0.00644538,0.03327775,5.921002e-05,0.5,0.001958992,0.07514844,0.5,0
215,NODE21_processed_png/c2351.png,0.031204838,0.078039035,0.16630328,0.06438163,0.026251469,0.010246601,0.002677953,0.037701037,0.10112781,0.008336154,0.014753406,0.012282795,0.027156701,2.1899128e-05,0.5,0.001805016,0.6958846,0.5,0
216,NODE21_processed_png/c2427.png,0.08968063,0.043680754,0.1199228,0.036703207,0.005205334,0.010299699,0.001911801,0.07680352,0.024057854,0.020562654,0.01677419,0.007272068,0.04485557,0.000439436,0.5,0.005483317,0.028306201,0.5,0
217,NODE21_processed_png/c2380.png,0.07645128,0.08213525,0.2618876,0.09630525,0.051139206,0.014591017,0.003987729,0.110424034,0.07543176,0.023324043,0.017498806,0.015926408,0.089259,0.000328853,0.5,0.00639422,0.05226897,0.5,0
218,NODE21_processed_png/c3267.png,0.014497395,0.087147295,0.2127233,0.13315672,0.06504391,0.011412402,0.00585602,0.058587525,0.091726445,0.00947904,0.009454578,0.014648341,0.021407355,3.8377344e-05,0.5,0.00027835,0.24930704,0.5,0
219,NODE21_processed_png/n0703.png,0.037954092,0.056224696,0.21266374,0.042446386,0.039310295,0.005835307,0.004103321,0.059419375,0.097925365,0.011320652,0.022330489,0.010932034,0.04429271,3.434915e-05,0.5,0.001260751,0.20482852,0.5,1
220,NODE21_processed_png/c0372.png,0.029405573,0.05768945,0.20259552,0.09692107,0.021240065,0.010712612,0.003235049,0.041102212,0.06335602,0.009921167,0.002214334,0.006717906,0.038323916,4.9096266e-06,0.5,0.00080468,0.10142676,0.5,0
221,NODE21_processed_png/c1532.png,0.05377189,0.049521055,0.23045458,0.045800157,0.042263225,0.007367912,0.003151093,0.060981747,0.07900949,0.00525886,0.012477162,0.008255977,0.017249323,0.000205557,0.5,0.002504879,0.088171594,0.5,0
222,NODE21_processed_png/c1940.png,0.031814355,0.04816454,0.18283696,0.13272934,0.02972154,0.008852174,0.002827347,0.05420609,0.111267604,0.011585156,0.035282537,0.007743999,0.023066,0.000235189,0.5,0.001787931,0.36235487,0.5,0
223,NODE21_processed_png/c1295.png,0.047723483,0.09885271,0.18552944,0.06086753,0.03767411,0.007068231,0.00294725,0.10606057,0.13268994,0.006812216,0.012294616,0.012553044,0.019906925,0.000136632,0.5,0.001837814,0.5075814,0.5,0
224,NODE21_processed_png/c3606.png,0.03893424,0.0518663,0.16958278,0.11809692,0.017116701,0.022757033,0.002844117,0.07695921,0.064989686,0.011847824,0.011376329,0.00625832,0.029817685,1.35587825e-05,0.5,0.001172491,0.1290272,0.5,0
225,NODE21_processed_png/c2046.png,0.040580206,0.06269641,0.20203814,0.04519626,0.06210058,0.00417906,0.001877904,0.1165667,0.092898756,0.00948603,0.025705762,0.023485942,0.055650655,0.000247671,0.5,0.002654349,0.15790668,0.5,0
226,NODE21_processed_png/c1153.png,0.04057952,0.08296288,0.19218338,0.06632471,0.021941012,0.015132412,0.005457519,0.09498743,0.07476898,0.00988837,0.003750019,0.013475616,0.026844071,1.1458286e-05,0.5,0.002491343,0.61251336,0.5,0
227,NODE21_processed_png/c0713.png,0.07280405,0.064236976,0.14748013,0.081075884,0.01551982,0.018691242,0.004468144,0.080141455,0.038784083,0.009477721,0.03990512,0.010527745,0.022542812,0.000389127,0.5,0.006415537,0.1328808,0.5,0
228,NODE21_processed_png/c2503.png,0.03359778,0.04240602,0.17161728,0.044245295,0.015435823,0.005292738,0.002978174,0.041279234,0.046566706,0.008110359,0.006456103,0.004254761,0.03776629,7.219986e-05,0.5,0.001436961,0.10566393,0.5,0
229,NODE21_processed_png/c2971.png,0.031774823,0.0482568,0.16059388,0.13318302,0.014333635,0.03633215,0.002029893,0.035489026,0.030616678,0.008321915,0.003525839,0.015625075,0.037446633,1.791191e-05,0.5,0.007310973,0.026250195,0.5,0
230,NODE21_processed_png/c3896.png,0.03186626,0.05725938,0.22964151,0.08593962,0.06163693,0.004355397,0.004428101,0.09964911,0.11841423,0.011219783,0.027602388,0.007504396,0.030598044,0.0001461,0.5,0.002246105,0.22587237,0.5,0
231,NODE21_processed_png/c3343.png,0.084215306,0.03562532,0.13244776,0.13381377,0.006914697,0.05975707,0.001933001,0.035204478,0.05563721,0.007422337,0.004539766,0.008293622,0.043546274,7.306724e-05,0.5,0.004127968,0.12381247,0.5,0
232,NODE21_processed_png/c0983.png,0.029250631,0.07871763,0.19393468,0.11964409,0.028177476,0.009649633,0.004462376,0.075419046,0.057336096,0.010104521,0.005997271,0.013267562,0.029250326,3.9366612e-05,0.5,0.000801464,0.1806567,0.5,0
233,NODE21_processed_png/c0256.png,0.03169641,0.04879146,0.23823528,0.043080617,0.049044657,0.007716441,0.00252268,0.06969873,0.10269131,0.00828557,0.012477275,0.00672034,0.024819506,5.20448e-05,0.5,0.000961226,0.26128966,0.5,0
234,NODE21_processed_png/c1864.png,0.037320253,0.07725838,0.1672384,0.17685856,0.02834619,0.015047493,0.002475534,0.054128807,0.071195304,0.00897249,0.012416969,0.006120971,0.022463107,0.000285783,0.5,0.001927971,0.14396149,0.5,0
235,NODE21_processed_png/c1416.png,0.011047162,0.10774037,0.15172009,0.083747886,0.037438557,0.005904881,0.003111488,0.05899661,0.10395649,0.009289888,0.003818528,0.026094578,0.037030403,1.0030278e-05,0.5,0.000884365,0.65231335,0.5,0
236,NODE21_processed_png/c3085.png,0.045120377,0.07180313,0.23009235,0.0659772,0.045367356,0.004703256,0.003050723,0.07374309,0.08603285,0.005106333,0.007646477,0.008347184,0.019340998,6.919359e-05,0.5,0.000671326,0.28559253,0.5,0
237,NODE21_processed_png/c3722.png,0.08160712,0.05858208,0.16122882,0.1252796,0.006416717,0.03420573,0.001929142,0.06616269,0.06125855,0.009558995,0.004795706,0.007645077,0.04657236,0.000658755,0.5,0.003160176,0.18163978,0.5,0
238,NODE21_processed_png/c2162.png,0.04111241,0.025159394,0.12900022,0.02942291,0.01381335,0.014074534,0.001481853,0.062438946,0.025913956,0.011991669,0.048375178,0.006807944,0.03431709,0.000250402,0.5,0.005947626,0.029886661,0.5,0
239,NODE21_processed_png/c1077.png,0.018767253,0.03359385,0.17988749,0.1199849,0.05536286,0.011432547,0.007541532,0.04491446,0.065464474,0.011332899,0.021491101,0.008896124,0.029192789,5.8464237e-05,0.5,0.00110905,0.06893273,0.5,0
240,NODE21_processed_png/c0190.png,0.020732608,0.09692437,0.1395293,0.15599075,0.035963017,0.003440408,0.004249508,0.06980372,0.08819824,0.012155085,0.013062318,0.017162276,0.021798268,2.7644915e-05,0.5,0.000803074,0.48434433,0.5,0
241,NODE21_processed_png/c0637.png,0.041903123,0.06363936,0.1727316,0.12613958,0.016231827,0.051779468,0.005203684,0.04053231,0.09427303,0.013004988,0.006526758,0.011534192,0.05728508,7.189461e-05,0.5,0.002567711,0.50511014,0.5,0
242,NODE21_processed_png/c0141.png,0.02004283,0.09495402,0.27354655,0.043719877,0.033659402,0.004164976,0.003287565,0.022724327,0.11838506,0.006124457,0.004859699,0.005378468,0.024647573,1.3447446e-05,0.5,0.000598016,0.14756583,0.5,0
243,NODE21_processed_png/n0942.png,0.03882243,0.06387078,0.2030002,0.10698646,0.032368835,0.026776994,0.019706363,0.040893808,0.06480501,0.021512235,0.003537143,0.020286724,0.054627288,0.000204735,0.5,0.001617665,0.08101844,0.5,1
244,NODE21_processed_png/c1701.png,0.05043631,0.053983644,0.1516392,0.09834796,0.020524101,0.024005532,0.001913758,0.07972866,0.055053852,0.017335635,0.010206049,0.010956044,0.053439207,0.000114053,0.5,0.005382136,0.21761735,0.5,0
245,NODE21_processed_png/c2614.png,0.059189186,0.048092157,0.16386974,0.11208963,0.013174667,0.08434532,0.00487114,0.027458789,0.041312207,0.00686108,0.002606271,0.011602974,0.04347757,0.000103152,0.5,0.003256925,0.05883617,0.5,0
246,NODE21_processed_png/c3054.png,0.040303454,0.041353807,0.17266205,0.11564981,0.013310222,0.01792055,0.013577866,0.038305484,0.034580678,0.021966962,0.004871977,0.011326506,0.046291616,0.000141679,0.5,0.001595701,0.042130187,0.5,0
247,NODE21_processed_png/c1360.png,0.054049086,0.04188083,0.13198042,0.16658512,0.007176906,0.05756123,0.004996263,0.038899947,0.035184383,0.008651498,0.003978367,0.007235097,0.030591527,0.000145321,0.5,0.001724702,0.05120533,0.5,0
248,NODE21_processed_png/c0952.png,0.02600539,0.04329331,0.23856382,0.036743227,0.031593755,0.006657153,0.001337494,0.02559314,0.060791336,0.004756392,0.002633891,0.00602442,0.022890419,4.771445e-05,0.5,0.000910094,0.028354233,0.5,0
249,NODE21_processed_png/c0520.png,0.03341895,0.07878863,0.20802467,0.090219416,0.044590462,0.016405523,0.00564195,0.039756,0.12600297,0.006291593,0.013853332,0.008724177,0.02335411,6.121113e-05,0.5,0.001303392,0.43261555,0.5,0
250,NODE21_processed_png/c0287.png,0.025875589,0.0822745,0.20852925,0.14363857,0.021841986,0.019350948,0.00339338,0.04682482,0.15108256,0.009941457,0.002390186,0.008294407,0.040975064,1.9963434e-05,0.5,0.002385164,0.6853638,0.5,0
251,NODE21_processed_png/c3435.png,0.017243113,0.04505144,0.13595505,0.25615492,0.014413361,0.023859518,0.005504529,0.025909906,0.061780684,0.016269242,0.014318252,0.007270789,0.022248339,1.7329217e-05,0.5,0.000467693,0.18812315,0.5,0
252,NODE21_processed_png/c3847.png,0.0192853,0.09077926,0.16167858,0.04662577,0.028250588,0.006121412,0.003012308,0.019427389,0.09145914,0.005844384,0.011787403,0.012901421,0.013868108,4.6765028e-05,0.5,0.000500454,0.535268,0.5,0
253,NODE21_processed_png/c3392.png,0.024247259,0.05253802,0.19776021,0.054183993,0.022913786,0.013142925,0.001719173,0.02850735,0.053628195,0.004312547,0.010614808,0.007552104,0.024814982,0.000133597,0.5,0.000900292,0.14246733,0.5,0
254,NODE21_processed_png/c2275.png,0.035611186,0.09427925,0.22229752,0.10308114,0.03465149,0.021560129,0.008924207,0.09306527,0.0712884,0.015918802,0.005057588,0.011712142,0.058127325,8.0875885e-05,0.5,0.000935553,0.11440045,0.5,0
255,NODE21_processed_png/c0019.png,0.035434525,0.038506478,0.16401628,0.019054435,0.017109595,0.004729269,0.002123329,0.053755395,0.036394157,0.010143606,0.00702514,0.008152565,0.033019908,0.00016334,0.5,0.003862689,0.06972168,0.5,0
256,NODE21_processed_png/c1659.png,0.037728637,0.07045397,0.19176164,0.029572772,0.026901996,0.006817568,0.002659318,0.054708984,0.05939807,0.005329636,0.016929643,0.007394431,0.02930686,2.639626e-05,0.5,0.001170679,0.22669098,0.5,0
257,NODE21_processed_png/c1238.png,0.037002023,0.034745734,0.15582918,0.031464487,0.00314734,0.006403675,0.00286263,0.044539753,0.03286737,0.010704448,0.007714179,0.003926836,0.024668831,1.2544659e-05,0.5,0.000552718,0.051899143,0.5,0
258,NODE21_processed_png/c0478.png,0.055956867,0.026642319,0.124029696,0.038676254,0.00639151,0.014381101,0.004714751,0.04004774,0.029670041,0.014365271,0.025012163,0.008718045,0.033845622,0.000225348,0.5,0.002620008,0.058514524,0.5,0
259,NODE21_processed_png/c2829.png,0.046696547,0.065752156,0.14670366,0.09476359,0.004889602,0.009647367,0.001855497,0.062311504,0.05884313,0.008460993,0.007396954,0.006801164,0.029316517,8.722358e-06,0.5,0.001424115,0.08225401,0.5,0
260,NODE21_processed_png/c1688.png,0.050728656,0.044444155,0.16885574,0.06687623,0.012783667,0.014030539,0.006564618,0.029389706,0.063011274,0.006101254,0.013185923,0.006423272,0.029093845,0.000116479,0.5,0.002522863,0.08639182,0.5,0
261,NODE21_processed_png/c1329.png,0.025497822,0.081233956,0.19523789,0.05241799,0.059829,0.002907968,0.003439349,0.059005544,0.12868369,0.015913606,0.009984204,0.008216008,0.029442837,4.958136e-05,0.5,0.000783675,0.45922273,0.5,0
262,NODE21_processed_png/n0118.png,0.012855622,0.095515184,0.21118958,0.051196784,0.08842221,0.008060059,0.002452413,0.03990259,0.23686872,0.007786269,0.004460164,0.038123447,0.10522551,0.000176025,0.5,0.001758433,0.94224036,0.5,1
263,NODE21_processed_png/c0569.png,0.017119955,0.10649661,0.22868732,0.0411778,0.025837064,0.009575716,0.003192419,0.030625748,0.09589993,0.004459275,0.003932867,0.006294712,0.02583624,4.9174805e-06,0.5,0.000495131,0.18136439,0.5,0
264,NODE21_processed_png/n0579.png,0.05072878,0.09298967,0.21204656,0.119285986,0.013775495,0.024931097,0.004397519,0.08611233,0.08829436,0.015360658,0.0100541,0.006944817,0.03036958,3.3827502e-05,0.5,0.002071228,0.21632114,0.5,1
265,NODE21_processed_png/c0108.png,0.06375175,0.038709678,0.14771388,0.079042725,0.013203581,0.031666707,0.008868619,0.044148616,0.04932335,0.016551036,0.014869559,0.00803852,0.03690375,0.000301217,0.5,0.002591376,0.115084164,0.5,0
266,NODE21_processed_png/c1748.png,0.05678887,0.04037449,0.16935174,0.09513871,0.029226795,0.015963402,0.012489054,0.0477699,0.06028059,0.012621623,0.022587104,0.017348394,0.04170546,0.000827226,0.5,0.006146415,0.0809875,0.5,0
267,NODE21_processed_png/c1799.png,0.011277464,0.09375348,0.22839339,0.0394589,0.058572166,0.004871446,0.002684078,0.028059438,0.116349876,0.004402841,0.0031184,0.009584812,0.018754201,1.1495619e-05,0.5,0.000306237,0.14687899,0.5,0
268,NODE21_processed_png/c2938.png,0.028896945,0.04526018,0.18437211,0.09661925,0.015623755,0.05613496,0.00304885,0.028622733,0.035890922,0.006897975,0.002775341,0.008197079,0.040466573,0.000372566,0.5,0.004158299,0.020302014,0.5,0
269,NODE21_processed_png/c3194.png,0.024729628,0.046861846,0.19130912,0.05088904,0.032838803,0.004416368,0.002810985,0.032867968,0.082532845,0.007964624,0.008164262,0.011300653,0.053304285,0.000204849,0.5,0.001812252,0.2677107,0.5,0
270,NODE21_processed_png/c3633.png,0.034970935,0.07508617,0.16988318,0.06152745,0.011204963,0.008020612,0.002939699,0.056298085,0.056660563,0.008474432,0.009514276,0.009188757,0.042429198,1.6096117e-05,0.5,0.001666994,0.31790712,0.5,0
271,NODE21_processed_png/c2073.png,0.023853403,0.08517862,0.2753192,0.090939045,0.14586923,0.003384632,0.004214801,0.12173914,0.21676123,0.01070149,0.03608227,0.014981018,0.02211652,6.1063634e-05,0.5,0.000558024,0.6051769,0.5,0
272,NODE21_processed_png/c1166.png,0.02510457,0.06464784,0.17757069,0.075595245,0.02136502,0.011387124,0.002859554,0.035700593,0.0938928,0.004804687,0.004449567,0.00999205,0.02370902,1.9604666e-05,0.5,0.002046766,0.3364601,0.5,0
273,NODE21_processed_png/c0081.png,0.040251452,0.05621074,0.15443385,0.13783798,0.023130566,0.019898813,0.009011571,0.06699575,0.059913497,0.014924549,0.030230885,0.010897125,0.020475654,0.000100524,0.5,0.0012671,0.1665283,0.5,0
274,NODE21_processed_png/n0882.png,0.058505923,0.045010813,0.1789694,0.10300596,0.033331063,0.023066169,0.003880138,0.033007205,0.039917964,0.005969747,0.003074199,0.011311114,0.05299069,0.000816484,0.5,0.005428088,0.030292494,0.5,1
275,NODE21_processed_png/c0726.png,0.046007276,0.060917765,0.23977263,0.116161235,0.058129866,0.021769263,0.010300544,0.09091477,0.09344708,0.018305818,0.006664234,0.012684473,0.03857776,0.00012155,0.5,0.00242687,0.1985036,0.5,0
276,NODE21_processed_png/c2860.png,0.03318159,0.049062558,0.16769987,0.14176072,0.014219499,0.03320969,0.002757836,0.025589183,0.06935974,0.006394357,0.001720476,0.006030767,0.037124287,1.609449e-05,0.5,0.001735257,0.19415627,0.5,0
277,NODE21_processed_png/c2412.png,0.04797219,0.039292976,0.14266503,0.1490978,0.026152873,0.024657851,0.001533904,0.07338072,0.06573667,0.011619698,0.03484836,0.00702737,0.032462757,9.198888e-05,0.5,0.000834569,0.16454965,0.5,0
278,NODE21_processed_png/c3252.png,0.03561539,0.058228854,0.14738028,0.14044252,0.006899406,0.032414734,0.002414943,0.044799823,0.038626228,0.017413564,0.008324692,0.005896252,0.04829652,8.166575e-06,0.5,0.000794282,0.09842209,0.5,0
279,NODE21_processed_png/n0091.png,0.035163827,0.096523605,0.29895407,0.0822858,0.02884405,0.016973378,0.00200252,0.07138272,0.13642268,0.007244421,0.005630474,0.006283628,0.031669326,1.2073097e-05,0.5,0.00078361,0.35327816,0.5,1
280,NODE21_processed_png/c0347.png,0.05638833,0.062180728,0.2173936,0.14929587,0.041420642,0.020397233,0.006969968,0.06740851,0.15329683,0.018156772,0.01364698,0.014653778,0.07537905,7.422452e-05,0.5,0.005053383,0.5216439,0.5,0
281,NODE21_processed_png/c1507.png,0.05075489,0.09933041,0.20355591,0.08975232,0.026595779,0.008995769,0.005687239,0.08208256,0.07510322,0.007519393,0.021529742,0.00828025,0.014958777,0.000106511,0.5,0.00128538,0.34480006,0.5,0
282,NODE21_processed_png/c1975.png,0.10486016,0.06940427,0.16826071,0.12730417,0.01387444,0.025719356,0.001823752,0.20187816,0.06740696,0.018445048,0.009528413,0.007644579,0.05046511,0.000120255,0.5,0.010722577,0.20435987,0.5,0
283,NODE21_processed_png/c1271.png,0.0245637,0.09120817,0.22147278,0.13703865,0.033944238,0.01385987,0.005237277,0.06104146,0.12408596,0.011815205,0.007125828,0.007588668,0.018137269,8.267466e-05,0.5,0.000714506,0.353815,0.5,0
284,NODE21_processed_png/c0431.png,0.04917299,0.07426085,0.20481026,0.109110184,0.026783053,0.010661343,0.002239074,0.09031394,0.13365239,0.011130521,0.012186848,0.0092968,0.025422888,4.4526125e-05,0.5,0.003354957,0.50836027,0.5,0
285,NODE21_processed_png/c0843.png,0.043975923,0.057646252,0.18191062,0.14787729,0.020015696,0.054025624,0.005609298,0.042546604,0.06694748,0.011149949,0.008079606,0.007557123,0.037133265,0.000199046,0.5,0.0054647,0.1211691,0.5,0
286,NODE21_processed_png/c0396.png,0.049640454,0.06875201,0.19517522,0.11782658,0.055432297,0.016462551,0.005436338,0.070478216,0.09430766,0.012191203,0.018819943,0.006731313,0.038484603,7.508593e-05,0.5,0.001171953,0.22203974,0.5,0
287,NODE21_processed_png/c3524.png,0.03501682,0.063235946,0.22487013,0.073599234,0.048756003,0.004742785,0.002483944,0.07571238,0.11497116,0.006832284,0.020767586,0.007625888,0.016542954,0.00011478,0.5,0.000992832,0.39298892,0.5,0
288,NODE21_processed_png/c3283.png,0.029582202,0.058694106,0.23904428,0.051292352,0.07450334,0.005009918,0.003052957,0.040838048,0.13074175,0.010194632,0.006303137,0.008701868,0.028521549,3.6642694e-05,0.5,0.000736168,0.2834687,0.5,0
289,NODE21_processed_png/c2364.png,0.056266878,0.033632636,0.12835473,0.05486734,0.007338592,0.006649855,0.001506334,0.036561422,0.0514681,0.006711042,0.005390413,0.007170638,0.042259447,5.57693e-05,0.5,0.00304139,0.17367688,0.5,0
290,NODE21_processed_png/n0421.png,0.03560453,0.05803557,0.23671763,0.04005704,0.030463971,0.003194396,0.002231655,0.07630485,0.095456444,0.006366768,0.013408046,0.007684025,0.028909016,6.310151e-05,0.5,0.001952815,0.13753822,0.5,1
291,NODE21_processed_png/c0050.png,0.057038605,0.04680884,0.15190443,0.1021102,0.016347924,0.07174903,0.003074861,0.032862563,0.040814795,0.006460576,0.002189026,0.009129691,0.06571418,6.470842e-05,0.5,0.002413957,0.15550317,0.5,0
292,NODE21_processed_png/c1610.png,0.037086662,0.09351245,0.18598048,0.051361818,0.019319706,0.011884702,0.003812958,0.075107574,0.1545711,0.013191752,0.025080899,0.006428679,0.030883763,7.9779375e-06,0.5,0.000528385,0.7151301,0.5,0
293,NODE21_processed_png/c2705.png,0.02407763,0.056032214,0.1706801,0.09966633,0.0246142,0.016529184,0.008267093,0.015314639,0.071757875,0.009559344,0.004377988,0.01184052,0.029203245,2.5064737e-05,0.5,0.001723714,0.2936213,0.5,0
294,NODE21_processed_png/c3145.png,0.018468281,0.04636662,0.122539304,0.06297652,0.007635638,0.005279084,0.003667372,0.029632008,0.028868675,0.006605704,0.009780812,0.003357543,0.013073395,2.2040762e-05,0.5,0.000800499,0.05762692,0.5,0
295,NODE21_processed_png/c1880.png,0.02876831,0.03979325,0.1503991,0.11442787,0.029223964,0.02883256,0.002325739,0.023021804,0.05716304,0.006788421,0.006598783,0.009774126,0.030982297,4.6399433e-05,0.5,0.002769667,0.14134172,0.5,0
296,NODE21_processed_png/c1355.png,0.049389053,0.0689114,0.1916586,0.06386229,0.045746237,0.007783681,0.003948813,0.04657681,0.11854644,0.006745218,0.013102584,0.006768048,0.028564097,2.3295333e-05,0.5,0.0008203,0.3929825,0.5,0
297,NODE21_processed_png/c0967.png,0.043228913,0.046355993,0.20071028,0.03006132,0.031199515,0.010285643,0.002703903,0.05355459,0.08868653,0.009822662,0.018964706,0.007987338,0.030962955,8.4352745e-05,0.5,0.001069809,0.31788018,0.5,0
298,NODE21_processed_png/c0515.png,0.11419887,0.052944154,0.1355523,0.08546705,0.00746277,0.022749279,0.003848809,0.078988336,0.030149605,0.01584793,0.007299699,0.010632905,0.059664983,9.102762e-05,0.5,0.005135548,0.07797574,0.5,0
299,NODE21_processed_png/c3400.png,0.043994963,0.076689325,0.18721317,0.05985819,0.015435115,0.011247646,0.004184584,0.08055157,0.06355678,0.011507341,0.007963714,0.008590011,0.031854957,2.4176927e-05,0.5,0.001522133,0.30833426,0.5,0
300,NODE21_processed_png/c2995.png,0.028679358,0.04540115,0.18233694,0.09783249,0.029561121,0.05813912,0.003358205,0.031441867,0.071845725,0.009268126,0.004352597,0.011066644,0.04748663,9.5686075e-05,0.5,0.00190895,0.19938353,0.5,0
301,NODE21_processed_png/c2240.png,0.059031304,0.051385663,0.15783702,0.039563455,0.009049887,0.011671975,0.005853126,0.0342107,0.0589233,0.012004956,0.015161462,0.011241864,0.060605183,7.872962e-05,0.5,0.002832908,0.23991542,0.5,0
302,NODE21_processed_png/n0977.png,0.023486562,0.10929712,0.27469778,0.04819499,0.08101008,0.002318699,0.002708641,0.061531,0.17084283,0.005972147,0.015476359,0.009787581,0.010829234,3.5975747e-05,0.5,0.000261336,0.5445132,0.5,1
303,NODE21_processed_png/c0174.png,0.03847007,0.061380133,0.18633705,0.0569369,0.032079823,0.006933573,0.002954063,0.03476888,0.17281139,0.005401149,0.038281437,0.006945856,0.015964074,4.718778e-05,0.5,0.00117029,0.7278594,0.5,0
304,NODE21_processed_png/c1093.png,0.052356757,0.062330496,0.17504843,0.12437361,0.019525485,0.013020975,0.003385533,0.056796003,0.07060098,0.009710017,0.008592818,0.007482083,0.028081317,0.000130576,0.5,0.001724426,0.2962834,0.5,0
305,NODE21_processed_png/c1734.png,0.026106756,0.047655016,0.16187365,0.10345604,0.026102956,0.010173652,0.003571432,0.043486778,0.05167997,0.011083016,0.015035292,0.010669215,0.030640673,0.000152634,0.5,0.001734293,0.10246413,0.5,0
306,NODE21_processed_png/c2186.png,0.04077946,0.052821618,0.16250432,0.10090568,0.015360737,0.027928486,0.003576375,0.051825564,0.070401266,0.013263995,0.005884844,0.007412054,0.044278346,0.000126006,0.5,0.002089351,0.24102199,0.5,0
307,NODE21_processed_png/c2621.png,0.0380503,0.07032819,0.24001656,0.08566501,0.053415224,0.014250447,0.013788237,0.079614766,0.10848325,0.008927347,0.014724897,0.03012844,0.038430408,0.00051372,0.5,0.00296,0.18446906,0.5,0
308,NODE21_processed_png/c3061.png,0.113298506,0.059623618,0.19188426,0.036047053,0.02380014,0.022584153,0.000608598,0.065802276,0.099168465,0.006156337,0.012120849,0.01234632,0.052803308,0.00012188,0.5,0.008707034,0.5325043,0.5,0
309,NODE21_processed_png/c3717.png,0.06086115,0.04433518,0.18471612,0.057394862,0.027182339,0.015400796,0.000620713,0.1011215,0.07791017,0.008832878,0.01788855,0.004739173,0.032647908,3.2916225e-05,0.5,0.001430811,0.13848415,0.5,0
310,NODE21_processed_png/c2157.png,0.039807927,0.053415034,0.1582033,0.17113425,0.013278523,0.037752595,0.003403886,0.04550594,0.06295039,0.016283674,0.010913936,0.010236387,0.042228293,0.000178961,0.5,0.003190629,0.27180892,0.5,0
311,NODE21_processed_png/c1042.png,0.059698652,0.062069673,0.23771916,0.048426084,0.0475996,0.01092279,0.00237304,0.058329295,0.121358216,0.008274957,0.007933039,0.007640207,0.03345695,9.9520534e-05,0.5,0.001809646,0.2274042,0.5,0
312,NODE21_processed_png/c0602.png,0.026974747,0.050894033,0.18197237,0.08829596,0.022353917,0.006953442,0.006925561,0.02440228,0.07312699,0.012763009,0.006212699,0.010046421,0.031957492,3.1068335e-05,0.5,0.000852205,0.17259198,0.5,0
313,NODE21_processed_png/c2536.png,0.04949208,0.036606945,0.17338978,0.04236518,0.01092652,0.008766799,0.001160371,0.058174945,0.05667764,0.0122996,0.011303628,0.006017609,0.034995858,4.1218496e-05,0.5,0.001299126,0.16151564,0.5,0
314,NODE21_processed_png/c2944.png,0.018366301,0.122566216,0.30694917,0.020288795,0.07300536,0.002739444,0.002297515,0.051843572,0.2157392,0.003498779,0.015039516,0.005057609,0.009734885,9.650997e-06,0.5,0.000192878,0.6949853,0.5,0
315,NODE21_processed_png/c2291.png,0.062757924,0.04349314,0.18291643,0.031731177,0.027542336,0.002704849,0.001752667,0.122420125,0.077571556,0.010650454,0.027943678,0.008335172,0.038025044,0.000260145,0.5,0.003804032,0.15943971,0.5,0
316,NODE21_processed_png/c3376.png,0.034210414,0.053269994,0.2012473,0.25396138,0.022367373,0.20680952,0.004971604,0.0397979,0.074386865,0.012219028,0.003250528,0.020688657,0.05327235,4.7285666e-05,0.5,0.002389505,0.111668356,0.5,0
317,NODE21_processed_png/c0263.png,0.033935625,0.085029416,0.14906748,0.041583933,0.013562094,0.006104882,0.002890291,0.08644098,0.05550402,0.007619106,0.001675447,0.010637815,0.036554288,1.1038252e-05,0.5,0.001682356,0.28195316,0.5,0
318,NODE21_processed_png/n0612.png,0.07567604,0.047769155,0.19277494,0.052452903,0.031253286,0.011532125,0.008859651,0.07860392,0.05736635,0.012605846,0.013227664,0.020441784,0.03959199,0.000358342,0.5,0.007448675,0.0999371,0.5,1
319,NODE21_processed_png/c1851.png,0.025868889,0.03363439,0.14763972,0.03406809,0.006434796,0.007893685,0.002560724,0.024286764,0.038267303,0.005415031,0.010556703,0.005321615,0.016097942,7.499476e-05,0.5,0.001303533,0.065263435,0.5,0
320,NODE21_processed_png/c1423.png,0.068918705,0.06649451,0.18363397,0.06501141,0.014249485,0.01332868,0.003362331,0.08738172,0.06637036,0.014196697,0.010984449,0.004122997,0.033900358,2.6971105e-05,0.5,0.000963028,0.12151698,0.5,0
321,NODE21_processed_png/c1384.png,0.02936348,0.06832122,0.15792945,0.042978995,0.017462859,0.005941406,0.002536263,0.033644233,0.04869722,0.005185381,0.002622138,0.01648465,0.05751141,3.7272133e-05,0.5,0.004863059,0.10422144,0.5,0
322,NODE21_processed_png/c1909.png,0.034741145,0.031881113,0.16296767,0.048033047,0.026545718,0.014759111,0.011262591,0.029677479,0.05042419,0.011953471,0.02631856,0.015742159,0.04295491,0.000439962,0.5,0.007920819,0.06451193,0.5,0
323,NODE21_processed_png/c3589.png,0.05988562,0.100808986,0.21585017,0.072731875,0.05001576,0.009857266,0.006367784,0.08088385,0.13320696,0.008983198,0.007651236,0.012952551,0.032057855,9.916322e-05,0.5,0.001295668,0.39193714,0.5,0
324,NODE21_processed_png/c3558.png,0.021397576,0.07031778,0.2069579,0.18013966,0.043002333,0.006505198,0.009293677,0.031290513,0.08312314,0.009710759,0.003481476,0.010066932,0.023040641,1.3175033e-05,0.5,0.000636168,0.1537774,0.5,0
325,NODE21_processed_png/c2318.png,0.048731424,0.09366947,0.21723817,0.32238027,0.041589826,0.028013555,0.006776331,0.08885892,0.10299151,0.013199667,0.006977242,0.016314387,0.045539133,0.000203285,0.5,0.003417321,0.21150102,0.5,0
326,NODE21_processed_png/c2779.png,0.04806447,0.08596688,0.24761634,0.095871374,0.083847456,0.01531294,0.003901624,0.08170154,0.15162694,0.008236839,0.02095741,0.013379477,0.043838646,0.000127799,0.5,0.001325386,0.61453223,0.5,0
327,NODE21_processed_png/c3139.png,0.029522989,0.08155439,0.29478425,0.024532126,0.11947076,0.001529975,0.000732842,0.09025959,0.22798665,0.003186735,0.023359444,0.0050178,0.014126563,2.6016714e-05,0.5,0.000427405,0.62898487,0.5,0
328,NODE21_processed_png/n0163.png,0.073009714,0.093243524,0.267642,0.12646054,0.08024214,0.038949553,0.006895005,0.05995396,0.12090967,0.008998988,0.005000273,0.014684513,0.092574775,0.000349254,0.5,0.002754399,0.23213612,0.5,1
329,NODE21_processed_png/c0512.png,0.07253794,0.06140627,0.12283516,0.24623121,0.006987505,0.16221127,0.003198983,0.062064584,0.05981443,0.019616164,0.004371291,0.011564299,0.0788628,3.6703124e-05,0.5,0.005589319,0.293984,0.5,0
330,NODE21_processed_png/c0960.png,0.06912446,0.070949435,0.17089097,0.09404057,0.025257155,0.025042778,0.005561704,0.07081891,0.05838348,0.014744975,0.017972667,0.011936425,0.07505113,0.000220369,0.5,0.004228771,0.2654368,0.5,0
331,NODE21_processed_png/c1352.png,0.0472349,0.082299,0.22223923,0.059343234,0.034881115,0.006341409,0.003039255,0.09331547,0.145107,0.007447192,0.009094814,0.010825913,0.031126486,4.9195765e-05,0.5,0.002465299,0.5268339,0.5,0
332,NODE21_processed_png/c2247.png,0.03305595,0.03581119,0.12269363,0.05424075,0.009486655,0.026930878,0.003405185,0.027974244,0.031215591,0.010876666,0.011839082,0.005681022,0.022421522,6.0448216e-05,0.5,0.001549859,0.029253136,0.5,0
333,NODE21_processed_png/c2992.png,0.034363747,0.08124434,0.18945539,0.085913725,0.043351427,0.025692632,0.007353567,0.049504038,0.06692634,0.009413466,0.011377326,0.015383893,0.030811341,0.000288266,0.5,0.003492482,0.1868585,0.5,0
334,NODE21_processed_png/c3875.png,0.02908769,0.029678773,0.13357878,0.04155917,0.008295454,0.01336142,0.004656024,0.0221835,0.031298343,0.008063654,0.007841824,0.007758857,0.037629016,0.000286987,0.5,0.001742651,0.05395936,0.5,0
335,NODE21_processed_png/c3407.png,0.06939634,0.059818447,0.20334986,0.043984547,0.011541165,0.007839774,0.001205609,0.060285013,0.097085424,0.009160006,0.008830885,0.007018403,0.035820857,3.2873686e-05,0.5,0.002590515,0.4134036,0.5,0
336,NODE21_processed_png/c1733.png,0.037644405,0.04586839,0.20994608,0.055477474,0.023728648,0.012469076,0.002489885,0.054864187,0.099782586,0.007933741,0.008781447,0.006961962,0.028081197,3.6754896e-05,0.5,0.002421667,0.3425087,0.5,0
337,NODE21_processed_png/n0502.png,0.024222674,0.031925548,0.16533923,0.07321866,0.015559888,0.022053663,0.009287213,0.04282599,0.032365516,0.012090995,0.021959722,0.00809302,0.018506445,0.000154779,0.5,0.001735693,0.048740063,0.5,1
338,NODE21_processed_png/n0970.png,0.061539795,0.049591716,0.18804953,0.039010797,0.009593872,0.011025889,0.00183814,0.050287656,0.06577702,0.009120237,0.016285265,0.005465347,0.027409157,6.379172e-05,0.5,0.003812396,0.27601936,0.5,1
339,NODE21_processed_png/c0173.png,0.036200374,0.041076183,0.17983837,0.076929376,0.0212987,0.014839304,0.005263565,0.0442864,0.05909754,0.011669498,0.019084712,0.009980615,0.020002797,0.000681607,0.5,0.003840721,0.115541615,0.5,0
340,NODE21_processed_png/c3066.png,0.06433721,0.05113963,0.17391044,0.14640918,0.012451321,0.041141868,0.010125206,0.0561764,0.05894243,0.011319121,0.01172664,0.008296016,0.026541013,0.00016638,0.5,0.00254052,0.15130411,0.5,0
341,NODE21_processed_png/c2626.png,0.02375366,0.06405232,0.19636466,0.095956266,0.025915772,0.003921161,0.002695041,0.03480308,0.09137565,0.005995269,0.00576401,0.008638861,0.02719407,2.1967902e-05,0.5,0.001052294,0.27024537,0.5,0
342,NODE21_processed_png/c2150.png,0.036505263,0.07610546,0.19899236,0.11019635,0.033963345,0.017438723,0.013842173,0.086878516,0.08637841,0.026635304,0.020856148,0.015031389,0.0394899,0.000146806,0.5,0.002685794,0.29639575,0.5,0
343,NODE21_processed_png/c3710.png,0.04160146,0.08466733,0.20834196,0.24160144,0.047134947,0.026784774,0.021455634,0.0833535,0.102725364,0.019468589,0.017220272,0.014256449,0.03607372,0.000112387,0.5,0.001624546,0.22821188,0.5,0
344,NODE21_processed_png/c0605.png,0.033825353,0.10394232,0.24242441,0.12569988,0.04842345,0.006115735,0.003334784,0.07266011,0.12067772,0.008224103,0.006141907,0.011177389,0.03845118,1.3173815e-05,0.5,0.001084488,0.4940653,0.5,0
345,NODE21_processed_png/c1045.png,0.024147425,0.06662159,0.20564783,0.1785142,0.027156882,0.014512212,0.005771196,0.054390773,0.07041763,0.018124007,0.008414518,0.009742735,0.038834896,8.803186e-05,0.5,0.001038384,0.05987114,0.5,0
346,NODE21_processed_png/c3371.png,0.01791305,0.05073129,0.14411333,0.095754,0.008570276,0.04867515,0.002428289,0.01701985,0.030891417,0.005376656,0.008107403,0.009256366,0.046458956,3.5486173e-05,0.5,0.000898655,0.07059921,0.5,0
347,NODE21_processed_png/c2296.png,0.048403554,0.04446774,0.17012611,0.044463683,0.011683682,0.00640029,0.001379579,0.11809535,0.059423473,0.022379657,0.016620554,0.006570168,0.03826301,1.0036881e-05,0.5,0.001986878,0.26788726,0.5,0
348,NODE21_processed_png/c2943.png,0.03500776,0.04282381,0.20330502,0.07364753,0.024550062,0.010800699,0.004555253,0.059776824,0.08785397,0.013535992,0.008835839,0.013781367,0.027464135,0.000118348,0.5,0.003214915,0.23047327,0.5,0
349,NODE21_processed_png/c2531.png,0.02260625,0.080963485,0.18700135,0.03436851,0.016966948,0.002184749,0.002110462,0.043774616,0.12531768,0.006340586,0.00637269,0.00525141,0.022308547,8.668093e-06,0.5,0.000557334,0.52025616,0.5,0
350,NODE21_processed_png/c1383.png,0.013299496,0.05515257,0.15305792,0.11663308,0.022622937,0.005017191,0.00441296,0.028520439,0.07797121,0.00748771,0.012345775,0.009522027,0.016517572,1.8425862e-05,0.5,0.001003045,0.39061248,0.5,0
351,NODE21_processed_png/c1424.png,0.058883738,0.0618246,0.13866968,0.02686126,0.006599841,0.015915522,0.00055766,0.041325454,0.03820297,0.007851815,0.00409952,0.010351101,0.07115799,8.1590486e-05,0.5,0.003274727,0.12713648,0.5,0
352,NODE21_processed_png/c1856.png,0.01072797,0.058590267,0.18681988,0.06873213,0.020276858,0.004460014,0.002917038,0.020118766,0.03958928,0.006149211,0.006154986,0.007855314,0.011648841,2.251889e-05,0.5,0.000729524,0.051840328,0.5,0
353,NODE21_processed_png/c0264.png,0.056113962,0.04548198,0.17991783,0.050673474,0.01918238,0.00956506,0.001663519,0.1112757,0.07810643,0.011262099,0.01648662,0.005778054,0.030096456,3.3385397e-05,0.5,0.00272305,0.16244085,0.5,0
354,NODE21_processed_png/n0615.png,0.04407362,0.06688708,0.19997261,0.08218506,0.02219145,0.012854048,0.002786587,0.058640134,0.11500201,0.012032054,0.006785221,0.008760484,0.052602433,0.000127966,0.5,0.0031434,0.34602717,0.5,1
355,NODE21_processed_png/c2008.png,0.02921225,0.0808666,0.1863078,0.062503256,0.018998172,0.012327712,0.002576656,0.06056553,0.06675561,0.006964593,0.009345166,0.009919947,0.032074235,2.2680273e-05,0.5,0.000862577,0.25786182,0.5,0
356,NODE21_processed_png/c3648.png,0.04323539,0.08332162,0.18603249,0.052978516,0.043284964,0.007103549,0.0038416,0.066387355,0.08092151,0.007722196,0.013789906,0.008937067,0.030527808,0.00045069,0.5,0.002786276,0.22413978,0.5,0
357,NODE21_processed_png/c3229.png,0.023005992,0.041926283,0.1691606,0.11851994,0.03964485,0.010770313,0.005945802,0.042725816,0.086211264,0.013968605,0.031614408,0.011138119,0.023720762,7.4006195e-05,0.5,0.00151654,0.31741366,0.5,0
358,NODE21_processed_png/c2469.png,0.046222214,0.051381107,0.15653813,0.10370466,0.027129758,0.015076585,0.007135913,0.044487156,0.06943984,0.013566589,0.04174401,0.013806378,0.05503438,0.000457363,0.5,0.00272832,0.17890303,0.5,0
359,NODE21_processed_png/c0838.png,0.04924702,0.04939394,0.17278993,0.04498185,0.026317539,0.010276221,0.001723839,0.049979854,0.052799508,0.011257413,0.008318086,0.010721134,0.059475504,0.000149457,0.5,0.003270335,0.16801858,0.5,0
360,NODE21_processed_png/c3699.png,0.078935124,0.045900755,0.19199622,0.03596155,0.036920477,0.009607423,0.001894803,0.08886402,0.09312242,0.007546752,0.029915074,0.00660732,0.034557812,0.001016917,0.5,0.003767091,0.24890271,0.5,0
361,NODE21_processed_png/c3809.png,0.080954194,0.121417455,0.25061643,0.08457551,0.027767457,0.022584463,0.010060913,0.08761138,0.13449723,0.00967382,0.002329709,0.02176354,0.037771,0.000278689,0.5,0.003768978,0.24344747,0.5,0
362,NODE21_processed_png/c1489.png,0.026700309,0.057350535,0.24336407,0.053796876,0.08038243,0.008352941,0.001967687,0.055781424,0.1148585,0.007052053,0.035753053,0.007405091,0.020524733,2.4217516e-05,0.5,0.000889791,0.41193324,0.5,0
363,NODE21_processed_png/c0679.png,0.061450373,0.06254417,0.13108504,0.06973954,0.011987829,0.015490365,0.002396686,0.08126815,0.05563605,0.011366217,0.010703824,0.007314423,0.038446438,0.00014026,0.5,0.003198908,0.1496357,0.5,0
364,NODE21_processed_png/c1039.png,0.05477158,0.04455936,0.21852875,0.015090672,0.011793051,0.001967748,0.000841117,0.07503481,0.081774294,0.008246942,0.01243855,0.003031362,0.026414422,2.1129848e-05,0.5,0.000441332,0.26627585,0.5,0
365,NODE21_processed_png/c1458.png,0.011367572,0.048748393,0.15438086,0.07918415,0.012222222,0.006076802,0.00513593,0.02986932,0.042433977,0.007535961,0.008434896,0.00937492,0.018904218,1.4818079e-05,0.5,0.001562211,0.13805093,0.5,0
366,NODE21_processed_png/c0218.png,0.043519422,0.090368636,0.18795057,0.1420853,0.015639978,0.00956725,0.001581657,0.09449435,0.09128764,0.013403362,0.001948068,0.011735475,0.064036235,1.835702e-05,0.5,0.00203982,0.15388142,0.5,0
367,NODE21_processed_png/n0669.png,0.055879503,0.06839164,0.20369837,0.043364834,0.015758488,0.007346014,0.001656178,0.13312548,0.07722222,0.010744123,0.01553152,0.006336182,0.030116318,0.000116008,0.5,0.002089997,0.2769593,0.5,1
368,NODE21_processed_png/c2074.png,0.039748978,0.07256018,0.21934767,0.15780486,0.047246795,0.009619458,0.003861715,0.08672285,0.16071011,0.012935524,0.025860019,0.010078065,0.0220304,4.6789064e-05,0.5,0.00236948,0.5167915,0.5,0
369,NODE21_processed_png/c3634.png,0.04676675,0.040935993,0.15849325,0.16123456,0.004514999,0.046225216,0.009553758,0.041828256,0.044192355,0.012074014,0.00988216,0.010322678,0.03518075,0.000113148,0.5,0.001333608,0.13268432,0.5,0
370,NODE21_processed_png/c3193.png,0.0677351,0.06151272,0.2423181,0.08581205,0.038132418,0.017903771,0.008204132,0.11407499,0.09066772,0.01596404,0.007165449,0.02225602,0.0712745,0.000720448,0.5,0.009672839,0.11765275,0.5,0
371,NODE21_processed_png/c0721.png,0.030637357,0.0892299,0.22804946,0.10192995,0.08162849,0.00598162,0.002192482,0.064369135,0.14393122,0.006737393,0.032039393,0.005251445,0.014000801,7.776048e-06,0.5,0.00036106,0.5811786,0.5,0
372,NODE21_processed_png/c0086.png,0.039011206,0.035720706,0.13401765,0.031403963,0.004527594,0.0079806,0.002162817,0.04896534,0.031090531,0.014170541,0.01889259,0.008681607,0.023807589,0.000167018,0.5,0.002879632,0.047706027,0.5,0
373,NODE21_processed_png/n0885.png,0.05497402,0.06463384,0.17933309,0.040514093,0.019081384,0.006973877,0.004124233,0.049276553,0.07903313,0.007355077,0.025383875,0.016631864,0.025625236,0.000591108,0.5,0.003875932,0.13343547,0.5,1
374,NODE21_processed_png/c1161.png,0.05370733,0.101081334,0.23750961,0.055660706,0.04061504,0.023690118,0.001244831,0.055182617,0.07347424,0.003096162,0.007483041,0.022140278,0.053963736,5.2865144e-05,0.5,0.004983386,0.06650272,0.5,0
375,NODE21_processed_png/c3255.png,0.023388455,0.12733762,0.21883501,0.04534178,0.045550298,0.00430779,0.004996495,0.060103737,0.14612871,0.007297965,0.007916994,0.00953178,0.03100025,1.0524565e-05,0.5,0.000383864,0.47159746,0.5,0
376,NODE21_processed_png/c2415.png,0.06516539,0.048676163,0.15564035,0.16286798,0.012747644,0.07942562,0.005316838,0.051432144,0.056140326,0.010165405,0.002143755,0.010236098,0.046807576,0.000403283,0.5,0.004402405,0.08812482,0.5,0
377,NODE21_processed_png/c2867.png,0.03110278,0.043848116,0.17133911,0.045467094,0.042805213,0.009492317,0.003577386,0.032348096,0.034252685,0.006501134,0.006320746,0.01418116,0.028044596,0.000169017,0.5,0.003225663,0.029344026,0.5,0
378,NODE21_processed_png/c1972.png,0.119430184,0.037639655,0.17772791,0.032473948,0.020870296,0.008776645,0.00124362,0.058778472,0.04728122,0.00782085,0.009039999,0.009744962,0.04766147,0.00051638,0.5,0.010017813,0.040227495,0.5,0
379,NODE21_processed_png/c1500.png,0.06473882,0.06010061,0.15776502,0.050572947,0.012689352,0.012657401,0.002380024,0.10602642,0.059997205,0.009740831,0.012890535,0.009610414,0.037406042,6.467024e-05,0.5,0.002258412,0.118691415,0.5,0
380,NODE21_processed_png/c0340.png,0.048011802,0.055697907,0.17842829,0.085172825,0.024409728,0.016216341,0.003516693,0.07693493,0.064647526,0.008852598,0.0163296,0.007916601,0.025671747,0.000227346,0.5,0.003690097,0.17235763,0.5,0
381,NODE21_processed_png/c0895.png,0.02664112,0.082743526,0.17046492,0.15506616,0.032036718,0.03891889,0.002891707,0.06555147,0.11000624,0.007724827,0.005233185,0.008810969,0.03315004,7.1373747e-06,0.5,0.000484173,0.5884073,0.5,0
382,NODE21_processed_png/n0096.png,0.029222265,0.068648346,0.21393986,0.022677984,0.013940129,0.005594372,0.001660949,0.037854835,0.091974765,0.006922728,0.011432514,0.007699921,0.01977826,2.9948023e-05,0.5,0.00261863,0.63859874,0.5,1
383,NODE21_processed_png/c0391.png,0.02507272,0.05439245,0.22396727,0.0758923,0.03287198,0.013680937,0.004901868,0.03079585,0.087676175,0.013267464,0.009852286,0.009907463,0.031408887,9.431876e-06,0.5,0.001212312,0.4193659,0.5,0
384,NODE21_processed_png/c0844.png,0.036440723,0.036043342,0.14802581,0.040798713,0.00846406,0.007187188,0.000474917,0.032484952,0.032434016,0.003206718,0.006814321,0.003571051,0.028939879,3.1245032e-05,0.5,0.000482069,0.056967944,0.5,0
385,NODE21_processed_png/c0436.png,0.027250485,0.070844606,0.16833788,0.079579644,0.014245755,0.027623378,0.003598825,0.05383297,0.05563806,0.007871077,0.011296512,0.008608147,0.024151515,6.295161e-05,0.5,0.001104922,0.23194547,0.5,0
386,NODE21_processed_png/c1276.png,0.057174526,0.061046217,0.14974673,0.02819427,0.018365877,0.006874649,0.000911008,0.064263046,0.058142804,0.004410518,0.00833682,0.009276465,0.04614368,0.000110058,0.5,0.004688823,0.39089265,0.5,0
387,NODE21_processed_png/c2363.png,0.024691654,0.088579156,0.18706411,0.043494746,0.028867563,0.003873287,0.002901933,0.043207437,0.14787461,0.003898691,0.006061255,0.013227326,0.014570796,1.1741536e-05,0.5,0.001039231,0.7866983,0.5,0
388,NODE21_processed_png/c3284.png,0.048546817,0.030701935,0.12503743,0.070349015,0.00627315,0.014019046,0.001515638,0.122526795,0.015545187,0.01751676,0.030117003,0.006729235,0.037252437,0.000133882,0.5,0.002290119,0.0282029,0.5,0
389,NODE21_processed_png/c3523.png,0.08271896,0.12288421,0.27568898,0.1592278,0.06044037,0.0674843,0.008773724,0.0925624,0.17797941,0.018997757,0.011264373,0.016962482,0.041461825,0.000147334,0.5,0.003976769,0.41753927,0.5,0
390,NODE21_processed_png/c1617.png,0.059184387,0.039287303,0.13649131,0.239217,0.017480629,0.05003075,0.00639293,0.06189758,0.033831116,0.02563406,0.010628416,0.010062344,0.047394335,0.000504964,0.5,0.007010981,0.033491656,0.5,0
391,NODE21_processed_png/n0381.png,0.10221131,0.06256997,0.1803621,0.059020527,0.030961564,0.014019845,0.002774392,0.086210795,0.08261763,0.008879483,0.046146046,0.007479881,0.032907877,0.000709771,0.5,0.005445811,0.31762454,0.5,1
392,NODE21_processed_png/n0426.png,0.051311195,0.042398375,0.2490629,0.03480428,0.03119318,0.009115615,0.003030559,0.058362704,0.07524515,0.00901099,0.018001493,0.008810912,0.029558228,0.000115688,0.5,0.002064111,0.062038474,0.5,1
393,NODE21_processed_png/c0057.png,0.05745316,0.040021874,0.15398327,0.16100502,0.007870846,0.04227791,0.004548469,0.053120084,0.032428697,0.00871434,0.008129903,0.010053155,0.025569793,0.000359138,0.5,0.002464962,0.02319964,0.5,0
394,NODE21_processed_png/c3142.png,0.0554912,0.0407228,0.17484237,0.071204744,0.012708728,0.007253092,0.000402918,0.03854458,0.10280945,0.005756368,0.009184975,0.004764454,0.021303738,2.210448e-05,0.5,0.001154831,0.3691506,0.5,0
395,NODE21_processed_png/c2702.png,0.042983044,0.039338723,0.15155518,0.2005268,0.023041144,0.04007886,0.003007348,0.0457548,0.0499973,0.011567568,0.009064741,0.007633173,0.041952394,5.014679e-05,0.5,0.001497482,0.1470096,0.5,0
396,NODE21_processed_png/c3409.png,0.046951856,0.033843048,0.18082893,0.016592039,0.019162275,0.003546103,0.000629513,0.10031432,0.07237784,0.008048396,0.02354853,0.004202307,0.024638865,0.000203417,0.5,0.001733835,0.20252158,0.5,0
397,NODE21_processed_png/c2249.png,0.050742283,0.10766019,0.21448307,0.09763182,0.013312013,0.026882522,0.001542078,0.059684098,0.10775686,0.007413852,0.00193187,0.007287443,0.029238727,2.194914e-05,0.5,0.004623588,0.37030086,0.5,0
398,NODE21_processed_png/c1889.png,0.067239605,0.062979855,0.24684371,0.036880337,0.04744182,0.009404874,0.006541236,0.12911764,0.09213397,0.009137242,0.015409336,0.015396649,0.02541198,0.000392284,0.5,0.003700341,0.23618779,0.5,0
399,NODE21_processed_png/c2628.png,0.06325954,0.09088447,0.1833379,0.106786825,0.027344992,0.047782995,0.002372304,0.072682284,0.07511125,0.008663701,0.014796047,0.008342939,0.034285042,5.2100022e-05,0.5,0.003459213,0.48853755,0.5,0
400,NODE21_processed_png/c3068.png,0.03093458,0.058036126,0.14150837,0.061994676,0.013777024,0.005206015,0.003097309,0.113232404,0.03613584,0.007558752,0.00470563,0.008429582,0.018901356,1.5101029e-05,0.5,0.001297705,0.13076016,0.5,0
401,NODE21_processed_png/c1858.png,0.06398858,0.050930306,0.18536948,0.056783058,0.02670508,0.0079038,0.003437393,0.08296009,0.0729095,0.010288258,0.017813284,0.009985149,0.028818917,0.000159431,0.5,0.005674537,0.13953406,0.5,0
402,NODE21_processed_png/c2298.png,0.038970325,0.037082635,0.116397835,0.04232633,0.011667615,0.009107865,0.003755382,0.039380644,0.028194953,0.011116855,0.01967616,0.006663644,0.028515104,0.000446827,0.5,0.003734128,0.046279326,0.5,0
403,NODE21_processed_png/c3646.png,0.021708328,0.112300955,0.2650851,0.11212216,0.058971126,0.014516223,0.002122734,0.051235784,0.20622596,0.004208657,0.006449797,0.010370065,0.018135682,8.275851e-06,0.5,0.000711214,0.87278783,0.5,0
404,NODE21_processed_png/c2006.png,0.04290103,0.05764433,0.19022433,0.07777847,0.023943877,0.017552461,0.00278299,0.06304967,0.082074165,0.013693714,0.010062831,0.00716799,0.042152707,3.2605585e-05,0.5,0.001750224,0.41738245,0.5,0
405,NODE21_processed_png/c1113.png,0.03730968,0.047121644,0.19142866,0.055261407,0.04773076,0.017151121,0.003761561,0.036010362,0.07740304,0.008099783,0.007792397,0.011197988,0.041428115,0.000180759,0.5,0.005671794,0.1305791,0.5,0
406,NODE21_processed_png/c0753.png,0.027331414,0.06825411,0.16078153,0.06478801,0.0462186,0.006673566,0.003393373,0.05222486,0.08936885,0.009255058,0.014202781,0.008679934,0.033954807,0.000139248,0.5,0.000823682,0.37451774,0.5,0
407,NODE21_processed_png/c2467.png,0.06084552,0.05359594,0.17009707,0.072031654,0.017072247,0.007254483,0.004400206,0.08323322,0.05771098,0.015404124,0.022712355,0.006116918,0.033432916,0.000186848,0.5,0.002868863,0.080829516,0.5,0
408,NODE21_processed_png/c2815.png,0.057137724,0.07279785,0.15953296,0.0648236,0.01509314,0.009812966,0.001950163,0.07170353,0.072852746,0.005313058,0.007426819,0.008759685,0.029452907,6.841785e-05,0.5,0.001609766,0.2867251,0.5,0
409,NODE21_processed_png/c3580.png,0.06368553,0.06957106,0.19935888,0.08699986,0.03415548,0.005994489,0.004092255,0.06660049,0.12542309,0.011059064,0.009347374,0.010008485,0.06593751,4.219632e-05,0.5,0.001868768,0.26580808,0.5,0
410,NODE21_processed_png/c3227.png,0.11060831,0.03148761,0.14948986,0.013348489,0.014678959,0.002768595,0.000525519,0.19825478,0.038440462,0.004236281,0.028554114,0.00236352,0.017596582,0.00016865,0.5,0.001489612,0.03151438,0.5,0
411,NODE21_processed_png/c0495.png,0.06329696,0.08553135,0.19652236,0.2705059,0.012392762,0.07256512,0.006091971,0.061670873,0.07280826,0.015386246,0.002293047,0.016988333,0.07663433,9.2260685e-05,0.5,0.005728097,0.084206924,0.5,0
412,NODE21_processed_png/c0332.png,0.10203896,0.049757108,0.20522504,0.09819745,0.025382224,0.039609574,0.004798202,0.051628258,0.0722342,0.010440785,0.0084038,0.007692362,0.033544227,0.000225172,0.5,0.005094233,0.17748499,0.5,0
413,NODE21_processed_png/c1900.png,0.02435638,0.085645355,0.18282394,0.085736185,0.042693254,0.008396694,0.002760576,0.07054518,0.13512659,0.013462645,0.003915776,0.01581431,0.051494703,1.0622334e-05,0.5,0.000682444,0.6700536,0.5,0
414,NODE21_processed_png/c1572.png,0.057857264,0.08127618,0.12939626,0.110470004,0.00653202,0.023570083,0.001582726,0.08932151,0.06237973,0.012651882,0.00483489,0.008059868,0.062411726,5.5602126e-05,0.5,0.00587133,0.47760293,0.5,0
415,NODE21_processed_png/n1103.png,0.056429844,0.0844378,0.18454869,0.043179594,0.009997775,0.009859189,0.002523207,0.070392944,0.07502124,0.007892578,0.009909637,0.010743147,0.026876818,4.247497e-05,0.5,0.001086326,0.2588092,0.5,1
416,NODE21_processed_png/c1204.png,0.049257774,0.06376087,0.23356408,0.11657903,0.036319945,0.029972801,0.005373862,0.044771258,0.09552865,0.0171685,0.005000519,0.011662223,0.05842368,0.00043183,0.5,0.004729576,0.15489347,0.5,0
417,NODE21_processed_png/c0836.png,0.06045063,0.06521999,0.1424334,0.033412937,0.007570685,0.0135212,0.002578141,0.05629644,0.033057597,0.018345859,0.008704837,0.008894616,0.044509184,0.000181474,0.5,0.006527317,0.09875043,0.5,0
418,NODE21_processed_png/c0444.png,0.054230783,0.03854799,0.15600257,0.117859386,0.013913217,0.059116144,0.008174413,0.032049578,0.06513592,0.010834687,0.00435409,0.020601256,0.03561953,0.000343135,0.5,0.009614909,0.107184134,0.5,0
419,NODE21_processed_png/n0792.png,0.025625942,0.047650363,0.23321187,0.098653674,0.063659206,0.007947461,0.006911925,0.050265588,0.069905326,0.007635125,0.028690102,0.012609215,0.018022614,0.000220944,0.5,0.002577501,0.06409746,0.5,1
420,NODE21_processed_png/c3551.png,0.061688453,0.08688595,0.13329084,0.08094748,0.00870077,0.044705264,0.003147698,0.037080284,0.057405394,0.015220795,0.004040176,0.013100919,0.056855492,3.0363219e-05,0.5,0.004768473,0.21826667,0.5,0
421,NODE21_processed_png/c2311.png,0.030924786,0.07677807,0.1907439,0.08027646,0.02143668,0.018522235,0.006875394,0.04997079,0.07059337,0.019352831,0.005693038,0.013196598,0.04658256,6.571176e-05,0.5,0.002739599,0.27036533,0.5,0
422,NODE21_processed_png/c0025.png,0.06436953,0.080152534,0.21207319,0.099685796,0.03238236,0.014305714,0.0035089,0.10256393,0.093714334,0.01162684,0.0055996,0.007174199,0.02979009,0.000360456,0.5,0.004359783,0.23644747,0.5,0
423,NODE21_processed_png/n0826.png,0.052849077,0.045701638,0.21345216,0.04701746,0.0258079,0.013235145,0.008721729,0.056360196,0.06682285,0.011303887,0.028051257,0.0096293,0.019898137,0.000436418,0.5,0.002100061,0.1415399,0.5,1
424,NODE21_processed_png/c0782.png,0.06009271,0.10089854,0.21985766,0.14009416,0.025670385,0.020241786,0.002163876,0.05556558,0.1732811,0.011363125,0.015050047,0.027868759,0.078099936,0.000124578,0.5,0.005236682,0.64382887,0.5,0
425,NODE21_processed_png/c1665.png,0.01622782,0.055563286,0.20152035,0.018047623,0.015752513,0.006058892,0.004984987,0.02050588,0.05246065,0.006257806,0.00774212,0.007745977,0.015880343,5.7367897e-06,0.5,0.000271111,0.1590441,0.5,0
426,NODE21_processed_png/c2770.png,0.034738652,0.083529286,0.20166105,0.099522226,0.063215666,0.012054982,0.010487171,0.0914175,0.14771216,0.021997595,0.020083763,0.013705788,0.035385206,8.3627194e-05,0.5,0.000883311,0.622357,0.5,0
427,NODE21_processed_png/c3130.png,0.039825678,0.05023569,0.12649325,0.103901885,0.007943929,0.027067412,0.002682432,0.035077814,0.046311527,0.008120726,0.006263764,0.010611561,0.029930511,5.583517e-05,0.5,0.001391869,0.11919643,0.5,0
428,NODE21_processed_png/c3697.png,0.018533483,0.050378263,0.21097124,0.0778914,0.033507347,0.00499155,0.005234654,0.029787458,0.100874975,0.00831221,0.02344951,0.007167611,0.020728616,5.503315e-05,0.5,0.001307916,0.24410667,0.5,0
429,NODE21_processed_png/c1487.png,0.045887303,0.03959287,0.109267466,0.051870853,0.006467421,0.015370566,0.00177096,0.028548878,0.024629083,0.005722528,0.012765834,0.005836548,0.038415156,0.000190131,0.5,0.001253109,0.040568374,0.5,0
430,NODE21_processed_png/c1320.png,0.04254722,0.03499011,0.14580013,0.037335064,0.005631198,0.007950515,0.005707792,0.043959696,0.024864512,0.010565729,0.014695419,0.006686633,0.030087413,0.000483478,0.5,0.001957935,0.03132663,0.5,0
431,NODE21_processed_png/c0560.png,0.023204934,0.079219274,0.19140024,0.1741726,0.020640513,0.12200788,0.004497417,0.06293443,0.05638475,0.014059234,0.027597746,0.007681292,0.025377704,8.3626874e-05,0.5,0.000903606,0.174604,0.5,0
432,NODE21_processed_png/c0912.png,0.023989009,0.053858697,0.19861753,0.043923397,0.02662198,0.005262981,0.002748411,0.018702589,0.07458434,0.006783627,0.003121409,0.008395888,0.026306808,1.4802176e-05,0.5,0.000815818,0.21960965,0.5,0
433,NODE21_processed_png/c3807.png,0.07224281,0.02964321,0.1139562,0.10034047,0.005744936,0.041764207,0.002595259,0.08619179,0.023267686,0.011839912,0.012340229,0.008573879,0.028737046,0.000117268,0.5,0.006840646,0.04341843,0.5,0
434,NODE21_processed_png/c3475.png,0.057291888,0.020392334,0.13756378,0.031461623,0.012428447,0.03673758,0.002606817,0.028338721,0.014605911,0.009147707,0.036272485,0.003661507,0.04224207,0.000350611,0.5,0.002460648,0.005435786,0.5,0
435,NODE21_processed_png/c2592.png,0.030966856,0.06297116,0.20185877,0.036776286,0.020218156,0.001615742,0.0006032,0.08519467,0.08416347,0.004998589,0.024987541,0.004950469,0.018766163,1.6868347e-05,0.5,0.000714426,0.3002974,0.5,0
436,NODE21_processed_png/c2235.png,0.026259977,0.04947539,0.17466235,0.11323877,0.02738407,0.029782897,0.009403003,0.03204597,0.066349,0.01956764,0.006080476,0.013102904,0.042988006,3.0190065e-05,0.5,0.002751775,0.17524973,0.5,0
437,NODE21_processed_png/c0101.png,0.03975536,0.028984506,0.13654688,0.060702085,0.007046507,0.027135639,0.002986229,0.029057419,0.036202516,0.010639492,0.008847957,0.007590535,0.042552758,0.000152724,0.5,0.001423914,0.05181793,0.5,0
438,NODE21_processed_png/c2654.png,0.06876268,0.04590489,0.19205561,0.22541106,0.020253891,0.16418125,0.007144258,0.03983152,0.052905023,0.011828093,0.009526402,0.01203213,0.04351138,0.000240629,0.5,0.003366981,0.050231148,0.5,0
439,NODE21_processed_png/c3014.png,0.02290951,0.033176422,0.14425245,0.030384481,0.020272698,0.004267735,0.001474287,0.025337312,0.04218972,0.004237309,0.017065547,0.005707893,0.018353961,0.000112854,0.5,0.000804465,0.09143203,0.5,0
440,NODE21_processed_png/c3762.png,0.02014182,0.06538458,0.22589895,0.08644762,0.046106495,0.010764875,0.004261089,0.03975128,0.113200024,0.013223311,0.006522653,0.005754301,0.024469564,2.3284629e-05,0.5,0.00069216,0.26078513,0.5,0
441,NODE21_processed_png/c2122.png,0.06892713,0.06564765,0.17895079,0.27647954,0.019538648,0.14268985,0.002862319,0.045484237,0.05585003,0.011098981,0.007812432,0.008571443,0.05006672,0.000155817,0.5,0.003493544,0.104022466,0.5,0
442,NODE21_processed_png/c2685.png,0.043678157,0.032736234,0.12913923,0.0441435,0.015875848,0.010139332,0.003127269,0.044314835,0.046314158,0.014634874,0.023319978,0.006606872,0.027286457,0.000122941,0.5,0.007894405,0.12581252,0.5,0
443,NODE21_processed_png/c1037.png,0.04549481,0.06407618,0.2108553,0.099451825,0.024510022,0.005464709,0.00558453,0.05609465,0.1162673,0.006774282,0.012570167,0.00894519,0.030480882,8.087103e-05,0.5,0.000843624,0.25502187,0.5,0
444,NODE21_processed_png/c1790.png,0.024804521,0.033547476,0.17571668,0.08085312,0.033427168,0.012175079,0.006436922,0.040350277,0.068132445,0.013061294,0.017956847,0.008850686,0.02872324,6.661227e-05,0.5,0.001345823,0.16341068,0.5,0
445,NODE21_processed_png/n0206.png,0.058819313,0.02835496,0.14936407,0.035610862,0.011851528,0.00685013,0.003031211,0.048967496,0.05408549,0.011065756,0.019510873,0.006288893,0.025481764,8.632833e-05,0.5,0.001752357,0.16814294,0.5,1
446,NODE21_processed_png/c0677.png,0.041934714,0.035440426,0.16441365,0.11035275,0.011126463,0.04656748,0.004364993,0.03297726,0.050910596,0.012552304,0.004801689,0.00751411,0.034270067,4.7919326e-05,0.5,0.002214983,0.13376234,0.5,0
447,NODE21_processed_png/c2931.png,0.050412606,0.02658203,0.16870722,0.067020945,0.017783517,0.020994352,0.003205916,0.036924038,0.06613622,0.011059245,0.022976568,0.005285542,0.028329056,0.000144141,0.5,0.001680084,0.20559537,0.5,0
448,NODE21_processed_png/c2543.png,0.005229289,0.09503002,0.19027299,0.024390085,0.050035622,0.004799474,0.003328032,0.020089986,0.18983668,0.003417683,0.010943238,0.006049779,0.010859433,1.5900252e-05,0.5,0.000252271,0.65958965,0.5,0
449,NODE21_processed_png/c3303.png,0.043468982,0.072047144,0.1295142,0.06942971,0.006800433,0.008116974,0.001478082,0.08472949,0.05380648,0.007274932,0.007418666,0.009116814,0.034976993,4.1788506e-05,0.5,0.002948136,0.676049,0.5,0
450,NODE21_processed_png/c0216.png,0.027831782,0.07321984,0.19863698,0.053025614,0.017119622,0.013228881,0.00384254,0.04481382,0.102626085,0.005330165,0.018492175,0.005917294,0.021215523,2.2380695e-05,0.5,0.000487206,0.2955545,0.5,0
451,NODE21_processed_png/c1456.png,0.03484937,0.04781498,0.17450675,0.06303844,0.02109039,0.005963283,0.001245871,0.025135683,0.104077786,0.010669309,0.004763859,0.007863686,0.052666403,2.6195792e-05,0.5,0.002054758,0.36588812,0.5,0
452,NODE21_processed_png/c1824.png,0.041639674,0.040797718,0.18292594,0.03249774,0.020189682,0.00641285,0.001691124,0.027085036,0.066823326,0.005929199,0.008116468,0.005491897,0.03222512,4.4638193e-05,0.5,0.002037825,0.14163904,0.5,0
453,NODE21_processed_png/c0088.png,0.052250687,0.04798248,0.1857615,0.17557356,0.013267484,0.022801554,0.002132355,0.12482172,0.029420119,0.0099135,0.012601167,0.0104455,0.037503682,4.8580612e-05,0.5,0.002169575,0.011457756,0.5,0
454,NODE21_processed_png/n0098.png,0.03713147,0.08152283,0.1662091,0.05131342,0.01391153,0.013205998,0.003268558,0.057523813,0.06890196,0.011348872,0.006680002,0.009532797,0.056621294,1.78196e-05,0.5,0.001547319,0.27899694,0.5,1
455,NODE21_processed_png/c2869.png,0.047181286,0.044262756,0.15659353,0.15649535,0.023395961,0.06801078,0.002513207,0.11263844,0.041620526,0.015635274,0.022715678,0.009420741,0.06989306,0.000176049,0.5,0.002770152,0.06412756,0.5,0
456,NODE21_processed_png/c1278.png,0.047156777,0.057418827,0.191935,0.05421041,0.039591845,0.007868576,0.004257633,0.057152707,0.089997016,0.011245251,0.010570216,0.008656607,0.03636641,0.000122627,0.5,0.001512575,0.279252,0.5,0
457,NODE21_processed_png/c0438.png,0.05359216,0.055713188,0.18463528,0.049968213,0.024892358,0.007420426,0.003984403,0.054167308,0.049936596,0.014667536,0.0051067,0.012538505,0.09103736,7.7707315e-05,0.5,0.005770664,0.03302065,0.5,0
458,NODE21_processed_png/n0049.png,0.05442419,0.061849177,0.24368072,0.07591316,0.04487571,0.021028131,0.016421704,0.10960998,0.07539201,0.017402923,0.034551114,0.019354124,0.030457968,0.000557225,0.5,0.003663174,0.08969848,0.5,1
459,NODE21_processed_png/c0059.png,0.033302456,0.049366366,0.18443988,0.03233108,0.027677914,0.002816197,0.001030372,0.056835856,0.074255675,0.008089708,0.008250624,0.007742146,0.041368734,4.1376614e-05,0.5,0.00130201,0.19962229,0.5,0
460,NODE21_processed_png/n0428.png,0.061388742,0.065223694,0.22596672,0.11765507,0.07558505,0.010893504,0.00687072,0.20026915,0.06677965,0.031413563,0.057352692,0.009166474,0.046396818,0.000193633,0.5,0.004544099,0.052013062,0.5,1
461,NODE21_processed_png/c1619.png,0.016004132,0.060569074,0.19900325,0.023612684,0.034200016,0.004939649,0.002174123,0.017319856,0.055498328,0.004476308,0.004724385,0.006472812,0.02272931,1.0739812e-05,0.5,0.000467418,0.13719079,0.5,0
462,NODE21_processed_png/c0915.png,0.05923566,0.052322637,0.14164121,0.2385273,0.0064282,0.043455362,0.005526034,0.07603906,0.03329035,0.009288816,0.004494797,0.011110356,0.04972026,0.000124575,0.5,0.004171692,0.032547902,0.5,0
463,NODE21_processed_png/c0567.png,0.01629349,0.03875655,0.1209066,0.060086936,0.002643914,0.01588288,0.004090033,0.01867824,0.01672489,0.008504446,0.003139151,0.007026119,0.032435056,6.6752655e-06,0.5,0.000914632,0.07671964,0.5,0
464,NODE21_processed_png/n0116.png,0.030079225,0.077284455,0.19614252,0.0487082,0.07407867,0.007141659,0.002572803,0.04255851,0.072070934,0.006285692,0.028133005,0.008187585,0.022088168,8.517705e-05,0.5,0.001625106,0.12189555,0.5,1
465,NODE21_processed_png/c1327.png,0.036654025,0.08146871,0.18902367,0.1578134,0.039484493,0.020403786,0.00509455,0.069881536,0.052489135,0.01684947,0.003410749,0.012672062,0.090285316,0.000283035,0.5,0.003090072,0.061817665,0.5,0
466,NODE21_processed_png/c1480.png,0.06169159,0.05742501,0.23547135,0.065542355,0.044381086,0.006003468,0.005260111,0.09810131,0.06691691,0.011674998,0.02165417,0.011986731,0.044408485,0.000190241,0.5,0.004382721,0.1515456,0.5,0
467,NODE21_processed_png/c2232.png,0.0689293,0.03952224,0.13094236,0.14184833,0.013613142,0.037674744,0.003282109,0.049942806,0.04196711,0.010157694,0.00878895,0.008002016,0.044508457,0.000135561,0.5,0.002621581,0.042016443,0.5,0
468,NODE21_processed_png/c2595.png,0.046342,0.067297064,0.18078543,0.08790131,0.02835587,0.010354893,0.005813022,0.09658993,0.079059534,0.007273355,0.008377289,0.00913385,0.015435328,5.3650983e-05,0.5,0.001445475,0.35160342,0.5,0
469,NODE21_processed_png/c3472.png,0.04830489,0.05914075,0.18921955,0.043719992,0.02706949,0.012097428,0.00472399,0.06915855,0.082670234,0.01622243,0.008817174,0.011006795,0.038934007,0.000178765,0.5,0.00315808,0.29851523,0.5,0
470,NODE21_processed_png/c3800.png,0.06767433,0.07719215,0.17974952,0.049615204,0.01513739,0.016697742,0.004891608,0.14794298,0.07435553,0.014526926,0.02407299,0.006743708,0.029803276,5.2823016e-05,0.5,0.002700936,0.29641572,0.5,0
471,NODE21_processed_png/c1746.png,0.03689407,0.11323854,0.21627109,0.07820263,0.047466196,0.006607118,0.002896109,0.09379252,0.15504727,0.007125556,0.013514943,0.016995572,0.017965414,4.3172724e-05,0.5,0.000865434,0.6128704,0.5,0
472,NODE21_processed_png/c0106.png,0.04469229,0.057111003,0.22106948,0.05445416,0.03781044,0.015812695,0.007614908,0.06529084,0.06738712,0.01740884,0.013495664,0.009396498,0.025988488,0.0001576,0.5,0.001304588,0.11634832,0.5,0
473,NODE21_processed_png/c3013.png,0.02906381,0.04989021,0.186535,0.092836514,0.060456395,0.016029397,0.007453068,0.033103544,0.08132307,0.007430765,0.014139034,0.0087683,0.04505881,0.000135777,0.5,0.002169121,0.17230049,0.5,0
474,NODE21_processed_png/c2653.png,0.03583229,0.031697668,0.15169342,0.048354153,0.012412695,0.019009573,0.004117351,0.037737414,0.04885862,0.011308614,0.09625774,0.004781994,0.011879842,0.000330252,0.5,0.001066758,0.10354156,0.5,0
475,NODE21_processed_png/c2682.png,0.01597117,0.11653526,0.19537783,0.030156028,0.05011029,0.002363785,0.004023854,0.061228804,0.19106089,0.00981936,0.037744418,0.011000357,0.017654173,1.4488662e-05,0.5,0.000312161,0.91395396,0.5,0
476,NODE21_processed_png/c2125.png,0.020867476,0.09319627,0.22832772,0.051990982,0.039258428,0.00486981,0.004716712,0.06796533,0.11978395,0.009388131,0.006859348,0.008925872,0.030023213,1.8350107e-05,0.5,0.000855621,0.32187766,0.5,0
477,NODE21_processed_png/c3765.png,0.034906164,0.06750684,0.19640554,0.037714418,0.028667917,0.006418458,0.006330786,0.039579988,0.08000407,0.006807463,0.006335298,0.01241675,0.036723096,0.000108868,0.5,0.001566315,0.25382245,0.5,0
478,NODE21_processed_png/n0201.png,0.027181644,0.07481259,0.20284243,0.18764585,0.054870468,0.014715742,0.005531605,0.039407596,0.11474895,0.01392468,0.006791567,0.010643412,0.06985181,0.000400465,0.5,0.001075384,0.23751433,0.5,1
479,NODE21_processed_png/c0670.png,0.013720076,0.099158935,0.25682062,0.13475364,0.07993662,0.003040388,0.003137064,0.06508845,0.18009621,0.005752548,0.004421967,0.014479879,0.011550175,3.9799315e-06,0.5,0.000259105,0.7989738,0.5,0
480,NODE21_processed_png/c1797.png,0.04624581,0.05072052,0.18877079,0.04818649,0.038987916,0.009030419,0.001694523,0.055119414,0.07936912,0.005258782,0.021622239,0.007812252,0.018488085,0.000182687,0.5,0.002562704,0.15003613,0.5,0
481,NODE21_processed_png/c1030.png,0.028403882,0.045437492,0.14850222,0.08261563,0.016064882,0.027652765,0.004959119,0.057452437,0.032406166,0.014100011,0.04671618,0.006602958,0.028637946,0.000206076,0.5,0.000678182,0.033530112,0.5,0
482,NODE21_processed_png/c3304.png,0.06980316,0.04704062,0.13714983,0.08237589,0.008166862,0.020366082,0.003516741,0.0750089,0.04384932,0.010624944,0.010221247,0.009911752,0.031549465,8.1182254e-05,0.5,0.006051446,0.107113704,0.5,0
483,NODE21_processed_png/c2544.png,0.03608208,0.043315314,0.18007089,0.045925837,0.014944632,0.008952693,0.00204582,0.0730022,0.0523059,0.007875554,0.006340259,0.006208632,0.018728828,1.3225197e-05,0.5,0.001382843,0.13907829,0.5,0
484,NODE21_processed_png/c2936.png,0.043119717,0.03645188,0.1598606,0.08843918,0.024871808,0.042916067,0.001349345,0.043810915,0.0521159,0.008787718,0.011865757,0.006080153,0.037487596,5.0943734e-05,0.5,0.004140245,0.04754306,0.5,0
485,NODE21_processed_png/c1823.png,0.064020574,0.05986393,0.15935563,0.042810723,0.014146992,0.005614648,0.002280377,0.124540694,0.054014575,0.011886998,0.011323306,0.003857602,0.032450918,4.198047e-05,0.5,0.00156537,0.109107345,0.5,0
486,NODE21_processed_png/c1451.png,0.044653032,0.05311511,0.18959665,0.07097119,0.027713206,0.07109755,0.002765533,0.031827454,0.060057096,0.007830801,0.005091411,0.007799586,0.042208258,8.579219e-05,0.5,0.00259839,0.09670282,0.5,0
487,NODE21_processed_png/c0211.png,0.025721788,0.05035281,0.2117781,0.06617864,0.054838117,0.005949128,0.003014539,0.042141482,0.10837062,0.009773276,0.019524777,0.005534716,0.016641624,3.0521966e-05,0.5,0.000613655,0.3021598,0.5,0
488,NODE21_processed_png/n0359.png,0.030452637,0.13329522,0.21379687,0.045859512,0.07169057,0.007075664,0.004750412,0.072640225,0.11390999,0.013738705,0.009811757,0.016887313,0.06366188,0.000407066,0.5,0.001483952,0.46127996,0.5,1
489,NODE21_processed_png/c0728.png,0.053597033,0.042503085,0.1532559,0.0887401,0.016306246,0.104439676,0.002877088,0.038188644,0.06729379,0.014967011,0.02661049,0.007047503,0.04147478,0.000135258,0.5,0.0034422,0.327947,0.5,0
490,NODE21_processed_png/c1168.png,0.051724203,0.035586245,0.13673677,0.07698409,0.014614337,0.016391234,0.003217444,0.060221944,0.058792047,0.016688505,0.018677358,0.011054619,0.046808936,0.000198247,0.5,0.00171515,0.2039754,0.5,0
491,NODE21_processed_png/c1509.png,0.049490444,0.08046918,0.1886258,0.076007485,0.013130128,0.010073314,0.005897329,0.061582714,0.06995675,0.008028599,0.007599447,0.009211564,0.03469565,1.8164488e-05,0.5,0.00121569,0.24175873,0.5,0
492,NODE21_processed_png/n0738.png,0.049105413,0.12101487,0.2030614,0.14784022,0.01746066,0.013072866,0.005972048,0.16295768,0.16140738,0.01667114,0.015054,0.008188757,0.021528432,3.742939e-05,0.5,0.000925189,0.5906921,0.5,1
493,NODE21_processed_png/c0398.png,0.038133282,0.048461188,0.18423413,0.13695921,0.016441705,0.048434503,0.005891355,0.048673622,0.07861827,0.014715851,0.007069629,0.008936315,0.037586045,6.195023e-05,0.5,0.00262954,0.42722553,0.5,0
494,NODE21_processed_png/c0969.png,0.033042863,0.09265253,0.1636383,0.14362079,0.018808164,0.02027376,0.008290719,0.05195625,0.080215745,0.009992917,0.003098216,0.018461127,0.03679832,2.7229444e-05,0.5,0.001349085,0.17891306,0.5,0
495,NODE21_processed_png/c2188.png,0.029217899,0.07552023,0.28257155,0.20324697,0.09381305,0.0672169,0.007512001,0.065051995,0.07601133,0.011049177,0.005800307,0.013601633,0.0493706,5.3032185e-05,0.5,0.003165152,0.026414962,0.5,0
496,NODE21_processed_png/c2159.png,0.016389266,0.038442563,0.21423745,0.039056193,0.048433647,0.007861321,0.005824894,0.026398132,0.061034337,0.009648985,0.013224167,0.006173022,0.021454444,2.5765508e-05,0.5,0.000871125,0.07299321,0.5,0
497,NODE21_processed_png/c3719.png,0.056824625,0.024314964,0.1223625,0.06999252,0.006558504,0.026145717,0.000575518,0.06538096,0.03464809,0.011017665,0.024304044,0.005537866,0.025758857,2.3605444e-05,0.5,0.002159137,0.12967294,0.5,0
498,NODE21_processed_png/c2538.png,0.04732364,0.06273182,0.21244396,0.058791663,0.030366767,0.008447952,0.006325611,0.0529907,0.066633075,0.010601599,0.01202536,0.008692828,0.033913095,3.5679048e-05,0.5,0.002112157,0.19647002,0.5,0
499,NODE21_processed_png/c2001.png,0.054012474,0.052358102,0.1875749,0.06917805,0.03502239,0.010524039,0.001491926,0.06747636,0.092558235,0.010746263,0.015929654,0.007133587,0.05176267,6.6236644e-05,0.5,0.004293492,0.42238235,0.5,0
500,NODE21_processed_png/c3641.png,0.017117165,0.035228297,0.16453522,0.04311062,0.027438425,0.007097484,0.003110286,0.01702542,0.03127254,0.00541602,0.00390769,0.005949594,0.027921278,4.646661e-05,0.5,0.001667326,0.015303897,0.5,0
501,NODE21_processed_png/n0325.png,0.037624553,0.085503526,0.24055503,0.047752354,0.057102222,0.011232682,0.010655683,0.08545646,0.10155859,0.014875193,0.033376765,0.022488473,0.036923844,0.000336975,0.5,0.002575737,0.30454862,0.5,1
502,NODE21_processed_png/c0754.png,0.01989587,0.041817326,0.21206765,0.06228308,0.060712267,0.007839395,0.002984468,0.02317066,0.10338303,0.007619961,0.012965728,0.00859036,0.017971816,3.507102e-05,0.5,0.001887408,0.22100958,0.5,0
503,NODE21_processed_png/c1114.png,0.022741295,0.06034994,0.16841832,0.12627257,0.019551992,0.013691003,0.00386406,0.02621495,0.09074032,0.011428078,0.005106599,0.009613337,0.038619965,5.1361487e-05,0.5,0.001987254,0.3072165,0.5,0
504,NODE21_processed_png/c3220.png,0.08695353,0.036834024,0.12411405,0.013495676,0.007156136,0.004376227,0.000694184,0.04473516,0.03327825,0.006822388,0.00799283,0.008456307,0.032878414,0.0002157,0.5,0.0053989,0.077453166,0.5,0
505,NODE21_processed_png/c3587.png,0.06009858,0.054863054,0.21976064,0.049952812,0.04274128,0.007677286,0.001906514,0.07233853,0.13548683,0.006739043,0.013455658,0.008645315,0.021904472,0.000122331,0.5,0.002477961,0.49530774,0.5,0
506,NODE21_processed_png/c2812.png,0.049709804,0.06411554,0.18366997,0.084506474,0.019842574,0.020240083,0.002045123,0.04673907,0.07698779,0.008036908,0.010333145,0.007487711,0.03711316,5.8163005e-05,0.5,0.001718299,0.23138103,0.5,0
507,NODE21_processed_png/c2460.png,0.023652945,0.07041251,0.24658717,0.061888948,0.0352934,0.026710447,0.003059643,0.029896325,0.1279371,0.005890498,0.00767076,0.004071634,0.023460884,1.1779961e-05,0.5,0.000468712,0.27475408,0.5,0
508,NODE21_processed_png/c1575.png,0.059244573,0.080856435,0.1880897,0.036099833,0.018796494,0.016062558,0.001718795,0.05997761,0.08046641,0.013141669,0.002957842,0.012558074,0.09669799,1.844527e-05,0.5,0.009262295,0.30380213,0.5,0
509,NODE21_processed_png/c1907.png,0.04767265,0.07104486,0.18806161,0.07676937,0.020444527,0.012744333,0.004544628,0.052677087,0.08436409,0.010911925,0.003322105,0.009721637,0.041034196,3.141366e-05,0.5,0.002131768,0.2707391,0.5,0
510,NODE21_processed_png/n1104.png,0.07257561,0.0856349,0.2055502,0.1680058,0.025950762,0.056360357,0.008789919,0.107443556,0.122670956,0.01976874,0.018444272,0.01430741,0.041655973,5.6930443e-05,0.5,0.00223723,0.4905464,0.5,1
511,NODE21_processed_png/c0335.png,0.025701454,0.03544734,0.16032529,0.038182463,0.022153394,0.012722573,0.002934584,0.012016689,0.04228857,0.00620149,0.003763328,0.010533363,0.06110945,7.449284e-05,0.5,0.001642603,0.091247395,0.5,0
512,NODE21_processed_png/c0492.png,0.04135109,0.048854165,0.1907472,0.12475256,0.015425793,0.05432878,0.008906717,0.043767642,0.070459545,0.012176598,0.008447894,0.013449874,0.048076075,0.000217722,0.5,0.002740423,0.14407736,0.5,0
513,NODE21_processed_png/n0795.png,0.0640975,0.06827231,0.20316502,0.024591992,0.019415168,0.010749404,0.002210733,0.08870879,0.06816637,0.01289699,0.03292882,0.006788654,0.028550938,0.00028206,0.5,0.006291552,0.29707658,0.5,1
514,NODE21_processed_png/c0443.png,0.042684905,0.07129521,0.1523769,0.055456553,0.013703493,0.024971604,0.002370959,0.054706372,0.06734654,0.012574133,0.007966286,0.015110962,0.05251966,6.3135034e-05,0.5,0.002999045,0.3878336,0.5,0
515,NODE21_processed_png/c0831.png,0.03789548,0.04313156,0.21830861,0.0783839,0.03174855,0.011590786,0.005369018,0.042444658,0.07614561,0.007990119,0.010087677,0.007517805,0.03215976,4.9731134e-05,0.5,0.001156465,0.11245624,0.5,0
516,NODE21_processed_png/c1203.png,0.053371392,0.030990299,0.13823023,0.04842333,0.01886506,0.010151609,0.005933873,0.08809747,0.034731187,0.015225447,0.13526037,0.004769734,0.014341545,0.000722567,0.5,0.00288541,0.037797853,0.5,0
517,NODE21_processed_png/c2316.png,0.045997072,0.062047016,0.16689369,0.070877716,0.016754618,0.02955391,0.003372157,0.04256685,0.08161388,0.009728775,0.00466466,0.008299271,0.04419285,2.220187e-05,0.5,0.001143831,0.43976337,0.5,0
518,NODE21_processed_png/c1662.png,0.052453097,0.0957061,0.20781058,0.056205686,0.03801641,0.005537939,0.006857193,0.1372237,0.0834035,0.012350621,0.017541207,0.012490951,0.03350233,0.000280954,0.5,0.001527313,0.35433143,0.5,0
519,NODE21_processed_png/c0785.png,0.056941807,0.072087474,0.16586904,0.061669882,0.015487023,0.011623267,0.005892071,0.12642305,0.078992814,0.008910826,0.030412871,0.009210441,0.016112652,0.000277753,0.5,0.00284417,0.36130565,0.5,0
520,NODE21_processed_png/c0022.png,0.040460866,0.16323279,0.20632645,0.16224302,0.045803837,0.008411469,0.007403011,0.08352125,0.2215578,0.011181221,0.003760317,0.022552703,0.035759278,4.0322037e-05,0.5,0.001083297,0.72628844,0.5,0
521,NODE21_processed_png/n0453.png,0.04299302,0.05645601,0.18278486,0.02647422,0.03132627,0.004569859,0.002389243,0.07786636,0.07168199,0.007279644,0.02828558,0.010380105,0.03383814,0.000710258,0.5,0.004834623,0.18701793,0.5,1
522,NODE21_processed_png/n0821.png,0.044604935,0.065203466,0.277738,0.025499444,0.103394695,0.004814437,0.001115181,0.13596389,0.15031005,0.006587067,0.045980357,0.008494728,0.035450943,0.000270489,0.5,0.00346531,0.32274842,0.5,1
523,NODE21_processed_png/c3690.png,0.051132277,0.05722921,0.18566945,0.12347905,0.044680897,0.018144995,0.002400385,0.071959,0.08439063,0.012923848,0.005095465,0.024746599,0.08750161,4.117913e-05,0.5,0.015177758,0.24936892,0.5,0
524,NODE21_processed_png/c3137.png,0.05316311,0.04399444,0.15179206,0.08635393,0.005599671,0.037044533,0.002007266,0.061669197,0.03969897,0.012086264,0.004789246,0.010455042,0.035141647,4.688832e-05,0.5,0.003600885,0.08076462,0.5,0
525,NODE21_processed_png/c2777.png,0.03720348,0.08419268,0.22075641,0.076885775,0.034199364,0.019568076,0.006978851,0.03286535,0.08588449,0.009330406,0.003650144,0.014856317,0.042995967,0.000413745,0.5,0.003050413,0.13501348,0.5,0
526,NODE21_processed_png/c0389.png,0.04227031,0.07575731,0.18567145,0.17005898,0.031406,0.039014228,0.003709363,0.062242698,0.07296614,0.011419388,0.013745737,0.012079892,0.034240942,0.000169685,0.5,0.002374876,0.18646109,0.5,0
527,NODE21_processed_png/c0739.png,0.035887998,0.04378782,0.15575731,0.07845938,0.021287212,0.022208266,0.004144198,0.02933745,0.07474081,0.006400601,0.019619595,0.010107882,0.025808746,7.539459e-05,0.5,0.00124161,0.20056807,0.5,0
528,NODE21_processed_png/c1179.png,0.048641812,0.051011574,0.22091429,0.12579107,0.046818323,0.05926612,0.003378056,0.04304533,0.061978526,0.008797478,0.010128882,0.009257731,0.034765754,3.8110637e-05,0.5,0.000937541,0.025796946,0.5,0
529,NODE21_processed_png/c1518.png,0.039336517,0.117040925,0.19200222,0.066899285,0.011000474,0.009169806,0.00870751,0.077334546,0.08460963,0.010121891,0.00862411,0.010284006,0.032436818,1.13134065e-05,0.5,0.000796099,0.28790924,0.5,0
530,NODE21_processed_png/n0729.png,0.039239723,0.05661657,0.17719021,0.08246602,0.029177792,0.013480801,0.006036034,0.078371875,0.06647849,0.016417721,0.016005613,0.012768999,0.04087915,0.000638841,0.5,0.006889745,0.17459792,0.5,1
531,NODE21_processed_png/c0358.png,0.025940605,0.042703304,0.1415463,0.099414065,0.019898456,0.013062241,0.002169045,0.033557296,0.05479068,0.009036597,0.008022779,0.007056467,0.03130327,2.1820453e-05,0.5,0.001815888,0.22991632,0.5,0
532,NODE21_processed_png/c0661.png,0.039149787,0.043208063,0.168189,0.07990331,0.01369168,0.00306933,0.002657274,0.056460936,0.06571643,0.011857651,0.01341474,0.006809614,0.029053492,6.703406e-05,0.5,0.001360333,0.21730013,0.5,0
533,NODE21_processed_png/c1021.png,0.026296232,0.077748016,0.20077138,0.09297885,0.011316899,0.014095628,0.00475245,0.0367003,0.078897774,0.011635401,0.01579798,0.008764742,0.024354078,1.2779723e-05,0.5,0.000485426,0.74197435,0.5,0
534,NODE21_processed_png/c1786.png,0.014946013,0.09385054,0.20061333,0.09657821,0.079323664,0.002103646,0.002784435,0.042483173,0.20865937,0.008463438,0.012405323,0.014489815,0.017020939,2.4747798e-05,0.5,0.000145942,0.6970086,0.5,0
535,NODE21_processed_png/c2134.png,0.027318425,0.03476167,0.17719345,0.040400844,0.018496942,0.009053241,0.002825882,0.061219595,0.033707418,0.011181669,0.021019604,0.005366625,0.02650758,0.000211073,0.5,0.002267035,0.03674031,0.5,0
536,NODE21_processed_png/c2693.png,0.033814594,0.05072566,0.14915627,0.080679946,0.007857133,0.03495877,0.003150139,0.03174578,0.04142046,0.009685827,0.00345859,0.008011209,0.033759467,5.563957e-05,0.5,0.002972225,0.047746096,0.5,0
537,NODE21_processed_png/c3774.png,0.09124849,0.053886928,0.17838265,0.18009092,0.004510618,0.0263359,0.004410332,0.068631805,0.050830495,0.017770391,0.009519031,0.007754043,0.040606905,3.4766657e-05,0.5,0.002030154,0.14595856,0.5,0
538,NODE21_processed_png/c1440.png,0.021184284,0.09764493,0.24269044,0.14167611,0.066197835,0.004430391,0.003543221,0.06570925,0.20334332,0.007019918,0.004432621,0.010870858,0.021671727,1.6693608e-05,0.5,0.000632549,0.7062747,0.5,0
539,NODE21_processed_png/c1832.png,0.043726098,0.029710863,0.13312747,0.050172545,0.005266286,0.007144878,0.000950576,0.04813227,0.036210384,0.005084885,0.007236444,0.004840729,0.03251181,5.5432713e-05,0.5,0.001430853,0.07704604,0.5,0
540,NODE21_processed_png/n0671.png,0.056852024,0.038984556,0.19250025,0.01973618,0.035558775,0.004776621,0.001095991,0.103652045,0.07405775,0.008875099,0.13066654,0.004807411,0.027907362,0.000355477,0.5,0.00380763,0.2643904,0.5,1
541,NODE21_processed_png/c0200.png,0.04029907,0.028050238,0.11755404,0.06723515,0.002454799,0.018939985,0.004140184,0.037697013,0.02207999,0.012985234,0.002870169,0.008311569,0.030135106,0.000177928,0.5,0.001879479,0.036352184,0.5,0
542,NODE21_processed_png/c3315.png,0.05189758,0.082744054,0.14138535,0.11802195,0.006274648,0.011244147,0.001823573,0.065870546,0.06714503,0.006697531,0.006227055,0.009690574,0.05571204,2.2723898e-05,0.5,0.002162664,0.35642582,0.5,0
543,NODE21_processed_png/c2927.png,0.052586302,0.033330724,0.15939452,0.06227995,0.0282215,0.009957473,0.004318877,0.05854693,0.04782607,0.011973743,0.041781064,0.010888676,0.03503022,0.000951572,0.5,0.007705496,0.09037508,0.5,0
544,NODE21_processed_png/c2555.png,0.034699272,0.053633925,0.2145021,0.2841733,0.031883273,0.11124548,0.002544058,0.040025666,0.06580447,0.006566678,0.00755475,0.016368084,0.030522618,0.000126157,0.5,0.00266249,0.065669715,0.5,0
545,NODE21_processed_png/c2584.png,0.06235487,0.042008385,0.179821,0.030146085,0.013612074,0.010178634,0.001362993,0.045717657,0.099610575,0.004962374,0.011571145,0.005869162,0.029269919,3.770025e-05,0.5,0.002139659,0.40937316,0.5,0
546,NODE21_processed_png/c2223.png,0.046064083,0.05970347,0.2438896,0.06343539,0.081363864,0.017732274,0.003234468,0.045698497,0.13516326,0.009581388,0.027340665,0.009383541,0.022377908,0.000309982,0.5,0.00233653,0.39516923,0.5,0
547,NODE21_processed_png/c3811.png,0.045912366,0.03512831,0.14561635,0.11209241,0.011732061,0.055574916,0.002453013,0.026252683,0.03233818,0.007384588,0.00618987,0.008892679,0.04633921,4.05923e-05,0.5,0.003665166,0.054015186,0.5,0
548,NODE21_processed_png/c3463.png,0.03788352,0.03294348,0.16154616,0.049787976,0.023575274,0.016598443,0.00525451,0.04193374,0.0510558,0.008173655,0.01594451,0.009363505,0.026951313,0.000216947,0.5,0.003136956,0.11122033,0.5,0
549,NODE21_processed_png/c0576.png,0.023874147,0.04172319,0.20070738,0.074597485,0.04071919,0.014530308,0.002335576,0.040544104,0.07941422,0.008540873,0.008525156,0.006334702,0.025291221,8.0070065e-05,0.5,0.000881827,0.19657324,0.5,0
550,NODE21_processed_png/c0904.png,0.03603604,0.065425865,0.1634504,0.08279838,0.00931817,0.009723116,0.000894824,0.03954059,0.049025886,0.005590904,0.0026622,0.00607323,0.02643527,2.8380422e-05,0.5,0.001787837,0.07996952,0.5,0
551,NODE21_processed_png/c1491.png,0.05505988,0.039106224,0.13346884,0.037822384,0.01089674,0.005545192,0.000609775,0.10393607,0.034694202,0.007693253,0.009262035,0.009005934,0.05982174,7.6074175e-05,0.5,0.006165732,0.044419575,0.5,0
552,NODE21_processed_png/c1336.png,0.050258525,0.070938714,0.19597282,0.090102024,0.022700313,0.010986383,0.003221127,0.05522378,0.0812779,0.008410106,0.00467953,0.008224138,0.033904355,7.739775e-05,0.5,0.00268169,0.24793322,0.5,0
553,NODE21_processed_png/c3002.png,0.033576757,0.09431772,0.2476827,0.18608011,0.05135477,0.012106895,0.011758707,0.06298238,0.1399835,0.014743977,0.006047698,0.020259399,0.042468335,8.153239e-05,0.5,0.001591472,0.32791677,0.5,0
554,NODE21_processed_png/c2642.png,0.03827907,0.030592509,0.11464916,0.028118597,0.003379274,0.00339397,0.000792249,0.01636203,0.04292024,0.006644548,0.006619243,0.006132134,0.03922597,6.46798e-05,0.5,0.000869386,0.102257475,0.5,0
555,NODE21_processed_png/c1757.png,0.05185998,0.101825245,0.21550915,0.10996597,0.04557918,0.011158358,0.002277052,0.091186516,0.163021,0.009172624,0.028322667,0.013735965,0.035545826,0.00012431,0.5,0.003403759,0.67886496,0.5,0
556,NODE21_processed_png/c0117.png,0.11941141,0.0959185,0.20290688,0.033864606,0.023450674,0.010407683,0.001861966,0.12171969,0.17538986,0.011704807,0.020028915,0.011449927,0.04397059,0.000221032,0.5,0.009210594,0.7177351,0.5,0
557,NODE21_processed_png/n0566.png,0.07286296,0.07724559,0.19810277,0.08068233,0.035183463,0.007426308,0.00370477,0.123649865,0.12522765,0.019551309,0.012224292,0.015870705,0.04590566,0.000389197,0.5,0.005943405,0.42907065,0.5,1
558,NODE21_processed_png/c2307.png,0.045426548,0.038024746,0.16392617,0.047484238,0.027148599,0.013892269,0.004955475,0.070374675,0.039544437,0.017081201,0.030688588,0.007187659,0.022154713,0.000181365,0.5,0.004973051,0.06858196,0.5,0
559,NODE21_processed_png/c3547.png,0.06783723,0.04920397,0.1484009,0.048168994,0.013166742,0.023455087,0.000897043,0.08536618,0.08466323,0.009373321,0.009899711,0.007884393,0.05459398,5.8402442e-05,0.5,0.00522868,0.56651115,0.5,0
560,NODE21_processed_png/c0820.png,0.07343339,0.10253406,0.2555109,0.08089152,0.05887894,0.006826652,0.005620191,0.14671086,0.15305524,0.009870848,0.081199385,0.006365658,0.016642239,7.809948e-05,0.5,0.001600177,0.32112825,0.5,0
561,NODE21_processed_png/c0452.png,0.037804306,0.03569836,0.12304346,0.011064578,0.004816447,0.003024013,0.000622041,0.028723741,0.026468383,0.003421066,0.012929563,0.004613179,0.02954188,2.8746023e-05,0.5,0.000634254,0.051834762,0.5,0
562,NODE21_processed_png/c1212.png,0.053162824,0.08725936,0.15412048,0.061667047,0.016989198,0.01675566,0.002328125,0.12674001,0.057337314,0.013992895,0.008574803,0.008708327,0.066202015,3.478865e-05,0.5,0.001763926,0.21682513,0.5,0
563,NODE21_processed_png/c3126.png,0.046983436,0.029235102,0.12194746,0.040620957,0.003876174,0.02895604,0.001400823,0.025103904,0.022806825,0.004755466,0.015686555,0.011136933,0.033611573,0.000131305,0.5,0.002103845,0.048403244,0.5,0
564,NODE21_processed_png/c3681.png,0.042100765,0.081547625,0.21243605,0.07024935,0.025036164,0.02214512,0.008126817,0.05049189,0.094122946,0.008614081,0.012696352,0.007285642,0.020662172,1.390472e-05,0.5,0.000468679,0.1495912,0.5,0
565,NODE21_processed_png/c2766.png,0.030454084,0.08536,0.20938846,0.04388809,0.03178007,0.00358657,0.00194491,0.05155181,0.13039102,0.006518155,0.006895688,0.008843688,0.02088354,9.578369e-06,0.5,0.000492672,0.30366296,0.5,0
566,NODE21_processed_png/c1673.png,0.055962726,0.042945497,0.15064807,0.057979964,0.008223231,0.0208506,0.003517187,0.048100732,0.047310565,0.016713902,0.012733009,0.010157742,0.043332785,7.093649e-05,0.5,0.004287084,0.18931161,0.5,0
567,NODE21_processed_png/c0033.png,0.028167272,0.09453573,0.24142653,0.118109755,0.02740243,0.017698422,0.003792139,0.059391644,0.11081413,0.008758781,0.005232143,0.01042262,0.055329237,2.7986971e-05,0.5,0.000345832,0.4897929,0.5,0
568,NODE21_processed_png/n0830.png,0.04716728,0.07314154,0.25286835,0.021916397,0.053357325,0.001687242,0.000499879,0.14991102,0.06896151,0.004975341,0.048268214,0.005867838,0.018434662,0.000208454,0.5,0.003344502,0.13059372,0.5,1
569,NODE21_processed_png/c0794.png,0.09317013,0.049664706,0.123013794,0.03834884,0.00319131,0.010927211,0.001081555,0.03177519,0.029940473,0.005707088,0.003883689,0.006653673,0.04552826,4.1035335e-05,0.5,0.001212789,0.042964194,0.5,0
570,NODE21_processed_png/c0745.png,0.05299238,0.051037688,0.24052076,0.1407752,0.016161248,0.033636786,0.010245811,0.05284397,0.051766023,0.014813897,0.002182325,0.007543355,0.040340103,9.002162e-05,0.5,0.001245104,0.043526813,0.5,0
571,NODE21_processed_png/c1105.png,0.066759534,0.08585286,0.195807,0.3868451,0.009098219,0.14821067,0.008081169,0.07992815,0.0957554,0.01700497,0.002605327,0.010768448,0.04414094,4.0080628e-05,0.5,0.005027315,0.23263146,0.5,0
572,NODE21_processed_png/c2010.png,0.02495799,0.07879484,0.2381607,0.10845352,0.075626865,0.00887319,0.012876595,0.08645865,0.06240408,0.019080726,0.011317863,0.01880113,0.038932506,0.000117072,0.5,0.001418264,0.16485867,0.5,0
573,NODE21_processed_png/c3650.png,0.018005714,0.06306062,0.2192973,0.08452877,0.03276908,0.008845918,0.00605822,0.029928766,0.088287406,0.017390136,0.003555918,0.008221448,0.033869073,2.0320744e-05,0.5,0.000499219,0.18628456,0.5,0
574,NODE21_processed_png/c1916.png,0.034339555,0.06809456,0.17606464,0.12019033,0.025925426,0.02278174,0.004484361,0.047077194,0.07346381,0.01157061,0.005477726,0.008299953,0.060202647,0.00010677,0.5,0.002533659,0.15590332,0.5,0
575,NODE21_processed_png/c1564.png,0.035477284,0.040721696,0.1869579,0.04256106,0.026920643,0.005332958,0.001781569,0.0673124,0.098333694,0.009313162,0.0244633,0.005113809,0.0182162,7.930424e-05,0.5,0.000867658,0.41500267,0.5,0
576,NODE21_processed_png/n1115.png,0.07148174,0.1106771,0.26255935,0.092491515,0.055118583,0.021658028,0.012107185,0.08174652,0.121161036,0.01696387,0.011816702,0.023450514,0.06407018,0.000651348,0.5,0.006299235,0.25951144,0.5,1
577,NODE21_processed_png/c0483.png,0.02688749,0.16191252,0.26850438,0.028516287,0.13379087,0.003283151,0.00421794,0.076863974,0.28417882,0.006513446,0.014399897,0.012779833,0.030009627,8.058295e-06,0.5,0.000200841,0.7244892,0.5,0
578,NODE21_processed_png/n0755.png,0.08822332,0.047917925,0.17946467,0.034977037,0.039737124,0.005301994,0.003268185,0.117160216,0.079551674,0.013577159,0.05052163,0.013014128,0.035590168,0.000885726,0.5,0.006887142,0.13942608,0.5,1
579,NODE21_processed_png/c0324.png,0.045723323,0.059767514,0.19187799,0.12673753,0.01678015,0.008523614,0.004255468,0.06913593,0.057002112,0.010773696,0.004532616,0.011315246,0.03232023,1.3050769e-05,0.5,0.001111572,0.17366086,0.5,0
580,NODE21_processed_png/c3596.png,0.035233106,0.074567154,0.18717825,0.17420134,0.054873895,0.010551974,0.018491918,0.065973304,0.07499414,0.020534296,0.036474597,0.012506014,0.02557141,9.2555434e-05,0.5,0.001302938,0.108455874,0.5,0
581,NODE21_processed_png/c3231.png,0.03202552,0.048777547,0.18330926,0.039282903,0.029236939,0.008789227,0.002008797,0.061179746,0.06727272,0.011033595,0.011214879,0.006873855,0.02475157,3.1448042e-05,0.5,0.003702613,0.22783722,0.5,0
582,NODE21_processed_png/c2471.png,0.05192868,0.04897857,0.15766287,0.26970115,0.016516935,0.025278136,0.005370866,0.059393935,0.075876184,0.023419509,0.012277307,0.0155817,0.04105198,8.18581e-05,0.5,0.001856987,0.2825534,0.5,0
583,NODE21_processed_png/c2803.png,0.025517648,0.076936044,0.15493399,0.108755045,0.042626455,0.02878749,0.002212532,0.0650565,0.07901642,0.013620509,0.015031853,0.01248646,0.030446919,0.000240604,0.5,0.002226336,0.3082142,0.5,0
584,NODE21_processed_png/c2148.png,0.020297484,0.11204512,0.21421766,0.07513057,0.05797571,0.00330461,0.002002229,0.044985652,0.2175537,0.003418731,0.008540649,0.011072843,0.015735459,9.306954e-06,0.5,0.000217467,0.751253,0.5,0
585,NODE21_processed_png/c3708.png,0.049655724,0.046309076,0.13178714,0.028331911,0.015053769,0.004783399,0.000869789,0.042910367,0.044608172,0.006733409,0.021063557,0.005940375,0.0469073,0.000170805,0.5,0.002893757,0.08921074,0.5,0
586,NODE21_processed_png/c3369.png,0.045629904,0.07028791,0.17563047,0.105500035,0.0196531,0.016140606,0.006140168,0.0637626,0.08209598,0.01710735,0.007102421,0.01331081,0.039262146,4.7903286e-05,0.5,0.002406769,0.31884986,0.5,0
587,NODE21_processed_png/c2529.png,0.055814773,0.08208588,0.2035182,0.060336754,0.014259052,0.010057313,0.010439744,0.09858399,0.110438734,0.010404024,0.041511897,0.008065022,0.020733494,4.5064793e-05,0.5,0.00290789,0.39023557,0.5,0
588,NODE21_processed_png/c0978.png,0.041096848,0.060613625,0.21175542,0.033888984,0.047478728,0.003098055,0.000676045,0.04185128,0.10208227,0.004009632,0.010232911,0.006177519,0.028692732,0.000203016,0.5,0.002714706,0.19280803,0.5,0
589,NODE21_processed_png/n0968.png,0.03269468,0.13344288,0.27000555,0.09000241,0.075212374,0.004384549,0.00682826,0.15699708,0.20190048,0.022214858,0.01715594,0.011120302,0.034531698,5.3339438e-05,0.5,0.001106619,0.6537079,0.5,1
590,NODE21_processed_png/c2199.png,0.030224577,0.066491514,0.17238332,0.09077932,0.055562187,0.015145392,0.004224698,0.07496962,0.08607483,0.015400777,0.017819572,0.013451948,0.033729944,6.200236e-05,0.5,0.001771903,0.2589445,0.5,0
591,NODE21_processed_png/c3540.png,0.043056738,0.0698717,0.21711916,0.08263117,0.060358528,0.01713418,0.011931349,0.038017523,0.097301245,0.010346627,0.007538993,0.010606607,0.055963483,9.845008e-05,0.5,0.002689994,0.17243537,0.5,0
592,NODE21_processed_png/c2300.png,0.0695544,0.03523481,0.1449092,0.037126485,0.012878607,0.004909805,0.004657233,0.05054522,0.048386194,0.01399148,0.01871609,0.006157993,0.037790198,8.142501e-05,0.5,0.001753838,0.09624859,0.5,0
593,NODE21_processed_png/c1215.png,0.03569703,0.07595951,0.1578586,0.15061943,0.024261532,0.015650077,0.006649977,0.0619712,0.16224152,0.014649812,0.015122403,0.016090708,0.025428584,7.718591e-05,0.5,0.000925444,0.678552,0.5,0
594,NODE21_processed_png/c0455.png,0.054112513,0.027210789,0.13967676,0.05482203,0.018305661,0.046140473,0.00376689,0.028099736,0.03649991,0.007428789,0.010416943,0.010486398,0.04612147,0.001020359,0.5,0.004535579,0.043080706,0.5,0
595,NODE21_processed_png/c0827.png,0.029281043,0.06886024,0.18301368,0.14002603,0.016216433,0.008400865,0.003028441,0.06895608,0.07999765,0.01070154,0.003814527,0.007348155,0.026105028,1.5959926e-05,0.5,0.000974131,0.15044576,0.5,0
596,NODE21_processed_png/n0024.png,0.096852146,0.07491691,0.19802392,0.05504572,0.030468084,0.016213406,0.008588297,0.093816824,0.060660865,0.020423966,0.026705483,0.02468242,0.062747434,0.001177688,0.5,0.009733476,0.1653164,0.5,1
597,NODE21_processed_png/c2761.png,0.037278663,0.03564642,0.16578698,0.14654222,0.026946113,0.01580022,0.011779068,0.040731065,0.07656919,0.010469216,0.035321888,0.011011446,0.016375097,0.000236126,0.5,0.001991344,0.1933196,0.5,0
598,NODE21_processed_png/c3686.png,0.03700874,0.051813196,0.16795306,0.054631952,0.01874921,0.012578408,0.004024237,0.020989625,0.06875541,0.007293532,0.00210826,0.008281577,0.05763163,3.4328878e-05,0.5,0.003638031,0.1699406,0.5,0
599,NODE21_processed_png/c3121.png,0.025432816,0.039848797,0.1554855,0.15109175,0.012119483,0.04871,0.007211524,0.042134352,0.050511744,0.011406844,0.010465189,0.009922663,0.019249711,6.3459716e-05,0.5,0.002288605,0.09232619,0.5,0
600,NODE21_processed_png/c0793.png,0.059929,0.032489385,0.16637124,0.07422049,0.025037112,0.023120418,0.003853913,0.035169866,0.06567225,0.01753095,0.018554233,0.010822912,0.044188425,0.000140708,0.5,0.003420703,0.23432292,0.5,0
601,NODE21_processed_png/c0034.png,0.06163377,0.047366872,0.17805105,0.08643612,0.021966176,0.029734062,0.002722976,0.046625342,0.06554488,0.011258224,0.011504548,0.009972253,0.038311165,0.00029553,0.5,0.004188316,0.18220513,0.5,0
602,NODE21_processed_png/n0445.png,0.024044525,0.055929672,0.22215368,0.037436888,0.04280703,0.006416639,0.000867048,0.07723236,0.13344851,0.004118663,0.019515606,0.004083938,0.017248493,9.278276e-06,0.5,0.000718066,0.42504686,0.5,1
603,NODE21_processed_png/c1674.png,0.05090372,0.046875454,0.19200285,0.04384969,0.017847082,0.006780784,0.001505507,0.09872026,0.053071693,0.00662776,0.009705503,0.003919946,0.019502625,3.5683915e-05,0.5,0.000860574,0.043585297,0.5,0
604,NODE21_processed_png/c1102.png,0.079322115,0.047148444,0.13203073,0.22333753,0.00850532,0.04117111,0.003267577,0.088895395,0.043059137,0.01982864,0.00582604,0.011305896,0.06099427,0.000203722,0.5,0.008082234,0.18769361,0.5,0
605,NODE21_processed_png/n0333.png,0.038943276,0.057144795,0.19174996,0.084617436,0.018291008,0.029157123,0.002983798,0.06860694,0.057884492,0.010589485,0.014993496,0.00699498,0.028676542,5.4879903e-05,0.5,0.001193283,0.20436873,0.5,1
606,NODE21_processed_png/c0742.png,0.028914154,0.06513551,0.21645613,0.072589345,0.057762783,0.004275353,0.002747614,0.06342105,0.12320911,0.011138101,0.022858359,0.005282234,0.019308165,9.971403e-05,0.5,0.000721959,0.20240778,0.5,0
607,NODE21_processed_png/c3657.png,0.03158005,0.06873084,0.16924684,0.06450203,0.01453753,0.014493802,0.002121419,0.06310648,0.041829713,0.008781747,0.003547091,0.00555389,0.0258165,5.332494e-05,0.5,0.002448665,0.08454713,0.5,0
608,NODE21_processed_png/c2017.png,0.04641852,0.06549413,0.20430577,0.14402558,0.02441391,0.03125486,0.005402533,0.048167106,0.09057143,0.011058005,0.005415775,0.01706799,0.04030172,4.7782294e-05,0.5,0.004619456,0.3051137,0.5,0
609,NODE21_processed_png/c0323.png,0.042396445,0.039750423,0.13808098,0.114926085,0.010338247,0.033871178,0.006393397,0.055433773,0.05004564,0.020588247,0.011035465,0.010516448,0.04066438,0.000254343,0.5,0.005813947,0.16768005,0.5,0
610,NODE21_processed_png/c0484.png,0.055029552,0.070894286,0.19000654,0.14209267,0.028569706,0.030121842,0.013833616,0.08744391,0.052166987,0.017342221,0.025286093,0.01276385,0.038895518,0.000238688,0.5,0.002733688,0.049945015,0.5,0
611,NODE21_processed_png/c1563.png,0.03176262,0.034354255,0.1401905,0.07088382,0.006899939,0.06078409,0.00473695,0.026830653,0.033459984,0.016982546,0.005432173,0.007565523,0.042704687,0.00032213,0.5,0.00398928,0.09549318,0.5,0
612,NODE21_processed_png/c1911.png,0.023551727,0.075818054,0.20529792,0.20655893,0.038529184,0.010345048,0.004732375,0.06128231,0.08877427,0.009478198,0.001706699,0.019915514,0.038711525,2.8970451e-05,0.5,0.000580277,0.32496497,0.5,0
613,NODE21_processed_png/n1112.png,0.033510722,0.13938534,0.19791915,0.0815966,0.04619513,0.013813756,0.00562606,0.08251334,0.21739909,0.009459498,0.00787853,0.01572507,0.029919317,9.0997426e-05,0.5,0.00095476,0.75803125,0.5,1
614,NODE21_processed_png/c2804.png,0.053934433,0.08989111,0.27459544,0.046966735,0.070939176,0.003158087,0.001477834,0.10789848,0.097309195,0.009071541,0.021374878,0.009157646,0.026475986,0.000253494,0.5,0.003835336,0.25100243,0.5,0
615,NODE21_processed_png/c2476.png,0.036832232,0.060711328,0.16261792,0.080513,0.01757566,0.030646885,0.006603024,0.06446667,0.04663701,0.01042002,0.011835818,0.006481213,0.02168754,4.9657683e-05,0.5,0.001572998,0.07681518,0.5,0
616,NODE21_processed_png/c3236.png,0.05162471,0.070579,0.17384523,0.028431943,0.028649524,0.003547327,0.001836838,0.07203232,0.054905683,0.009696126,0.03122259,0.008183192,0.032315314,0.00034517,0.5,0.001786998,0.18666993,0.5,0
617,NODE21_processed_png/c3591.png,0.043362062,0.065768726,0.17948228,0.020096187,0.019230828,0.002796236,0.00148185,0.039788786,0.05582005,0.003547334,0.002684972,0.006873034,0.037283204,5.2014388e-05,0.5,0.001924656,0.09835476,0.5,0
618,NODE21_processed_png/c2289.png,0.026200652,0.07254665,0.1876806,0.07756458,0.015953608,0.022443863,0.000917876,0.042332903,0.061467174,0.002654839,0.001710539,0.005890258,0.023083143,3.3838827e-05,0.5,0.001321148,0.1761806,0.5,0
619,NODE21_processed_png/c1849.png,0.02548556,0.05498545,0.18805528,0.040082514,0.022204427,0.003396991,0.001880019,0.060113866,0.048890334,0.007179224,0.012861325,0.004389657,0.026492098,1.36598865e-05,0.5,0.000309136,0.07166524,0.5,0
620,NODE21_processed_png/c1898.png,0.059859168,0.03569019,0.14883974,0.018378375,0.012747306,0.00305318,0.000668182,0.054476757,0.053444866,0.007413849,0.044526633,0.00474628,0.030361004,0.000301488,0.5,0.003364067,0.24468279,0.5,0
621,NODE21_processed_png/c3418.png,0.03286767,0.07931969,0.17986524,0.104988374,0.028265923,0.028493684,0.007074055,0.073252775,0.067617424,0.010031151,0.01420268,0.010756196,0.03948502,5.2146097e-05,0.5,0.00111596,0.13518734,0.5,0
622,NODE21_processed_png/c2258.png,0.049913786,0.12359488,0.20824541,0.17740937,0.066157244,0.03456749,0.01697927,0.07985478,0.21254504,0.020933421,0.005801121,0.020452552,0.03877187,0.000124233,0.5,0.001255132,0.80496085,0.5,0
623,NODE21_processed_png/c2639.png,0.04585954,0.030199373,0.1590926,0.06964836,0.002973214,0.017751457,0.002619906,0.058668163,0.038789947,0.015369853,0.03175877,0.006041048,0.024209267,2.1894179e-05,0.5,0.001083967,0.14330615,0.5,0
624,NODE21_processed_png/c3079.png,0.010669008,0.0830159,0.18316697,0.018350648,0.013502189,0.003905167,0.000726771,0.02614713,0.0494228,0.002337282,0.003317578,0.004360382,0.019335827,4.9532277e-06,0.5,0.000358774,0.06616622,0.5,0
625,NODE21_processed_png/c1269.png,0.055744443,0.09906238,0.16701412,0.16562398,0.013966685,0.02850922,0.005148285,0.09605374,0.111215636,0.01668839,0.005123205,0.009646583,0.042653866,1.959504e-05,0.5,0.00193539,0.4213964,0.5,0
626,NODE21_processed_png/c0429.png,0.04738481,0.042376917,0.1783783,0.03341647,0.012822067,0.012982208,0.002727853,0.053892016,0.0748021,0.01105445,0.012067308,0.010652241,0.048702497,5.920149e-05,0.5,0.004566247,0.37259376,0.5,0
627,NODE21_processed_png/c0048.png,0.03338515,0.060149685,0.14674044,0.0528775,0.017451327,0.010055956,0.001279017,0.035999455,0.055032805,0.005161101,0.008653866,0.008168652,0.026254814,3.0557265e-05,0.5,0.003799251,0.21676691,0.5,0
628,NODE21_processed_png/n0439.png,0.05013631,0.06860047,0.17957488,0.13317542,0.039694767,0.010539865,0.004404334,0.09727449,0.04382765,0.014466255,0.06717064,0.008352767,0.02644505,0.000101976,0.5,0.001841052,0.0708825,0.5,1
629,NODE21_processed_png/c1608.png,0.036037266,0.06566059,0.20558728,0.018601991,0.018182173,0.004157222,0.002437728,0.047312025,0.06407479,0.005292333,0.009212843,0.006328442,0.02980293,5.0922215e-05,0.5,0.001839416,0.16652562,0.5,0
630,NODE21_processed_png/c0099.png,0.028941028,0.06282003,0.22522004,0.09536378,0.030192507,0.036172215,0.005539895,0.038827512,0.056748535,0.009199545,0.008063657,0.008463597,0.032959815,0.000213224,0.5,0.002789458,0.032351423,0.5,0
631,NODE21_processed_png/c2878.png,0.07165995,0.052030314,0.14038521,0.046811093,0.007232299,0.016765112,0.001233719,0.067047015,0.043558247,0.005141518,0.012868094,0.00683463,0.020142524,4.0617975e-05,0.5,0.00496693,0.061381947,0.5,0
632,NODE21_processed_png/n0089.png,0.079789855,0.044663776,0.1879354,0.14589825,0.03319431,0.04145543,0.006144158,0.089929074,0.08783934,0.016117582,0.026150303,0.012821228,0.044692244,0.00016098,0.5,0.004851899,0.19546145,0.5,1
633,NODE21_processed_png/c1781.png,0.04012234,0.04880325,0.16280694,0.022338863,0.009963344,0.004579769,0.002357933,0.04607353,0.040934507,0.0079819,0.01654078,0.006867062,0.035661977,7.383097e-05,0.5,0.002301824,0.074224986,0.5,0
634,NODE21_processed_png/c1026.png,0.05660809,0.060775604,0.20848809,0.06566114,0.034561686,0.013926118,0.003219844,0.0869115,0.08636451,0.01065261,0.003496442,0.01340181,0.07259858,6.3858366e-05,0.5,0.005988862,0.19426061,0.5,0
635,NODE21_processed_png/n0217.png,0.02686972,0.11517767,0.1972039,0.05757248,0.04927266,0.003735026,0.000392658,0.06466931,0.13644613,0.004067678,0.002192667,0.011094512,0.059621,1.144648e-05,0.5,0.000556813,0.55944943,0.5,1
636,NODE21_processed_png/c0666.png,0.039348688,0.06146881,0.19981341,0.1501955,0.061374594,0.012547391,0.006066544,0.06106919,0.15920314,0.011504771,0.04145283,0.011072541,0.025227223,0.000301763,0.5,0.002182942,0.5109381,0.5,0
637,NODE21_processed_png/c3773.png,0.032675132,0.142832,0.22342746,0.071864165,0.10334683,0.003161644,0.003999365,0.077585585,0.21031588,0.007714254,0.011301002,0.016928243,0.06775947,0.000161897,0.5,0.000377363,0.6749283,0.5,0
638,NODE21_processed_png/c2694.png,0.08522543,0.051473007,0.15901454,0.04648974,0.014101942,0.022373404,0.008978521,0.06086679,0.037747614,0.015560559,0.013873055,0.008650236,0.037319794,0.000465181,0.5,0.002967476,0.081091076,0.5,0
639,NODE21_processed_png/c2133.png,0.027927183,0.05320601,0.21941486,0.092122674,0.07409593,0.008890425,0.006799776,0.051815603,0.116904184,0.012614263,0.028307518,0.010165889,0.027330378,6.165425e-05,0.5,0.000888207,0.3859943,0.5,0
640,NODE21_processed_png/c0207.png,0.038340062,0.037528764,0.21960242,0.030941954,0.034930773,0.004448777,0.001314602,0.06255404,0.08246449,0.007166617,0.01781125,0.007187649,0.024413493,0.000250198,0.5,0.003054018,0.18055919,0.5,0
641,NODE21_processed_png/c1835.png,0.062002324,0.07432816,0.18231443,0.13036948,0.014100909,0.014795525,0.009065685,0.056725174,0.11009509,0.013692065,0.00417422,0.012661164,0.05086654,6.423784e-05,0.5,0.002037618,0.5105102,0.5,0
642,NODE21_processed_png/c1447.png,0.04612435,0.05741199,0.17263514,0.09475245,0.016442837,0.017033279,0.005610763,0.08538281,0.07428589,0.010766524,0.028363891,0.006142612,0.012988165,2.7389951e-05,0.5,0.001106918,0.24082592,0.5,0
643,NODE21_processed_png/c2552.png,0.032682795,0.04284515,0.18508439,0.029649636,0.03368696,0.004715075,0.005632408,0.04205753,0.07369055,0.010638123,0.018855346,0.015896434,0.026860688,0.000261005,0.5,0.00229,0.18307091,0.5,0
644,NODE21_processed_png/c2920.png,0.04078678,0.08316302,0.19786075,0.06824191,0.01336688,0.01700566,0.004969298,0.09511734,0.058936786,0.012202968,0.0115585,0.007669767,0.021250624,3.2354168e-05,0.5,0.003342052,0.29237774,0.5,0
645,NODE21_processed_png/c3312.png,0.014509032,0.06262255,0.16429467,0.12288362,0.01080122,0.016534438,0.003156642,0.029445471,0.032061964,0.00943765,0.003591508,0.010947359,0.023273025,6.246238e-06,0.5,0.001781902,0.12812383,0.5,0
646,NODE21_processed_png/c3464.png,0.020280283,0.08944568,0.19681555,0.06680917,0.054370854,0.00185188,0.002037502,0.07080739,0.20323355,0.008542986,0.035149228,0.009947188,0.011035182,9.3142364e-05,0.5,0.000452867,0.8176934,0.5,0
647,NODE21_processed_png/c3816.png,0.03032806,0.09512537,0.23277962,0.045458917,0.10506911,0.004139391,0.005846036,0.08060654,0.08096927,0.007461122,0.049981486,0.007585739,0.015958771,0.000102281,0.5,0.000713124,0.18397021,0.5,0
648,NODE21_processed_png/c2224.png,0.05806322,0.07634056,0.18873559,0.10082493,0.02809113,0.009606017,0.004334371,0.057422403,0.117102824,0.010145946,0.018818004,0.0083799,0.02320669,7.887059e-05,0.5,0.003301894,0.4368254,0.5,0
649,NODE21_processed_png/c2583.png,0.02557377,0.064720765,0.15846959,0.09526572,0.03354966,0.007820978,0.00853822,0.041825723,0.07556383,0.013549215,0.011952806,0.009281303,0.045696687,9.53426e-05,0.5,0.001304834,0.20181723,0.5,0
650,NODE21_processed_png/c1331.png,0.047820568,0.08255664,0.18769473,0.06350991,0.01228578,0.018591862,0.00276648,0.058703117,0.070324555,0.009220284,0.006265637,0.006319077,0.03371969,1.9539506e-05,0.5,0.003371528,0.2945,0.5,0
651,NODE21_processed_png/c1496.png,0.02504613,0.050985422,0.17717782,0.05481189,0.044058416,0.007345321,0.001630509,0.05423505,0.124578096,0.007924701,0.005719591,0.009971755,0.026178632,0.000115378,0.5,0.002069085,0.56060326,0.5,0
652,NODE21_processed_png/c0903.png,0.042465243,0.048004657,0.19573474,0.062876925,0.009926355,0.00662719,0.00478181,0.03212415,0.05096585,0.008383652,0.004400362,0.008482794,0.039435066,7.868061e-05,0.5,0.001499355,0.07339837,0.5,0
653,NODE21_processed_png/n0100.png,0.023992443,0.042124633,0.24301514,0.01502269,0.025866577,0.004125788,0.001141156,0.027303735,0.072091274,0.004939244,0.004638007,0.004873204,0.021953508,2.8984048e-05,0.5,0.000990342,0.11803726,0.5,1
654,NODE21_processed_png/c2645.png,0.029982576,0.08818136,0.22218494,0.056526914,0.027751947,0.007945657,0.001902534,0.06251924,0.14848432,0.006858197,0.029715778,0.005556049,0.018094044,2.4072544e-05,0.5,0.000494052,0.6900755,0.5,0
655,NODE21_processed_png/c3005.png,0.041310728,0.062374707,0.21241803,0.0858385,0.02439327,0.005001036,0.002061264,0.10715883,0.12223374,0.009224589,0.006189102,0.006021722,0.028223878,1.8073237e-05,0.5,0.00141757,0.48184496,0.5,0
656,NODE21_processed_png/c0110.png,0.045187876,0.03254269,0.15960863,0.020512491,0.014038042,0.003738459,0.000940811,0.059739005,0.049477533,0.006633426,0.013482011,0.006333924,0.031452917,3.3186592e-05,0.5,0.00158063,0.15447515,0.5,0
657,NODE21_processed_png/n0913.png,0.023889698,0.075647764,0.2250759,0.13676621,0.08028548,0.007401431,0.003356737,0.07796203,0.13701908,0.008677019,0.008260419,0.016324045,0.04442383,4.8472368e-05,0.5,0.001062982,0.45363694,0.5,1
658,NODE21_processed_png/n0561.png,0.05258697,0.06922979,0.20203131,0.09059974,0.028982779,0.045611765,0.008242283,0.06019512,0.09201587,0.009779117,0.011457316,0.013297845,0.044991355,0.00013277,0.5,0.00242624,0.13691466,0.5,1
659,NODE21_processed_png/c1750.png,0.08947594,0.04443428,0.14732331,0.10352474,0.007397269,0.04502002,0.003744994,0.056394216,0.061777476,0.011350995,0.004573218,0.009425137,0.044984374,6.766435e-05,0.5,0.003995373,0.28256324,0.5,0
660,NODE21_processed_png/c0829.png,0.048580494,0.04035246,0.15618128,0.24609585,0.003415613,0.056758497,0.005152453,0.0641085,0.021512099,0.014139997,0.004149168,0.011943764,0.050030317,0.000114768,0.5,0.001928623,0.01998628,0.5,0
661,NODE21_processed_png/n0839.png,0.05433988,0.06594681,0.23529626,0.08464714,0.05522203,0.004364131,0.002690467,0.09292643,0.1131556,0.010614489,0.030221228,0.007790559,0.031130817,7.177569e-05,0.5,0.001897699,0.34451702,0.5,1
662,NODE21_processed_png/c3688.png,0.050942488,0.07145587,0.15379211,0.22089514,0.017186362,0.13970742,0.002655752,0.06941831,0.052224744,0.00846822,0.007547864,0.012410631,0.035964027,0.000100674,0.5,0.003319411,0.10489241,0.5,0
663,NODE21_processed_png/c2019.png,0.03708008,0.0353553,0.13743098,0.03893024,0.018486975,0.008160418,0.001379939,0.08049742,0.036166895,0.01015966,0.08186276,0.004206446,0.022895822,0.00014892,0.5,0.001757958,0.118001476,0.5,0
664,NODE21_processed_png/c3659.png,0.030310232,0.06518056,0.15459637,0.11097396,0.025689205,0.03425169,0.00206828,0.08692421,0.08076992,0.017673513,0.00963182,0.007903948,0.044714082,1.3796212e-05,0.5,0.001298044,0.27256697,0.5,0
665,NODE21_processed_png/c3238.png,0.012018365,0.104012154,0.2589904,0.2924093,0.18450397,0.009026844,0.007164488,0.045012496,0.2436613,0.009002795,0.006678788,0.013958191,0.018962223,2.4750841e-05,0.5,0.000320997,0.61576915,0.5,0
666,NODE21_processed_png/c2478.png,0.06129963,0.039911,0.18909225,0.030037796,0.026321912,0.006084144,0.002854053,0.038997665,0.08961209,0.009674495,0.033559754,0.009118011,0.025857594,0.000594565,0.5,0.003245046,0.17693906,0.5,0
667,NODE21_processed_png/c0614.png,0.059946157,0.09118688,0.18185245,0.13088566,0.008181087,0.093954,0.005046831,0.07286201,0.09044735,0.013563756,0.003584707,0.018810226,0.06516248,0.000298607,0.5,0.004740506,0.23553473,0.5,0
668,NODE21_processed_png/n0265.png,0.046778955,0.056932222,0.17822638,0.034281753,0.009120466,0.009459986,0.002919279,0.044661436,0.07797446,0.007099761,0.017586304,0.00606358,0.040391117,3.08616e-05,0.5,0.000636811,0.17205974,0.5,1
669,NODE21_processed_png/c2141.png,0.037009556,0.050210997,0.26412058,0.10054815,0.037668392,0.029393073,0.003203765,0.069668524,0.08669938,0.01243965,0.010972842,0.007214125,0.026091892,5.317423e-05,0.5,0.002573858,0.11643406,0.5,0
670,NODE21_processed_png/c3701.png,0.022307916,0.04344249,0.13590415,0.026494695,0.011347729,0.005336465,0.002468785,0.011808518,0.03408889,0.005179118,0.003994955,0.008282486,0.02725517,2.567089e-05,0.5,0.000860702,0.084695585,0.5,0
671,NODE21_processed_png/n1044.png,0.02867182,0.05126742,0.28295517,0.07270841,0.089011796,0.008168927,0.001727859,0.056005236,0.17054752,0.007842509,0.01401068,0.009385828,0.035722055,6.814873e-05,0.5,0.001510117,0.5490848,0.5,1
672,NODE21_processed_png/c1847.png,0.102112085,0.05404338,0.15826441,0.033114932,0.01362592,0.009697427,0.001423227,0.07445634,0.059132673,0.022544527,0.019195845,0.011956975,0.058890242,0.000526339,0.5,0.013678122,0.3386175,0.5,0
673,NODE21_processed_png/c1435.png,0.05321568,0.069714054,0.19773403,0.12234819,0.040960014,0.042766962,0.004520936,0.06292671,0.096934594,0.012622377,0.011774848,0.01466996,0.043449007,9.8680066e-05,0.5,0.0033304,0.23672344,0.5,0
674,NODE21_processed_png/c1392.png,0.070713006,0.04816923,0.14622773,0.06362618,0.008790884,0.009134308,0.002219981,0.08388752,0.036679525,0.011885385,0.031654943,0.006001123,0.027020743,0.000161454,0.5,0.00590031,0.06420552,0.5,0
675,NODE21_processed_png/c0275.png,0.036977626,0.05499655,0.25292936,0.07276819,0.046141066,0.01328319,0.006871162,0.07073638,0.072995424,0.010427794,0.03275082,0.00901257,0.021390924,7.467064e-05,0.5,0.002002248,0.083180875,0.5,0
676,NODE21_processed_png/c2520.png,0.013764235,0.08812365,0.20877604,0.13589515,0.06432498,0.006763558,0.00713719,0.049516514,0.1512678,0.012972367,0.004088522,0.012672348,0.031492263,1.4001272e-05,0.5,0.000476447,0.48546076,0.5,0
677,NODE21_processed_png/c2952.png,0.027141573,0.053538606,0.20774329,0.027021343,0.017385842,0.003179617,0.001532874,0.037648555,0.06825045,0.005632449,0.006177209,0.004417031,0.015233893,2.2007973e-05,0.5,0.000532749,0.14472091,0.5,0
678,NODE21_processed_png/c2256.png,0.015905004,0.11106564,0.19122672,0.17596515,0.059986833,0.012709765,0.006844265,0.045939058,0.13348778,0.016490914,0.006139706,0.014421068,0.043955334,3.0592688e-05,0.5,0.000818404,0.55406874,0.5,0
679,NODE21_processed_png/c3416.png,0.028858177,0.068443716,0.23134738,0.10245699,0.07931343,0.01158276,0.006643723,0.07422105,0.1501735,0.017127523,0.018672492,0.008948098,0.031533837,9.690162e-05,0.5,0.001105131,0.4551896,0.5,0
680,NODE21_processed_png/c3864.png,0.042241685,0.04337198,0.16847661,0.04854084,0.022143776,0.011305719,0.00639042,0.06462226,0.036837142,0.012852818,0.062095802,0.006815233,0.027078403,0.000179791,0.5,0.003392556,0.047410537,0.5,0
681,NODE21_processed_png/n0172.png,0.06647291,0.061590064,0.20903221,0.06621011,0.020948604,0.008037731,0.00665651,0.07468328,0.07823887,0.01763805,0.008730035,0.012087905,0.05078399,0.000137882,0.5,0.002103099,0.21116646,0.5,1
682,NODE21_processed_png/c0971.png,0.051080126,0.10203639,0.19081211,0.059140783,0.028864015,0.01024587,0.004430993,0.11586565,0.09136893,0.013568562,0.008521767,0.009255937,0.035884343,0.000197805,0.5,0.003407189,0.5029957,0.5,0
683,NODE21_processed_png/c0503.png,0.048831075,0.0446325,0.17732778,0.077333696,0.007158467,0.024534015,0.003372124,0.026459647,0.056926813,0.005095227,0.004986086,0.007981334,0.034573354,6.318671e-05,0.5,0.001224471,0.08392408,0.5,0
684,NODE21_processed_png/c1896.png,0.033381168,0.07397279,0.2544619,0.07164348,0.087334946,0.009344622,0.006797252,0.075179145,0.14278072,0.014732568,0.010205881,0.012675478,0.028860064,9.863359e-05,0.5,0.001156099,0.42751232,0.5,0
685,NODE21_processed_png/c3077.png,0.03812687,0.0385054,0.19844139,0.025094965,0.052642956,0.005183841,0.001570682,0.0490473,0.06902949,0.004657726,0.025353618,0.008937351,0.03490745,0.000153793,0.5,0.002096904,0.118250415,0.5,0
686,NODE21_processed_png/c2190.png,0.044148743,0.1164461,0.20362784,0.07664372,0.040329535,0.004689376,0.004016501,0.09113205,0.19421197,0.011403844,0.02489774,0.01607616,0.019655846,5.36365e-05,0.5,0.000989094,0.71379054,0.5,0
687,NODE21_processed_png/c2637.png,0.09993507,0.045902446,0.15888943,0.06161195,0.00866832,0.013811833,0.002058169,0.13343649,0.043552052,0.008293111,0.031835504,0.005239916,0.026447028,0.000224704,0.5,0.001455662,0.07237388,0.5,0
688,NODE21_processed_png/c1085.png,0.047926214,0.028397078,0.15633404,0.032211956,0.007556697,0.007375539,0.002441572,0.03111332,0.03817892,0.009019164,0.01647981,0.007467006,0.030507203,0.000204656,0.5,0.002704977,0.06281374,0.5,0
689,NODE21_processed_png/c1722.png,0.021893984,0.044631556,0.25835827,0.01978786,0.025970878,0.00207041,0.001750793,0.054637957,0.09815422,0.006256197,0.006442269,0.005485005,0.023276614,2.5242005e-05,0.5,0.001215968,0.14764746,0.5,0
690,NODE21_processed_png/n0513.png,0.08380946,0.072932415,0.23286739,0.09513447,0.046157844,0.022525992,0.003002254,0.06477978,0.10053865,0.011351847,0.011806735,0.009281531,0.0688839,0.000609422,0.5,0.006063268,0.26719886,0.5,1
691,NODE21_processed_png/c0162.png,0.0696961,0.061820626,0.13758719,0.05219001,0.023982922,0.015322577,0.005793666,0.0683582,0.0789068,0.014008881,0.028058015,0.00923151,0.04207209,0.000363917,0.5,0.004306476,0.2549918,0.5,0
692,NODE21_processed_png/c2372.png,0.08339236,0.06903248,0.20872536,0.069959305,0.026031503,0.009098722,0.004397216,0.13683556,0.08309995,0.012020029,0.013120362,0.007586859,0.022585794,0.000148316,0.5,0.0033497,0.22782762,0.5,0
693,NODE21_processed_png/c3295.png,0.036457315,0.054958712,0.13368759,0.14888816,0.018162621,0.020734766,0.004803574,0.037969787,0.10239771,0.009398779,0.028916575,0.007259709,0.017560914,8.200898e-05,0.5,0.001189189,0.39865863,0.5,0
694,NODE21_processed_png/c0427.png,0.079819605,0.05504784,0.1438519,0.03388452,0.010882704,0.011491445,0.009121513,0.07667306,0.043687884,0.013463404,0.01958935,0.012829038,0.02486814,0.000673526,0.5,0.005498658,0.089808315,0.5,0
695,NODE21_processed_png/c0855.png,0.025693592,0.029532503,0.16050142,0.047855746,0.01646599,0.026296174,0.004405687,0.03006309,0.025358647,0.008929866,0.026866844,0.006478278,0.024142934,8.279901e-05,0.5,0.001583597,0.054200694,0.5,0
696,NODE21_processed_png/c0380.png,0.058480818,0.055410814,0.20372772,0.02799804,0.027711833,0.007211452,0.000940518,0.18301591,0.10260342,0.00813312,0.01863187,0.00648723,0.020961596,0.000111941,0.5,0.002475591,0.32606417,0.5,0
697,NODE21_processed_png/c1267.png,0.03130144,0.026243685,0.17607796,0.024198549,0.02151858,0.011620124,0.001515882,0.058075868,0.05308956,0.008847325,0.0280108,0.005255621,0.017407732,9.073072e-05,0.5,0.001112696,0.10084846,0.5,0
698,NODE21_processed_png/c3153.png,0.04151633,0.049641065,0.16938809,0.077202894,0.017019752,0.009790036,0.002109617,0.03996191,0.055126198,0.009432549,0.006983108,0.00674951,0.05070648,9.2106595e-05,0.5,0.000810586,0.07964125,0.5,0
699,NODE21_processed_png/c2713.png,0.038426705,0.052767217,0.1421201,0.05501022,0.024802037,0.012301765,0.001423233,0.035727255,0.079186566,0.006000029,0.010651609,0.0089065,0.02988881,3.9011164e-05,0.5,0.00325447,0.24770482,0.5,0
700,NODE21_processed_png/c0046.png,0.02908251,0.058562193,0.14906408,0.04380975,0.025628664,0.018022936,0.00129986,0.068349406,0.047278985,0.008765113,0.011111705,0.009270814,0.060144104,8.098912e-06,0.5,0.001356754,0.14910707,0.5,0
701,NODE21_processed_png/c0097.png,0.032348745,0.06952792,0.20592491,0.057272173,0.030605404,0.006350272,0.001927559,0.047802407,0.10495414,0.006330924,0.02641205,0.006632081,0.042856462,9.963829e-05,0.5,0.001122662,0.43083245,0.5,0
702,NODE21_processed_png/c0730.png,0.05892149,0.07342033,0.23222621,0.13478638,0.05975585,0.030590465,0.016828686,0.07348531,0.082561515,0.014079264,0.006462269,0.023444178,0.056540158,0.000358342,0.5,0.002319149,0.07466614,0.5,0
703,NODE21_processed_png/c1170.png,0.03184123,0.049716886,0.21354848,0.03295509,0.032283433,0.002574245,0.002094049,0.052752584,0.069855854,0.009302836,0.010530459,0.00707201,0.034220677,3.9675997e-05,0.5,0.000758362,0.23409395,0.5,0
704,NODE21_processed_png/c2065.png,0.032731548,0.04599457,0.20597023,0.4271479,0.024972362,0.10035733,0.004449738,0.05187928,0.09157191,0.007722255,0.004287162,0.010124411,0.030154718,5.9024485e-05,0.5,0.003017356,0.2253125,0.5,0
705,NODE21_processed_png/c3182.png,0.017833779,0.029631639,0.15959643,0.012042728,0.005505111,0.00618063,0.002949198,0.036417287,0.020817282,0.005960803,0.004534134,0.003846939,0.024590109,8.097281e-05,0.5,0.000706788,0.013547073,0.5,0
706,NODE21_processed_png/c3625.png,0.020646997,0.07072476,0.2096947,0.043934073,0.016087936,0.012140136,0.002924119,0.046115823,0.049003318,0.006627444,0.002109286,0.0062188,0.040039193,1.8459967e-05,0.5,0.001499041,0.06839763,0.5,0
707,NODE21_processed_png/c1511.png,0.045817416,0.05824859,0.20692065,0.08855988,0.023828479,0.01250142,0.004328455,0.067840666,0.098555885,0.011643684,0.010343106,0.005611538,0.020210024,4.5963923e-05,0.5,0.001447768,0.39210802,0.5,0
708,NODE21_processed_png/c1963.png,0.032407064,0.07919184,0.19479717,0.080073714,0.030325187,0.002569729,0.002610164,0.053842302,0.11252668,0.005872089,0.008411002,0.006763908,0.033019025,1.3378692e-05,0.5,0.000364682,0.25193554,0.5,0
709,NODE21_processed_png/c0884.png,0.012247496,0.091970764,0.1956554,0.062033497,0.058533993,0.003422797,0.001481126,0.017198652,0.14804408,0.002968193,0.004992159,0.00824214,0.009998912,1.0107249e-05,0.5,0.000243913,0.63764536,0.5,0
710,NODE21_processed_png/c0351.png,0.04260555,0.038021456,0.15712054,0.14351176,0.021816298,0.025719212,0.00425814,0.05397126,0.048316855,0.014702129,0.016960638,0.008205577,0.032221537,0.000323139,0.5,0.002347155,0.06479012,0.5,0
711,NODE21_processed_png/c3244.png,0.02982949,0.15466774,0.2080712,0.22460617,0.028588822,0.019095974,0.003601581,0.08481431,0.18442297,0.018607685,0.012381014,0.011236565,0.03927263,1.4273905e-05,0.5,0.000610308,0.7441011,0.5,0
712,NODE21_processed_png/c2876.png,0.014634646,0.07512664,0.18179232,0.018645676,0.015303663,0.00185788,0.001191727,0.026196629,0.09121898,0.004148017,0.005009008,0.004699685,0.012480382,8.768128e-06,0.5,0.000286578,0.39875454,0.5,0
713,NODE21_processed_png/c2404.png,0.025586788,0.07102688,0.20347612,0.061204374,0.02226766,0.005722843,0.007116719,0.032898348,0.07739987,0.010070225,0.00703423,0.006777002,0.02790586,1.9028215e-05,0.5,0.000483088,0.17040019,0.5,0
714,NODE21_processed_png/c0668.png,0.05404356,0.04616814,0.13824251,0.10467768,0.00232695,0.023162277,0.001745293,0.05081534,0.04402332,0.015701644,0.006299453,0.006722279,0.04192073,2.6423686e-05,0.5,0.00081606,0.16428621,0.5,0
715,NODE21_processed_png/c1028.png,0.016189853,0.06853367,0.1707463,0.045240078,0.023240425,0.007673618,0.002007735,0.036949024,0.038083684,0.004515017,0.008466786,0.006208367,0.014448833,3.0651852e-05,0.5,0.000460817,0.07473741,0.5,0
716,NODE21_processed_png/c1449.png,0.06980508,0.06767402,0.18681608,0.055664916,0.006594229,0.020846961,0.006850779,0.042401146,0.0764492,0.011328167,0.008870015,0.010698622,0.04250199,4.1301282e-05,0.5,0.005451289,0.31683433,0.5,0
717,NODE21_processed_png/c0209.png,0.032409962,0.06550011,0.22183281,0.072220646,0.022412324,0.008421489,0.004695668,0.07182471,0.074532546,0.011790421,0.007337775,0.014159299,0.032829903,0.000203635,0.5,0.003867399,0.24058995,0.5,0
718,NODE21_processed_png/n0678.png,0.035464525,0.056935072,0.20765749,0.108948715,0.019505292,0.029157383,0.007720065,0.05171206,0.06056986,0.01069425,0.017516715,0.010452203,0.018103197,7.7643985e-05,0.5,0.001670729,0.1214934,0.5,1
719,NODE21_processed_png/c1498.png,0.032298755,0.038631663,0.1704818,0.06283534,0.030055558,0.014721938,0.003868497,0.03609252,0.05539357,0.01675122,0.007622488,0.012564175,0.03939993,0.000114889,0.5,0.004641885,0.17055963,0.5,0
720,NODE21_processed_png/c3292.png,0.039626136,0.07466496,0.17178875,0.026315637,0.024108987,0.004618735,0.002370933,0.044321936,0.06434731,0.005940529,0.013461507,0.004521191,0.022525404,0.000175121,0.5,0.000828666,0.103865154,0.5,0
721,NODE21_processed_png/c3535.png,0.027937945,0.05529202,0.16222778,0.050946694,0.013161391,0.009811419,0.004067929,0.036720775,0.04967135,0.008459821,0.016723612,0.008523438,0.02289703,8.768392e-05,0.5,0.001852178,0.19314069,0.5,0
722,NODE21_processed_png/c2375.png,0.033088293,0.061785582,0.1800088,0.08968364,0.022376748,0.02812785,0.004729834,0.03498794,0.073753364,0.010862627,0.007173843,0.009311809,0.03543214,2.30436e-05,0.5,0.001375856,0.17381535,0.5,0
723,NODE21_processed_png/c1260.png,0.028398061,0.041430824,0.21349537,0.021519803,0.014068896,0.001874457,0.001417951,0.033412404,0.09482575,0.005588534,0.009740911,0.004485764,0.019154707,1.6449698e-05,0.5,0.000857783,0.31860128,0.5,0
724,NODE21_processed_png/c0387.png,0.020581411,0.13875438,0.18522108,0.12331113,0.03628919,0.007329225,0.002920723,0.09150914,0.22891906,0.011826259,0.005796968,0.013182688,0.030769518,2.0396013e-05,0.5,0.000488468,0.9362493,0.5,0
725,NODE21_processed_png/c0852.png,0.05698904,0.074166745,0.23874143,0.15422066,0.044923417,0.014180573,0.011023331,0.08415827,0.13533911,0.018443666,0.014364247,0.009440773,0.037927896,0.000148511,0.5,0.001514433,0.2656598,0.5,0
726,NODE21_processed_png/c0420.png,0.040192645,0.05606687,0.17203254,0.10825833,0.013161198,0.027478077,0.005650134,0.053439472,0.054718625,0.013388845,0.009937979,0.00559469,0.01841767,4.1095176e-05,0.5,0.002356228,0.11421121,0.5,0
727,NODE21_processed_png/c2714.png,0.03480269,0.04890862,0.19856699,0.11343072,0.020762762,0.0311857,0.004050193,0.031384617,0.05080843,0.009980232,0.003978966,0.011671194,0.041932777,0.000147038,0.5,0.004461979,0.03226214,0.5,0
728,NODE21_processed_png/c3154.png,0.05962401,0.050300516,0.1393219,0.22332987,0.014269565,0.06260151,0.002555469,0.1026729,0.051889103,0.013533885,0.007340825,0.006323072,0.02245981,7.456511e-05,0.5,0.002291177,0.1075798,0.5,0
729,NODE21_processed_png/n0397.png,0.04581981,0.053837996,0.18631001,0.031499,0.023112917,0.005550622,0.001398825,0.06355979,0.059985198,0.006154032,0.048069898,0.005715583,0.016123371,0.000152497,0.5,0.002488387,0.16813087,0.5,1
730,NODE21_processed_png/c0041.png,0.033670593,0.08618316,0.27730876,0.26642194,0.0449218,0.034782954,0.005672592,0.051423304,0.12584299,0.008160161,0.005769623,0.011383629,0.041956957,3.2105334e-05,0.5,0.001393782,0.111647554,0.5,0
731,NODE21_processed_png/c1601.png,0.029357113,0.026821515,0.14339353,0.03779998,0.008776444,0.011797204,0.004348102,0.0253729,0.03374334,0.00666292,0.009479747,0.006320612,0.02284736,0.000140949,0.5,0.002118536,0.067644306,0.5,0
732,NODE21_processed_png/c1177.png,0.038976014,0.068774536,0.21363114,0.15326013,0.04089891,0.01295633,0.012554181,0.09744011,0.15759465,0.021428972,0.022394305,0.016374055,0.026640793,0.000199447,0.5,0.002158919,0.53810364,0.5,0
733,NODE21_processed_png/c0737.png,0.01565419,0.06191243,0.14917646,0.07949984,0.029069925,0.031729113,0.002545089,0.017397074,0.06568,0.004278651,0.004823465,0.009550459,0.019311875,5.1133506e-05,0.5,0.000935716,0.25360632,0.5,0
734,NODE21_processed_png/c0090.png,0.11350675,0.07099954,0.16457698,0.19905941,0.016543096,0.06791408,0.003712124,0.068238996,0.08276776,0.01982047,0.00440185,0.014395128,0.053396817,0.000264858,0.5,0.018719053,0.22937691,0.5,0
735,NODE21_processed_png/n0893.png,0.030107146,0.08497163,0.2375261,0.0923777,0.052785594,0.012797874,0.002917981,0.06459056,0.1271569,0.008989256,0.004162638,0.009548379,0.030893397,4.8317026e-05,0.5,0.001309721,0.38656485,0.5,1
736,NODE21_processed_png/c3622.png,0.065039046,0.06682137,0.14830992,0.16816662,0.012772012,0.028196884,0.00553366,0.069778696,0.04726598,0.019314645,0.003563281,0.02929834,0.09250753,0.000368096,0.5,0.009704197,0.09489265,0.5,0
737,NODE21_processed_png/c3185.png,0.031231547,0.053254794,0.14462017,0.038992874,0.007138121,0.020776337,0.005020573,0.030653205,0.030206699,0.011536804,0.004895172,0.004789779,0.022326145,9.820268e-06,0.5,0.001627774,0.07334302,0.5,0
738,NODE21_processed_png/c2062.png,0.034998864,0.04968259,0.18061978,0.1486454,0.024268035,0.025461392,0.005691145,0.045192406,0.07444524,0.016328547,0.005088378,0.010876843,0.04812047,8.388541e-05,0.5,0.00351153,0.24569714,0.5,0
739,NODE21_processed_png/c0356.png,0.0538098,0.06081739,0.20980214,0.04069675,0.022911424,0.0079246,0.003587904,0.08334929,0.049395002,0.011402629,0.00788641,0.010897298,0.039398123,0.000133703,0.5,0.002533508,0.0951522,0.5,0
740,NODE21_processed_png/c0883.png,0.034811955,0.04998346,0.14990373,0.2766365,0.011428223,0.063313164,0.011036412,0.03048016,0.06206532,0.01226252,0.002966287,0.016057126,0.04759504,5.3741667e-05,0.5,0.002044288,0.118308574,0.5,0
741,NODE21_processed_png/n0080.png,0.055556633,0.056316663,0.25560403,0.044808358,0.060158685,0.012138838,0.002743652,0.09581932,0.07166908,0.009688017,0.024059199,0.011541227,0.035179887,0.000240464,0.5,0.005939587,0.07270195,0.5,1
742,NODE21_processed_png/c1964.png,0.051722527,0.038049232,0.14727636,0.024745623,0.013968006,0.006119077,0.000817342,0.09389819,0.07364002,0.015050081,0.013970036,0.006250278,0.03189011,8.118203e-05,0.5,0.005522435,0.45121372,0.5,0
743,NODE21_processed_png/c1516.png,0.050524164,0.0604761,0.17428462,0.082489684,0.01694671,0.009699492,0.001352912,0.035968713,0.049632974,0.009247712,0.009036155,0.00884572,0.064437546,6.44172e-05,0.5,0.002058449,0.17318396,0.5,0
744,NODE21_processed_png/c2403.png,0.06255774,0.07126313,0.22163755,0.11311893,0.031338286,0.016450629,0.008417385,0.062457327,0.09558048,0.012124023,0.009997796,0.013332754,0.041087214,0.000217198,0.5,0.003761234,0.24246624,0.5,0
745,NODE21_processed_png/c2871.png,0.035478897,0.11339203,0.2886844,0.2775044,0.08637076,0.036813986,0.0180739,0.07163488,0.13599896,0.016551914,0.006092851,0.025528528,0.051144503,0.000113287,0.5,0.004546688,0.1484617,0.5,0
746,NODE21_processed_png/c3243.png,0.056429476,0.03371552,0.13601388,0.10589472,0.00606066,0.027831394,0.00132844,0.084152475,0.037937645,0.00985118,0.021764658,0.004866393,0.02590917,9.955773e-06,0.5,0.002440551,0.18809173,0.5,0
747,NODE21_processed_png/c1788.png,0.073185004,0.053349312,0.19500099,0.18360087,0.010577026,0.04922266,0.005021328,0.04979166,0.054351255,0.009977939,0.013516435,0.009345699,0.024551136,0.00034723,0.5,0.003274628,0.060540713,0.5,0
748,NODE21_processed_png/c2929.png,0.034023117,0.04907359,0.2024935,0.04685644,0.0287645,0.006534598,0.003717778,0.04226961,0.072027735,0.011968932,0.009950728,0.010556278,0.030037377,4.7796333e-05,0.5,0.001710084,0.25031006,0.5,0
749,NODE21_processed_png/c1338.png,0.02544894,0.0484983,0.19139953,0.03553958,0.04046348,0.003275853,0.001435247,0.04503525,0.099479645,0.007222848,0.013404792,0.006603111,0.019409647,7.238476e-05,0.5,0.002250028,0.396477,0.5,0
750,NODE21_processed_png/c0578.png,0.05589703,0.060068943,0.14600407,0.07522138,0.015777275,0.013199549,0.007199469,0.05125992,0.056685954,0.01225551,0.017036885,0.008788257,0.031741746,0.000670482,0.5,0.005741843,0.15911096,0.5,0
751,NODE21_processed_png/c0119.png,0.042028114,0.09222336,0.20319042,0.08026637,0.03940863,0.012015171,0.004690396,0.0845701,0.08924409,0.009888677,0.003500104,0.011216584,0.05017441,0.000129377,0.5,0.003484098,0.28089556,0.5,0
752,NODE21_processed_png/c1759.png,0.05983384,0.068364695,0.17926218,0.08381067,0.016985144,0.069555625,0.009732916,0.043912124,0.056401514,0.01385975,0.004361045,0.012317619,0.04995218,0.000161229,0.5,0.00425041,0.11639193,0.5,0
753,NODE21_processed_png/c3549.png,0.0727847,0.049689226,0.18389012,0.14661515,0.033504583,0.053644493,0.014422532,0.058880042,0.07741488,0.010817814,0.020373704,0.014913085,0.04151456,0.000418179,0.5,0.004082505,0.14289585,0.5,0
754,NODE21_processed_png/c2309.png,0.04477054,0.08849681,0.2412236,0.07951994,0.04734108,0.004828423,0.005765215,0.078817,0.12099917,0.015968597,0.006874035,0.010420634,0.10674476,0.000256708,0.5,0.002254837,0.21589342,0.5,0
755,NODE21_processed_png/c3128.png,0.023771485,0.07690868,0.2137139,0.07979523,0.03390653,0.010054115,0.003522427,0.045848828,0.10227505,0.007760441,0.01410467,0.009229666,0.029760715,3.0245654e-05,0.5,0.001000759,0.42248672,0.5,0
756,NODE21_processed_png/c3598.png,0.05041278,0.039552044,0.19431743,0.02710555,0.017086007,0.011289023,0.001286836,0.10090979,0.0611865,0.008702758,0.006950294,0.004926118,0.022567932,3.499158e-05,0.5,0.001157044,0.09302397,0.5,0
757,NODE21_processed_png/c1918.png,0.06848673,0.09600748,0.21336055,0.030927952,0.037568524,0.003433174,0.001436713,0.09989504,0.139597,0.005721701,0.013295612,0.0065123,0.032347612,0.000112702,0.5,0.002559659,0.5287191,0.5,0
758,NODE21_processed_png/c1053.png,0.013750041,0.08655285,0.1763792,0.11373197,0.03471944,0.015299199,0.003983269,0.050918505,0.08856272,0.012162896,0.006495153,0.008078245,0.031589117,0.000101793,0.5,0.0003902,0.49315968,0.5,0
759,NODE21_processed_png/c0613.png,0.041552655,0.049918253,0.1932082,0.04575005,0.017714648,0.006572514,0.003834171,0.06031363,0.08207109,0.01488128,0.006063955,0.010878992,0.03154881,2.650662e-05,0.5,0.001639425,0.38100374,0.5,0
760,NODE21_processed_png/c3706.png,0.05466517,0.04277191,0.1535701,0.032381915,0.007906439,0.014083708,0.003531866,0.037086815,0.03399006,0.010252279,0.012369842,0.006884952,0.034073092,4.2289703e-05,0.5,0.002747251,0.10224346,0.5,0
761,NODE21_processed_png/c2146.png,0.029376587,0.08354664,0.24042356,0.07568029,0.02431262,0.012666413,0.004053694,0.0665968,0.1439325,0.008429172,0.02387169,0.005224173,0.02324517,1.1979659e-05,0.5,0.000430698,0.6833798,0.5,0
762,NODE21_processed_png/c0272.png,0.017977256,0.05969491,0.26540074,0.09906169,0.06930083,0.009878561,0.009665771,0.05535388,0.075583145,0.017381772,0.004461295,0.015795669,0.032019973,0.000194212,0.5,0.000822772,0.0726829,0.5,0
763,NODE21_processed_png/n0603.png,0.07032033,0.043817304,0.15822831,0.115463756,0.022747397,0.07071379,0.007206725,0.03756594,0.05770598,0.013454138,0.020794244,0.019265898,0.045171287,0.002773776,0.5,0.005316043,0.0972802,0.5,1
764,NODE21_processed_png/c1395.png,0.050058644,0.072990045,0.25307256,0.08092552,0.04638693,0.012217389,0.003359875,0.041936234,0.10785599,0.009089456,0.002580745,0.010605018,0.04673833,3.222204e-05,0.5,0.001417955,0.20119178,0.5,0
765,NODE21_processed_png/n1043.png,0.07110744,0.11811273,0.21161754,0.07938724,0.031679098,0.022998935,0.007948412,0.15220019,0.14773886,0.022651447,0.01288222,0.021725927,0.06989937,9.0869784e-05,0.5,0.002765932,0.5907035,0.5,1
766,NODE21_processed_png/c1432.png,0.041822083,0.04039563,0.22636381,0.038330268,0.029348329,0.006423133,0.002569967,0.050423384,0.07111327,0.009914435,0.011249286,0.005658175,0.02820886,7.342682e-05,0.5,0.001247386,0.07520292,0.5,0
767,NODE21_processed_png/c1840.png,0.06627788,0.0909263,0.18159229,0.06284,0.033176996,0.009273854,0.006280605,0.11248076,0.12458403,0.011307613,0.021898406,0.00737475,0.029579554,0.000119559,0.5,0.002262639,0.46423402,0.5,0
768,NODE21_processed_png/c2280.png,0.055909593,0.043238766,0.17909959,0.10455116,0.017472409,0.038080808,0.005338055,0.056454428,0.08733225,0.013662571,0.013478816,0.006725466,0.033607516,8.571809e-05,0.5,0.002410563,0.312488,0.5,0
769,NODE21_processed_png/c2955.png,0.034165043,0.048491765,0.23022531,0.029958019,0.034315143,0.002722973,0.00247776,0.04361552,0.11222594,0.010679878,0.0139607,0.008047245,0.027463816,2.2256161e-05,0.5,0.000893275,0.34848112,0.5,0
770,NODE21_processed_png/c2527.png,0.027208777,0.057232127,0.19943862,0.05615167,0.039373934,0.004729548,0.002059411,0.06174036,0.12497292,0.008355644,0.029484062,0.005189982,0.013202545,5.0887655e-05,0.5,0.000363113,0.35272315,0.5,0
771,NODE21_processed_png/c3367.png,0.0433299,0.048451174,0.20189866,0.024970138,0.018770607,0.004839819,0.00105591,0.07095321,0.06991647,0.007588029,0.014466033,0.005030523,0.024813049,2.9946998e-05,0.5,0.00231328,0.24899432,0.5,0
772,NODE21_processed_png/c3863.png,0.07904645,0.048793744,0.1398983,0.070258334,0.004093803,0.023186205,0.00277087,0.07959109,0.0234259,0.015198082,0.01554982,0.004180027,0.03216433,2.5707515e-05,0.5,0.000872346,0.029184889,0.5,0
773,NODE21_processed_png/c3411.png,0.08612332,0.053178906,0.15625289,0.062110458,0.005375196,0.012091548,0.001750406,0.059003532,0.06612525,0.007408237,0.003600472,0.008026098,0.042050567,8.480829e-05,0.5,0.002735324,0.18065766,0.5,0
774,NODE21_processed_png/c2251.png,0.03636032,0.054250866,0.21040176,0.081858456,0.048600126,0.010250687,0.005268255,0.052986473,0.13983336,0.009401492,0.011551172,0.013603731,0.02359373,0.000296001,0.5,0.002512699,0.49014822,0.5,0
775,NODE21_processed_png/c2984.png,0.026603242,0.053884264,0.2019578,0.17998755,0.022671847,0.035066325,0.00780031,0.034738768,0.075899325,0.014043507,0.002630985,0.012240717,0.03325816,5.6125315e-05,0.5,0.003471226,0.09121537,0.5,0
776,NODE21_processed_png/c1344.png,0.03489198,0.04523061,0.19796059,0.03698073,0.024435502,0.00761529,0.00293474,0.08755554,0.07600394,0.016076455,0.033832707,0.005155628,0.019379355,0.000116053,0.5,0.002106785,0.23672292,0.5,0
777,NODE21_processed_png/n1092.png,0.06017953,0.057558473,0.17249106,0.1297241,0.01825006,0.036505006,0.004978443,0.061259467,0.050119508,0.013341017,0.006249269,0.026424194,0.07717194,0.000642194,0.5,0.006475087,0.079734616,0.5,1
778,NODE21_processed_png/c0504.png,0.053381428,0.11059523,0.22580156,0.045971394,0.06422356,0.004926383,0.002251794,0.10493724,0.16505389,0.020553362,0.015961979,0.026850795,0.06370036,0.001315809,0.5,0.015649803,0.66145945,0.5,0
779,NODE21_processed_png/c0976.png,0.022816136,0.10329161,0.20531675,0.058230814,0.041491114,0.001789258,0.002503653,0.06638241,0.16022183,0.01235354,0.009763078,0.009567204,0.03025069,2.7549108e-06,0.5,0.000223627,0.7904513,0.5,0
780,NODE21_processed_png/c2630.png,0.05632464,0.061635055,0.20670745,0.03846641,0.039393466,0.002685753,0.001977759,0.082750306,0.07530603,0.008339868,0.019067816,0.006082735,0.037821267,0.00016518,0.5,0.001241782,0.13986328,0.5,0
781,NODE21_processed_png/c2197.png,0.08603348,0.052402057,0.18820733,0.029318906,0.01880494,0.00951133,0.000546399,0.13669355,0.1118247,0.00772087,0.02360473,0.005210198,0.037258063,1.0960995e-05,0.5,0.00099971,0.5529623,0.5,0
782,NODE21_processed_png/c3070.png,0.037228547,0.15337871,0.20768146,0.029382361,0.043295056,0.006579866,0.003819638,0.08842387,0.14652778,0.00689125,0.029625054,0.00846081,0.028406274,1.6033335e-05,0.5,0.000372689,0.72998846,0.5,0
783,NODE21_processed_png/n0966.png,0.0604955,0.07659993,0.218103,0.056199227,0.049503658,0.027612729,0.001466393,0.041660033,0.1381586,0.004016748,0.022674534,0.014631755,0.037681196,0.000147451,0.5,0.00403518,0.7044228,0.5,1
784,NODE21_processed_png/c0165.png,0.04951349,0.031151881,0.12830138,0.013351442,0.007147634,0.007909493,0.000547187,0.034569237,0.040132754,0.003748359,0.010084864,0.003928683,0.029100364,5.2895553e-05,0.5,0.000839419,0.05742547,0.5,0
785,NODE21_processed_png/c1725.png,0.038296327,0.040859494,0.18543975,0.107851714,0.02415573,0.02381306,0.002367085,0.047705103,0.050025415,0.011929958,0.005813865,0.008940611,0.043428343,0.000103987,0.5,0.002286633,0.05167619,0.5,0
786,NODE21_processed_png/c1082.png,0.035017658,0.035859626,0.14806457,0.06232866,0.008977165,0.03286525,0.002625439,0.10002424,0.024977626,0.022312863,0.01194205,0.00716662,0.06791113,0.000165772,0.5,0.002651313,0.06473256,0.5,0
787,NODE21_processed_png/c0363.png,0.059212375,0.05917149,0.17425323,0.1530778,0.036335785,0.01590555,0.004900668,0.087949336,0.09627647,0.022698443,0.016239166,0.012628571,0.062306855,0.000556644,0.5,0.003064893,0.36934578,0.5,0
788,NODE21_processed_png/c1284.png,0.062018123,0.03277228,0.16329658,0.03225863,0.013922359,0.008355931,0.002641054,0.08128314,0.02614622,0.010841752,0.016305929,0.008711628,0.03419057,0.000182699,0.5,0.002328381,0.048717,0.5,0
789,NODE21_processed_png/c1951.png,0.023603532,0.087094,0.2229111,0.1308809,0.045262482,0.00784362,0.007165787,0.05505895,0.1781022,0.005992275,0.008174701,0.009513524,0.019525254,6.87073e-05,0.5,0.000942738,0.63436353,0.5,0
790,NODE21_processed_png/c1523.png,0.034009896,0.063182026,0.23244321,0.044028435,0.029215833,0.009047344,0.007883191,0.036459565,0.08118955,0.010826393,0.009835864,0.005597047,0.023100378,2.0659667e-05,0.5,0.000541261,0.26400825,0.5,0
791,NODE21_processed_png/c2391.png,0.049352836,0.05436164,0.17515498,0.043276753,0.02518745,0.006713037,0.003510117,0.07808932,0.058110915,0.012261913,0.022107923,0.010009051,0.049007583,0.000308819,0.5,0.003707822,0.2014119,0.5,0
792,NODE21_processed_png/c2436.png,0.04231187,0.04919583,0.18981989,0.12229881,0.042504955,0.015253333,0.007067839,0.05987907,0.09548139,0.013197643,0.01129403,0.016348463,0.033450417,0.000515709,0.5,0.004659816,0.27597344,0.5,0
793,NODE21_processed_png/c2844.png,0.0714302,0.05096898,0.17295884,0.061957035,0.021910522,0.009477897,0.002613945,0.09943536,0.03953709,0.018308483,0.025945235,0.006411334,0.03397565,0.000348524,0.5,0.004308328,0.08255879,0.5,0
794,NODE21_processed_png/c3276.png,0.06131045,0.037440613,0.16666056,0.045623314,0.008426456,0.009594555,0.00367139,0.09839382,0.034821138,0.011746054,0.014079101,0.009149612,0.021389008,0.000269429,0.5,0.002418826,0.040999345,0.5,0
795,NODE21_processed_png/c1142.png,0.04555089,0.052137606,0.19631745,0.030554883,0.02385961,0.003818899,0.002044765,0.07220119,0.10552203,0.005014465,0.07789096,0.003728822,0.014277144,8.426061e-05,0.5,0.00063049,0.3597775,0.5,0
796,NODE21_processed_png/c0702.png,0.057631202,0.054362986,0.15408885,0.0776775,0.018587904,0.015442053,0.002327973,0.06618434,0.077752754,0.016937282,0.014497129,0.011866987,0.045947194,0.000146286,0.5,0.005943957,0.26327753,0.5,0
797,NODE21_processed_png/c3617.png,0.02452072,0.06523078,0.20404035,0.036958046,0.041400895,0.004516012,0.003685639,0.033843085,0.06552632,0.00853298,0.006488266,0.010165217,0.0363546,8.269721e-05,0.5,0.003076272,0.11575943,0.5,0
798,NODE21_processed_png/c2057.png,0.04333199,0.03920732,0.14527538,0.1054048,0.003896351,0.03759078,0.005703904,0.030787816,0.036320996,0.018828897,0.011652671,0.006435209,0.024447646,4.3899887e-05,0.5,0.0012475,0.12715782,0.5,0
799,NODE21_processed_png/c2721.png,0.06811773,0.11368308,0.22395803,0.07105864,0.031364013,0.019910032,0.010100295,0.12584887,0.13266316,0.015230879,0.02432834,0.015845574,0.03994724,0.000114461,0.5,0.002932341,0.52220154,0.5,0
800,NODE21_processed_png/c3161.png,0.040366825,0.030454975,0.18675727,0.049309243,0.009890758,0.01101656,0.005605091,0.052293587,0.032130335,0.015179818,0.012268256,0.005743907,0.037264455,2.2070542e-05,0.5,0.001091932,0.057652086,0.5,0
801,NODE21_processed_png/c0074.png,0.032112446,0.09205821,0.21606112,0.13205753,0.06989078,0.005034633,0.002207883,0.09414135,0.2664424,0.006327913,0.020910531,0.009284915,0.026143981,2.10768e-05,0.5,0.001402886,0.9571769,0.5,0
802,NODE21_processed_png/n0877.png,0.04326599,0.09104971,0.24810378,0.08067421,0.036113832,0.011784626,0.002741702,0.09486133,0.0695617,0.010354431,0.008950793,0.01287893,0.042420544,9.8047305e-05,0.5,0.003268272,0.11146487,0.5,1
803,NODE21_processed_png/n0405.png,0.056500472,0.092671126,0.20395151,0.051349696,0.01903712,0.005714222,0.003584035,0.1393692,0.101057746,0.017062033,0.016404254,0.007765019,0.028331693,0.00024544,0.5,0.004472322,0.4254169,0.5,1
804,NODE21_processed_png/c1634.png,0.03327142,0.074068666,0.18725105,0.123153925,0.028565794,0.030745149,0.008675926,0.038241774,0.085487254,0.0099366,0.00547983,0.012191843,0.024800347,7.117066e-05,0.5,0.003326679,0.28156513,0.5,0
805,NODE21_processed_png/c1193.png,0.044428986,0.075940266,0.19703525,0.042448957,0.021845091,0.006345971,0.001060889,0.05018187,0.08813758,0.005028966,0.002145306,0.008871991,0.024830343,6.1634506e-05,0.5,0.004009778,0.26448488,0.5,0
806,NODE21_processed_png/c3500.png,0.058043964,0.058176357,0.11573645,0.09597409,0.002533765,0.02423154,0.003589034,0.05291303,0.024607165,0.011228137,0.004017846,0.009560091,0.043195277,3.2470263e-05,0.5,0.001797882,0.029377438,0.5,0
807,NODE21_processed_png/c2895.png,0.056516737,0.061646234,0.22536063,0.06445652,0.0382322,0.018626196,0.003922927,0.096823215,0.13384874,0.010584879,0.02738814,0.009429251,0.024856744,0.000255411,0.5,0.002649098,0.404422,0.5,0
808,NODE21_processed_png/c1255.png,0.03358507,0.08143081,0.23219536,0.16184111,0.09444702,0.005635033,0.006544732,0.049601093,0.16282696,0.007992863,0.014989561,0.019907601,0.027110033,0.000164599,0.5,0.000552432,0.39403433,0.5,0
809,NODE21_processed_png/c1980.png,0.046359595,0.066689365,0.14347573,0.052553784,0.009284224,0.01569411,0.002855366,0.073331274,0.04530142,0.014799558,0.010294052,0.009304512,0.03446281,0.000451432,0.5,0.005783848,0.11354684,0.5,0
810,NODE21_processed_png/c0867.png,0.06514713,0.04184306,0.14276758,0.13660604,0.011357677,0.07904669,0.003741104,0.06808831,0.037148185,0.017939836,0.023052124,0.007984996,0.041613303,5.3858228e-05,0.5,0.002667788,0.06743356,0.5,0
811,NODE21_processed_png/c0415.png,0.04966497,0.08005314,0.20986041,0.09646404,0.029311422,0.011833534,0.011701765,0.07123668,0.14046374,0.010350436,0.012768581,0.009681003,0.023902724,4.23997e-05,0.5,0.001772902,0.48036927,0.5,0
812,NODE21_processed_png/n0064.png,0.043690473,0.08296581,0.20245083,0.038775165,0.03228312,0.006910764,0.002220473,0.071320556,0.12937374,0.011378829,0.01785491,0.014188653,0.05469826,0.000104782,0.5,0.00395751,0.52338094,0.5,1
813,NODE21_processed_png/c2679.png,0.036790706,0.04985895,0.19633998,0.100943476,0.07424163,0.006517869,0.004062157,0.06567612,0.121713765,0.012512037,0.042485308,0.006178892,0.013990071,0.000260048,0.5,0.001136504,0.28094622,0.5,0
814,NODE21_processed_png/c3039.png,0.029217415,0.027160019,0.14877386,0.070193425,0.007391218,0.0171434,0.00752408,0.024005545,0.027816292,0.009954642,0.012492363,0.006511128,0.026820546,9.778241e-05,0.5,0.001914926,0.030515386,0.5,0
815,NODE21_processed_png/c3458.png,0.053434175,0.047085047,0.20478547,0.031585753,0.015694125,0.003766001,0.000718712,0.109444454,0.064536124,0.011899206,0.00857246,0.006274376,0.040345345,4.588264e-05,0.5,0.002682249,0.14861344,0.5,0
816,NODE21_processed_png/c2218.png,0.052534238,0.08875979,0.22275904,0.045855355,0.026500722,0.010933288,0.006005499,0.0518261,0.18342148,0.009668011,0.008553254,0.009704552,0.039557952,7.677768e-05,0.5,0.001702232,0.72413987,0.5,0
817,NODE21_processed_png/c3489.png,0.01684407,0.07714792,0.20411348,0.046154786,0.021480385,0.016851792,0.007051405,0.035562724,0.06475081,0.00852221,0.017045109,0.006867361,0.025736738,1.0946881e-05,0.5,0.000268254,0.16016172,0.5,0
818,NODE21_processed_png/c1809.png,0.05037181,0.09242227,0.1852346,0.06667468,0.005978255,0.007036538,0.005801042,0.101048484,0.050836835,0.024814542,0.005915967,0.011767319,0.03830465,1.2522629e-05,0.5,0.000971839,0.2236991,0.5,0
819,NODE21_processed_png/c2838.png,0.046071634,0.05368958,0.15525804,0.121370725,0.027374009,0.016274175,0.003056523,0.052320335,0.10529119,0.007534253,0.0351517,0.0129635,0.029530415,0.000162206,0.5,0.004381972,0.42719486,0.5,0
820,NODE21_processed_png/c1699.png,0.04012164,0.027136935,0.14129518,0.07877732,0.006602198,0.049177796,0.010492012,0.031071397,0.019223917,0.01916691,0.014815853,0.007865431,0.02649479,0.000192361,0.5,0.001475937,0.03925191,0.5,0
821,NODE21_processed_png/c0008.png,0.034546543,0.046992473,0.1648192,0.040648144,0.017241567,0.021304412,0.003883776,0.037131988,0.04034518,0.009038693,0.010802534,0.008145873,0.026378175,0.000143663,0.5,0.002444252,0.15055728,0.5,0
822,NODE21_processed_png/n0479.png,0.072377935,0.0592948,0.19508506,0.06583997,0.029152036,0.020910753,0.003829622,0.07246244,0.072356805,0.012554773,0.012145982,0.011695237,0.0370191,0.000547868,0.5,0.003872517,0.264161,0.5,1
823,NODE21_processed_png/c1648.png,0.03824637,0.073093906,0.1487664,0.13163072,0.026493527,0.06649897,0.002739934,0.056462053,0.049183663,0.009041294,0.005229706,0.012535352,0.06778641,5.493174e-05,0.5,0.002967053,0.08822257,0.5,0
824,NODE21_processed_png/c1229.png,0.036214188,0.1280027,0.202781,0.2282749,0.05001245,0.039670207,0.006710456,0.07262944,0.19250749,0.016649585,0.005290137,0.016470172,0.07991559,1.9833353e-05,0.5,0.000911293,0.6169919,0.5,0
825,NODE21_processed_png/c0469.png,0.022636674,0.10323028,0.21088848,0.095632926,0.066834755,0.006423626,0.005191111,0.07188398,0.108823776,0.009765278,0.01669493,0.01449563,0.03927716,0.000263988,0.5,0.001142553,0.28764635,0.5,0
826,NODE21_processed_png/c2605.png,0.03878708,0.0755128,0.20322756,0.09523005,0.035149768,0.012453182,0.006563459,0.075777374,0.10471582,0.013913999,0.017799018,0.009538038,0.026676502,0.00010902,0.5,0.001717198,0.29199556,0.5,0
827,NODE21_processed_png/c3045.png,0.024948332,0.06884155,0.14656878,0.0991742,0.016344462,0.009378799,0.002984293,0.04658163,0.07017898,0.014525385,0.006354339,0.008323378,0.032636534,1.9672594e-05,0.5,0.000639788,0.552209,0.5,0
828,NODE21_processed_png/c0150.png,0.035011895,0.040877678,0.15736054,0.070682615,0.009703931,0.008871799,0.002585084,0.03840284,0.032667123,0.005552934,0.009603286,0.007402141,0.038841177,0.000104604,0.5,0.001420668,0.023987513,0.5,0
829,NODE21_processed_png/c1710.png,0.04228407,0.046825577,0.23681465,0.027666306,0.056666948,0.006215757,0.00177088,0.05401702,0.11090095,0.005201445,0.020433078,0.005257226,0.01848043,9.028245e-05,0.5,0.002551054,0.13769756,0.5,0
830,NODE21_processed_png/c3383.png,0.025998197,0.0531762,0.2303828,0.07236197,0.054302976,0.009070358,0.008555833,0.038310096,0.06324457,0.009926545,0.014594122,0.011088108,0.029610535,4.813229e-05,0.5,0.001965639,0.08875566,0.5,0
831,NODE21_processed_png/c3856.png,0.06630176,0.10366638,0.16827078,0.07349996,0.027924009,0.027177628,0.002766526,0.08860186,0.04260914,0.014864049,0.012841898,0.007180444,0.0518945,0.000170494,0.5,0.004023745,0.15854545,0.5,0
832,NODE21_processed_png/c3424.png,0.08088463,0.057600487,0.19202459,0.13905935,0.013439104,0.0159361,0.004726201,0.10808189,0.10534038,0.011675476,0.005283241,0.013501358,0.030551266,0.000259881,0.5,0.0064138,0.5356765,0.5,0
833,NODE21_processed_png/c1371.png,0.036987804,0.07516403,0.13884403,0.041590236,0.00663941,0.014875298,0.002457386,0.060852297,0.026380071,0.007645934,0.005961015,0.00534123,0.026076488,1.482092e-05,0.5,0.000583502,0.043264415,0.5,0
834,NODE21_processed_png/c0296.png,0.023005273,0.09544788,0.25028348,0.08450872,0.1399571,0.002747125,0.003326548,0.097407475,0.23898016,0.011889837,0.049944464,0.011966192,0.01846819,3.6362886e-05,0.5,0.000243406,0.79294115,0.5,0
835,NODE21_processed_png/c0531.png,0.03419794,0.035296716,0.15769027,0.098807685,0.011764396,0.014030987,0.002720441,0.03419417,0.025772639,0.007568136,0.004082646,0.00688747,0.024274115,0.000132962,0.5,0.002611949,0.018780025,0.5,0
836,NODE21_processed_png/c0943.png,0.06470112,0.07018967,0.16450626,0.06556158,0.017059458,0.035129752,0.002256514,0.07467469,0.05246585,0.00524549,0.007937959,0.007938214,0.034236528,6.195814e-05,0.5,0.001939092,0.21966195,0.5,0
837,NODE21_processed_png/n0636.png,0.0242493,0.0584078,0.2149644,0.11735448,0.05865145,0.013352647,0.004009912,0.028517801,0.1112837,0.007222896,0.013329685,0.009243547,0.046764676,0.000221141,0.5,0.001043665,0.29141477,0.5,1
838,NODE21_processed_png/c0247.png,0.07857769,0.03363205,0.16471024,0.065839835,0.013108756,0.01735129,0.0017799,0.07137849,0.05978319,0.010832174,0.0548448,0.00604579,0.02656864,0.000154273,0.5,0.001581863,0.22352795,0.5,0
839,NODE21_processed_png/c0992.png,0.06059794,0.019097846,0.11160698,0.059720855,0.005465316,0.033254664,0.001631348,0.026520578,0.012316466,0.012317661,0.023383697,0.006732065,0.03816424,0.001626135,0.5,0.005159427,0.006367738,0.5,0
840,NODE21_processed_png/c1407.png,0.014611677,0.07657798,0.2029501,0.05694861,0.016852682,0.005812101,0.003147556,0.029108368,0.048871465,0.008508926,0.005115407,0.007774929,0.019801404,6.586175e-06,0.5,0.000346276,0.11848406,0.5,0
841,NODE21_processed_png/c1875.png,0.041299645,0.037542455,0.16094598,0.027020002,0.013933414,0.00591431,0.000491491,0.040055953,0.051067133,0.005551547,0.00542328,0.005376407,0.024157528,4.196882e-05,0.5,0.001219124,0.048236303,0.5,0
842,NODE21_processed_png/n1076.png,0.031971473,0.08225908,0.2164751,0.053197607,0.097319864,0.008464383,0.00393584,0.09395906,0.10392658,0.0159818,0.024515616,0.021862019,0.043647878,5.4149303e-05,0.5,0.001180085,0.39084044,0.5,1
843,NODE21_processed_png/c2960.png,0.032129195,0.071340695,0.18721685,0.21826415,0.031782176,0.033347744,0.003619668,0.05546096,0.07052427,0.00786756,0.006909871,0.013302537,0.029921805,9.4244606e-05,0.5,0.003612259,0.08489718,0.5,0
844,NODE21_processed_png/c2512.png,0.04051207,0.024045635,0.1279276,0.029290874,0.007878356,0.007498525,0.005673265,0.03705032,0.022419605,0.011032975,0.029716147,0.006989287,0.018952468,0.000202477,0.5,0.00319719,0.031152647,0.5,0
845,NODE21_processed_png/c3352.png,0.032062456,0.058998603,0.112675786,0.10817076,0.009816832,0.03656296,0.001967034,0.034278706,0.03282821,0.004674751,0.002358964,0.008121021,0.032109413,1.4258109e-05,0.5,0.001708055,0.08161927,0.5,0
846,NODE21_processed_png/c3887.png,0.030449064,0.08625638,0.22284281,0.06085874,0.01701645,0.012924143,0.002409427,0.041319214,0.12591133,0.004729627,0.004377174,0.005321025,0.017307822,6.6758384e-06,0.5,0.001084641,0.52480006,0.5,0
847,NODE21_processed_png/c1066.png,0.04360298,0.07944539,0.2236593,0.18324812,0.06838856,0.02209954,0.008229249,0.07000591,0.100285515,0.013500727,0.016456181,0.013169633,0.059791114,0.000222745,0.5,0.00284726,0.20128433,0.5,0
848,NODE21_processed_png/c0626.png,0.07080385,0.043668177,0.17335424,0.03832515,0.01920096,0.016210021,0.000899814,0.09553252,0.07200879,0.008479128,0.03634329,0.005597392,0.022145977,7.798302e-05,0.5,0.002030855,0.31449634,0.5,0
849,NODE21_processed_png/n0982.png,0.06810146,0.084401,0.24471872,0.018438006,0.055230144,0.002838068,0.0032487,0.09986927,0.12164817,0.009201966,0.058471162,0.008025308,0.023403646,0.000142945,0.5,0.00185901,0.65308887,0.5,1
850,NODE21_processed_png/c0181.png,0.046093818,0.040774446,0.20233516,0.015433433,0.03459461,0.00236131,0.001382293,0.09487985,0.07510807,0.007700507,0.05356076,0.005430539,0.013422048,0.000343092,0.5,0.002807242,0.16629426,0.5,0
851,NODE21_processed_png/c3733.png,0.08889112,0.025396882,0.13900045,0.04030953,0.014531377,0.012775251,0.00235791,0.057119813,0.04071933,0.010478569,0.025382861,0.00844328,0.037720516,0.000396695,0.5,0.005645482,0.07514285,0.5,0
852,NODE21_processed_png/c3094.png,0.039210346,0.060436655,0.17357615,0.058271512,0.011419535,0.015713176,0.004264528,0.061328955,0.050648022,0.013235495,0.006126186,0.009129717,0.044371445,1.918541e-05,0.5,0.002556097,0.13619784,0.5,0
853,NODE21_processed_png/c2173.png,0.03993764,0.037496153,0.1750229,0.16646054,0.028578935,0.0374828,0.003370791,0.04378679,0.064674735,0.010474375,0.009857331,0.012950369,0.03667876,0.000164016,0.5,0.002455224,0.15392806,0.5,0
854,NODE21_processed_png/c1558.png,0.05044735,0.05790249,0.17654352,0.08889007,0.037814133,0.010270753,0.008125433,0.09325693,0.07645579,0.020658407,0.042955454,0.010075212,0.032832928,0.000215063,0.5,0.005623737,0.23617736,0.5,0
855,NODE21_processed_png/n1129.png,0.041234627,0.03386186,0.19787918,0.103651255,0.026817635,0.023820508,0.013240216,0.04538933,0.03666178,0.016469548,0.016180556,0.011920862,0.03481108,0.000426359,0.5,0.003659796,0.028518215,0.5,1
856,NODE21_processed_png/c0318.png,0.031984553,0.03475836,0.1517847,0.020731287,0.021191025,0.005039195,0.000540775,0.060201682,0.040461335,0.005668313,0.018973729,0.003802454,0.032248214,1.6462049e-05,0.5,0.001807922,0.08217276,0.5,0
857,NODE21_processed_png/n0308.png,0.05537287,0.06901777,0.19460106,0.056355916,0.032106385,0.009719454,0.008449966,0.08483779,0.091005884,0.010465942,0.0279279,0.013328604,0.041361805,0.000584995,0.5,0.002231751,0.22716849,0.5,1
858,NODE21_processed_png/c0779.png,0.027741702,0.10712958,0.22441311,0.065603696,0.01824807,0.01105082,0.004073674,0.04380952,0.075707756,0.008659894,0.002594735,0.008179393,0.038417533,8.765093e-06,0.5,0.00117434,0.21327671,0.5,0
859,NODE21_processed_png/c1139.png,0.04533847,0.03537768,0.1774278,0.06741285,0.011394694,0.016405575,0.001178485,0.07573038,0.09870082,0.012929938,0.016538933,0.006300912,0.028155005,1.4159679e-05,0.5,0.001121276,0.5438286,0.5,0
860,NODE21_processed_png/c1589.png,0.029606361,0.08014317,0.20496169,0.026311327,0.01807783,0.004204293,0.005068621,0.046052508,0.11400657,0.007786652,0.036244117,0.004736884,0.015726956,8.144084e-05,0.5,0.00067027,0.2404356,0.5,0
861,NODE21_processed_png/c3042.png,0.023479184,0.06692098,0.19928615,0.064042926,0.025539627,0.00921949,0.005721406,0.03149209,0.057235964,0.012425701,0.006569148,0.006584374,0.02275669,2.3099266e-05,0.5,0.000551171,0.12972197,0.5,0
862,NODE21_processed_png/c2602.png,0.038574915,0.059923258,0.21808945,0.14224556,0.03443519,0.014090262,0.006202814,0.07024047,0.08253027,0.011827391,0.036257308,0.006534689,0.01788894,7.937861e-05,0.5,0.001397376,0.32475787,0.5,0
863,NODE21_processed_png/c1717.png,0.035773065,0.06266557,0.17174411,0.058027565,0.004690402,0.017386027,0.002407147,0.033828873,0.066755384,0.006724668,0.006633213,0.005319461,0.026885146,2.4757925e-05,0.5,0.001377224,0.29012048,0.5,0
864,NODE21_processed_png/c0157.png,0.04020477,0.120446496,0.21220842,0.103777,0.036463197,0.006376942,0.00399467,0.09472973,0.15768167,0.006839694,0.009385078,0.011726024,0.02488263,5.599081e-05,0.5,0.000648862,0.559938,0.5,0
865,NODE21_processed_png/c2263.png,0.038798023,0.048961923,0.1736274,0.070869066,0.010406435,0.004935708,0.002889569,0.043759316,0.044853594,0.011841831,0.013740657,0.004930705,0.022670604,3.220287e-05,0.5,0.000664583,0.09861939,0.5,0
866,NODE21_processed_png/c3423.png,0.04768308,0.037340023,0.1645309,0.01575024,0.017746858,0.00389266,0.000648016,0.043389343,0.051158115,0.003635693,0.021708855,0.005161378,0.026911525,0.000247974,0.5,0.00351336,0.14298908,0.5,0
867,NODE21_processed_png/c3851.png,0.046025183,0.06826631,0.22078253,0.06347181,0.042563103,0.016474923,0.009831493,0.0588995,0.06907312,0.012458958,0.008366174,0.018888442,0.034632348,0.000309736,0.5,0.002491893,0.10595477,0.5,0
868,NODE21_processed_png/c3384.png,0.02062783,0.043411918,0.16732518,0.12536938,0.025632033,0.057201505,0.006656841,0.019740505,0.06361996,0.010988047,0.003811123,0.008119397,0.029323,8.1156555e-05,0.5,0.000646877,0.09753052,0.5,0
869,NODE21_processed_png/c0944.png,0.05797076,0.048336793,0.157338,0.023744056,0.00953813,0.007182569,0.001527529,0.0908325,0.03583597,0.00759012,0.013590926,0.006586095,0.023885423,9.076638e-05,0.5,0.002044609,0.14782955,0.5,0
870,NODE21_processed_png/c0536.png,0.08353543,0.09765703,0.18640235,0.14921245,0.015519179,0.06696186,0.006392482,0.09854661,0.114226624,0.017510338,0.005147445,0.016383993,0.052106194,7.794377e-05,0.5,0.007380903,0.2734508,0.5,0
871,NODE21_processed_png/c0291.png,0.023566073,0.084549956,0.19200668,0.074469425,0.015434636,0.007255194,0.002804995,0.041368198,0.05638929,0.005963803,0.003065672,0.011001227,0.03342187,2.3433367e-05,0.5,0.001435926,0.14538969,0.5,0
872,NODE21_processed_png/c1376.png,0.032800086,0.043524098,0.12682351,0.05269369,0.007215628,0.005467446,0.001130826,0.063353695,0.037121434,0.017832404,0.003646091,0.004983042,0.064814806,6.425634e-05,0.5,0.0009226,0.046854,0.5,0
873,NODE21_processed_png/c1872.png,0.031920873,0.10374074,0.13196999,0.08919082,0.011631668,0.009706291,0.003086647,0.1196563,0.06578224,0.013722475,0.006581515,0.01217121,0.03605841,1.0540878e-05,0.5,0.000510264,0.40578958,0.5,0
874,NODE21_processed_png/c1400.png,0.034097742,0.06585143,0.20814261,0.1740321,0.040686868,0.040650535,0.005713727,0.03526631,0.075835854,0.012789303,0.00279266,0.017595464,0.07354261,9.370318e-05,0.5,0.002309194,0.13155082,0.5,0
875,NODE21_processed_png/n0196.png,0.07259853,0.09116326,0.21487196,0.08840762,0.0380126,0.017568896,0.004060151,0.071061864,0.11589387,0.006799044,0.013125326,0.008893397,0.031301696,0.000200184,0.5,0.002197872,0.37211996,0.5,1
876,NODE21_processed_png/c0995.png,0.029681385,0.039040603,0.1849077,0.07545912,0.017386053,0.0344154,0.007662633,0.043464325,0.049552046,0.01777539,0.010122675,0.009237791,0.04185389,9.799533e-05,0.5,0.001698627,0.09993565,0.5,0
877,NODE21_processed_png/c0240.png,0.026804324,0.080682755,0.15722048,0.11107872,0.013364427,0.011526974,0.001621775,0.09582071,0.102909595,0.011129325,0.008782954,0.008426561,0.026484255,3.7937847e-05,0.5,0.001841898,0.4090954,0.5,0
878,NODE21_processed_png/c3880.png,0.02214596,0.07211728,0.20780237,0.030979762,0.015569634,0.003429195,0.002952588,0.043211315,0.06381531,0.008635202,0.006224217,0.005656051,0.02325917,9.358442e-06,0.5,0.000483154,0.12582359,0.5,0
879,NODE21_processed_png/c3355.png,0.038509637,0.056243367,0.19047216,0.05322525,0.014911096,0.009563298,0.001237372,0.041120976,0.07699182,0.006423793,0.002761674,0.008279084,0.031527594,4.9028986e-05,0.5,0.001708714,0.20575486,0.5,0
880,NODE21_processed_png/c2515.png,0.044869076,0.08130323,0.2223795,0.0803072,0.024736278,0.021673834,0.009979447,0.041966192,0.0677143,0.01033978,0.003509121,0.016884843,0.03555511,0.000661925,0.5,0.00326703,0.07480093,0.5,0
881,NODE21_processed_png/c2967.png,0.054011106,0.098090485,0.22280744,0.11541909,0.023067195,0.011192133,0.00334242,0.07631955,0.11249837,0.008490427,0.007503743,0.009863199,0.030036585,2.1856964e-05,0.5,0.001424236,0.3131483,0.5,0
882,NODE21_processed_png/n0985.png,0.04163567,0.072556816,0.19616482,0.092444904,0.027569689,0.017037824,0.005275449,0.09198991,0.095926516,0.010050597,0.013002429,0.02068031,0.035166804,0.00014422,0.5,0.002438349,0.3476977,0.5,1
883,NODE21_processed_png/c0186.png,0.07658393,0.031080682,0.1456248,0.019603726,0.013281724,0.006443718,0.000909661,0.08014488,0.07559649,0.011291713,0.035034962,0.008027337,0.030525638,0.000644988,0.5,0.016990582,0.3026818,0.5,0
884,NODE21_processed_png/c0621.png,0.030146249,0.05847071,0.15508628,0.11183844,0.016774064,0.01409439,0.003357575,0.04569835,0.03837742,0.010153122,0.005990993,0.01104945,0.023311809,7.0683076e-05,0.5,0.001597101,0.15772127,0.5,0
885,NODE21_processed_png/c1061.png,0.07230732,0.065177076,0.14141864,0.021943722,0.015481651,0.00428757,0.001542112,0.079837926,0.04269921,0.007024064,0.013203956,0.00458145,0.026699536,0.000148826,0.5,0.003859058,0.057760797,0.5,0
886,NODE21_processed_png/c2174.png,0.06336182,0.050363027,0.1604059,0.28338048,0.019597987,0.18760559,0.002142865,0.045399934,0.043009236,0.008381587,0.003021812,0.010750263,0.048180837,0.000180014,0.5,0.003775844,0.06610471,0.5,0
887,NODE21_processed_png/c3093.png,0.050454035,0.044753388,0.1417567,0.023305004,0.022065407,0.00721868,0.001598599,0.09255761,0.038946107,0.013446287,0.018338362,0.007509362,0.0466347,0.000104789,0.5,0.00281872,0.08597641,0.5,0
888,NODE21_processed_png/c3734.png,0.08719479,0.07851391,0.22089797,0.03304674,0.021461798,0.00687212,0.001543065,0.21276878,0.07884719,0.013723131,0.039045133,0.008030647,0.02788616,0.00025425,0.5,0.004257592,0.23406309,0.5,0
889,NODE21_processed_png/c1524.png,0.02668162,0.050896224,0.15145953,0.15721674,0.031265598,0.01907981,0.004056846,0.05394646,0.06503779,0.010033689,0.007677029,0.011255221,0.02557003,3.7142483e-05,0.5,0.001321167,0.23094742,0.5,0
890,NODE21_processed_png/c1956.png,0.026139226,0.092725925,0.2106067,0.11416071,0.05002557,0.015548643,0.002011149,0.068472356,0.080943614,0.008940214,0.007258633,0.007576341,0.027382014,2.1050484e-05,0.5,0.002069666,0.17092529,0.5,0
891,NODE21_processed_png/c1283.png,0.04749171,0.07072488,0.1996257,0.1742408,0.036654133,0.022194004,0.003168271,0.06075977,0.14938155,0.010515949,0.019129377,0.012341125,0.02464959,1.7674154e-05,0.5,0.00131485,0.7542695,0.5,0
892,NODE21_processed_png/c0364.png,0.114795,0.05775949,0.15914257,0.09295354,0.008754595,0.041268054,0.002968231,0.08315012,0.104662225,0.012085149,0.007910735,0.010499526,0.055804014,7.498882e-05,0.5,0.004837661,0.5398102,0.5,0
893,NODE21_processed_png/c3271.png,0.037366066,0.07006998,0.23979305,0.04527154,0.045197766,0.00281781,0.002436996,0.07807161,0.12761536,0.006280634,0.017046915,0.008703874,0.017250521,7.1426584e-05,0.5,0.001137867,0.38547468,0.5,0
894,NODE21_processed_png/c2843.png,0.059600882,0.05727571,0.1463751,0.14386414,0.023913646,0.05130955,0.000865721,0.092056476,0.048587993,0.008300466,0.00650415,0.008094658,0.034374554,8.505872e-05,0.5,0.005094644,0.12723416,0.5,0
895,NODE21_processed_png/c2431.png,0.053957753,0.052630752,0.1727351,0.12570317,0.01585231,0.04157969,0.005422619,0.05233537,0.06050636,0.012564571,0.008553016,0.011380625,0.03163187,0.000128126,0.5,0.002523898,0.10606924,0.5,0
896,NODE21_processed_png/c2396.png,0.054393984,0.056327473,0.12722072,0.1323184,0.014572716,0.059184745,0.002352693,0.044020396,0.034342848,0.011345604,0.008224363,0.010798325,0.047646403,0.000321664,0.5,0.00192364,0.073919915,0.5,0
897,NODE21_processed_png/n0374.png,0.051475734,0.07660081,0.24797274,0.08475511,0.047520563,0.007409354,0.002728115,0.09215241,0.09780868,0.011262806,0.021756256,0.008060432,0.026341876,0.000227175,0.5,0.004421077,0.17641285,0.5,1
898,NODE21_processed_png/c0705.png,0.030970989,0.091285646,0.19948147,0.063399725,0.025168946,0.005230959,0.003570221,0.065387525,0.07848808,0.015144173,0.005361723,0.007536807,0.02574946,2.8730292e-05,0.5,0.000921779,0.32157928,0.5,0
899,NODE21_processed_png/c1145.png,0.06812766,0.090255424,0.20837645,0.12688299,0.01576928,0.032035913,0.008351753,0.062166724,0.08099135,0.011506285,0.003011168,0.016993666,0.037385352,0.000110533,0.5,0.001906769,0.14471042,0.5,0
900,NODE21_processed_png/c2050.png,0.03756624,0.08726078,0.18818691,0.095585585,0.028689783,0.038874898,0.009939013,0.08932282,0.1536203,0.014169675,0.018651642,0.010217954,0.036065947,1.4651984e-05,0.5,0.001095307,0.7869066,0.5,0
901,NODE21_processed_png/c3610.png,0.024264468,0.057887085,0.2036089,0.09954029,0.030578217,0.008722085,0.001695701,0.06226297,0.0611747,0.008374271,0.003775179,0.007608067,0.023636365,1.2543462e-05,0.5,0.000769523,0.253844,0.5,0
902,NODE21_processed_png/c3166.png,0.034777865,0.116462015,0.23670341,0.36431864,0.04372564,0.042761717,0.01252073,0.06573638,0.0984037,0.015739826,0.003906508,0.014909165,0.04439496,2.6873442e-05,0.5,0.000744576,0.19967814,0.5,0
903,NODE21_processed_png/c2081.png,0.041224834,0.0668982,0.20828961,0.24635328,0.023040261,0.16261873,0.004960712,0.043023724,0.104781464,0.014943924,0.007779785,0.00843639,0.05786663,4.7790545e-05,0.5,0.001589628,0.16858526,0.5,0
904,NODE21_processed_png/c2726.png,0.0473526,0.03660483,0.17148304,0.09517149,0.01562523,0.038112096,0.004170702,0.045156125,0.067011364,0.009256378,0.006142721,0.007689794,0.037472796,7.7662065e-05,0.5,0.00239771,0.13522951,0.5,0
905,NODE21_processed_png/c1194.png,0.046512816,0.054978497,0.17525716,0.051024172,0.021503707,0.008287595,0.00352942,0.06865336,0.073601365,0.009337927,0.016110951,0.005066941,0.021859555,4.0304276e-05,0.5,0.00084842,0.15153785,0.5,0
906,NODE21_processed_png/c1633.png,0.042810854,0.05275499,0.16478704,0.05668345,0.019953812,0.011863657,0.009754317,0.0676289,0.043136105,0.018663237,0.017965667,0.017641252,0.04924306,0.001191449,0.5,0.004122988,0.06978521,0.5,0
907,NODE21_processed_png/c0073.png,0.027233846,0.0753188,0.24992284,0.11977061,0.032438286,0.008521603,0.001192714,0.074005455,0.14340766,0.006143438,0.005914571,0.007009307,0.022824902,4.3951786e-06,0.5,0.000327304,0.37717357,0.5,0
908,NODE21_processed_png/n0402.png,0.03714986,0.091229625,0.26070702,0.15360388,0.063921705,0.010959011,0.001181953,0.075531125,0.18242949,0.006659121,0.003484119,0.01384108,0.053698305,6.1900326e-05,0.5,0.003644934,0.48736227,0.5,1
909,NODE21_processed_png/n0870.png,0.044781696,0.07233379,0.24694505,0.03929611,0.06622444,0.006696562,0.000867587,0.08724574,0.105013184,0.006103872,0.03908215,0.004703951,0.030155482,8.709816e-05,0.5,0.002848608,0.14681175,0.5,1
910,NODE21_processed_png/c2892.png,0.028545082,0.047605954,0.17219777,0.038165897,0.016514305,0.007970811,0.006809153,0.03577445,0.0446658,0.011523421,0.016546823,0.008885543,0.03552013,0.000176113,0.5,0.001846593,0.05296199,0.5,0
911,NODE21_processed_png/c2347.png,0.031349614,0.11144564,0.2095002,0.079620995,0.026121723,0.013532667,0.00786993,0.06368078,0.09928197,0.010878201,0.003197841,0.01286044,0.034933936,7.3884345e-05,0.5,0.002190245,0.41997293,0.5,0
912,NODE21_processed_png/c3507.png,0.06669166,0.056947727,0.15449502,0.06675726,0.022555897,0.013017887,0.00201043,0.06462217,0.078295685,0.008286844,0.010266876,0.007228673,0.02923,0.000183649,0.5,0.003176431,0.1127673,0.5,0
913,NODE21_processed_png/c0412.png,0.02482492,0.13691664,0.18565732,0.040906914,0.034357157,0.006571997,0.002268106,0.099836595,0.15164904,0.007774549,0.015863553,0.008571193,0.031054994,3.3355896e-05,0.5,0.00069467,0.80736446,0.5,0
914,NODE21_processed_png/c0860.png,0.026939308,0.06149411,0.15667759,0.066235624,0.01344363,0.029727563,0.003456094,0.04068862,0.042175665,0.010127869,0.021871569,0.006464806,0.02029972,4.6069323e-05,0.5,0.000752101,0.059359096,0.5,0
915,NODE21_processed_png/n0063.png,0.08746435,0.05726531,0.14381322,0.16528551,0.021208528,0.08570772,0.003730222,0.039898362,0.05588551,0.007583909,0.008421265,0.0197713,0.06568917,0.000354085,0.5,0.006966972,0.06381189,0.5,1
916,NODE21_processed_png/c1987.png,0.03833044,0.04234511,0.17520054,0.08226002,0.04601403,0.051216703,0.007367369,0.035836082,0.05140406,0.011983702,0.034949947,0.010725661,0.04236391,0.001414958,0.5,0.002955369,0.081229664,0.5,0
917,NODE21_processed_png/c1252.png,0.039076615,0.05754174,0.18480583,0.1081101,0.020578759,0.028841902,0.002759849,0.044537727,0.062600665,0.006049919,0.006608289,0.008067326,0.019451521,0.00010247,0.5,0.003255433,0.1663057,0.5,0
918,NODE21_processed_png/c3799.png,0.01346018,0.045853645,0.20171294,0.02732027,0.019365648,0.002128038,0.001979821,0.021680156,0.06552159,0.005762073,0.004979941,0.006402096,0.01888053,1.9423409e-05,0.5,0.000608852,0.17003529,0.5,0
919,NODE21_processed_png/c0938.png,0.01183594,0.09785808,0.20778055,0.05585229,0.039801035,0.005875915,0.00283294,0.022677934,0.13799554,0.004867465,0.002424072,0.010818983,0.022498066,1.9184568e-05,0.5,0.000819199,0.7382029,0.5,0
920,NODE21_processed_png/c3329.png,0.024021111,0.078766346,0.26282784,0.05208375,0.0735505,0.003187455,0.001598586,0.07747238,0.15840651,0.005698183,0.009178374,0.005124226,0.01407163,3.3289798e-05,0.5,0.00066913,0.3528896,0.5,0
921,NODE21_processed_png/c2569.png,0.035106253,0.04874989,0.19319753,0.06300065,0.06346115,0.017096356,0.005231874,0.040980067,0.06596509,0.007750209,0.025621347,0.008045047,0.037373006,0.000205282,0.5,0.001087219,0.16181481,0.5,0
922,NODE21_processed_png/c2108.png,0.048190072,0.032940086,0.19690783,0.02505263,0.038607623,0.005980288,0.001160976,0.07510394,0.051527236,0.010417847,0.08699213,0.007823258,0.020231143,9.918979e-05,0.5,0.003311348,0.02944026,0.5,0
923,NODE21_processed_png/c3748.png,0.050201368,0.104832344,0.19213226,0.08618994,0.025457095,0.008005353,0.004889076,0.09521383,0.044269346,0.016203148,0.048766475,0.011326452,0.040811144,0.000213873,0.5,0.005275195,0.05868983,0.5,0
924,NODE21_processed_png/c0316.png,0.019155288,0.03874192,0.17868125,0.06995121,0.059845086,0.010064661,0.003166486,0.040884525,0.069201395,0.011224194,0.020043846,0.010102542,0.020468377,4.2674812e-05,0.5,0.001623652,0.102452904,0.5,0
925,NODE21_processed_png/n1127.png,0.07345436,0.055023402,0.2092801,0.028033739,0.024487656,0.008797397,0.002045087,0.12955546,0.06573211,0.013891608,0.03287433,0.010970201,0.045381464,0.000164134,0.5,0.004118445,0.21790552,0.5,1
926,NODE21_processed_png/c1556.png,0.06794402,0.05341196,0.13949302,0.12616678,0.015368247,0.117452145,0.007927227,0.07327601,0.044581335,0.015932985,0.020904157,0.016182909,0.05784681,0.000335669,0.5,0.008171469,0.22880305,0.5,0
927,NODE21_processed_png/c1924.png,0.031754192,0.053967502,0.20324789,0.05976816,0.021470137,0.027044632,0.003913497,0.060506336,0.056785483,0.009828937,0.0145715,0.010006973,0.030419286,7.362363e-05,0.5,0.003742474,0.19902982,0.5,0
928,NODE21_processed_png/c2831.png,0.02857916,0.08458501,0.19136813,0.08513871,0.052720647,0.01666684,0.002972897,0.04626545,0.1306491,0.006133081,0.005823841,0.01677584,0.043528765,6.299719e-05,0.5,0.001378778,0.5554559,0.5,0
929,NODE21_processed_png/c2443.png,0.027602302,0.05142449,0.13622566,0.016570784,0.005297835,0.012274226,0.000888448,0.041604567,0.021048943,0.00577312,0.007339915,0.007644799,0.023680503,9.013887e-05,0.5,0.003688596,0.041442405,0.5,0
930,NODE21_processed_png/c3203.png,0.050548717,0.08005083,0.1529892,0.0659953,0.03087058,0.009930613,0.001968555,0.06561253,0.0915266,0.008517369,0.012969998,0.00826666,0.042208992,5.8967322e-05,0.5,0.001216219,0.31220722,0.5,0
931,NODE21_processed_png/c1690.png,0.050385565,0.061958354,0.15878844,0.20267572,0.01693818,0.06061011,0.007726525,0.05248193,0.05333698,0.012881818,0.005285262,0.014839372,0.08148748,0.000445561,0.5,0.001802446,0.0582982,0.5,0
932,NODE21_processed_png/c1137.png,0.04545066,0.08618935,0.18097039,0.08014274,0.015746148,0.011686186,0.004826823,0.06333146,0.091628686,0.017440297,0.007214849,0.009938121,0.059080917,7.362735e-05,0.5,0.001508736,0.44926122,0.5,0
933,NODE21_processed_png/c0777.png,0.054672558,0.077367775,0.20863454,0.099294946,0.038033307,0.016757702,0.003033421,0.0553117,0.10185505,0.009281321,0.006358148,0.011617735,0.058868345,8.75398e-05,0.5,0.002839017,0.30255756,0.5,0
934,NODE21_processed_png/c2785.png,0.048674583,0.052281983,0.19446015,0.08115211,0.027009936,0.026167575,0.005257826,0.06864011,0.07521181,0.011336302,0.0261981,0.008335094,0.03426669,7.646817e-05,0.5,0.002294348,0.24284312,0.5,0
935,NODE21_processed_png/c2022.png,0.10174323,0.06122715,0.23132677,0.07521808,0.018952793,0.018842947,0.005540068,0.07558133,0.06802556,0.013844875,0.003902253,0.013449506,0.04408735,0.00025358,0.5,0.004385847,0.13965777,0.5,0
936,NODE21_processed_png/c2754.png,0.08184803,0.06569556,0.1830081,0.0570462,0.024239857,0.008084978,0.0022303,0.07031802,0.07567811,0.007162452,0.019764986,0.010564896,0.04227137,0.000171028,0.5,0.003838722,0.18316098,0.5,0
937,NODE21_processed_png/c3114.png,0.050647095,0.045010183,0.1911827,0.1912593,0.03579661,0.014954849,0.010455503,0.059396613,0.10214797,0.012773645,0.010580573,0.014281705,0.04806345,3.675349e-05,0.5,0.002615342,0.17189454,0.5,0
938,NODE21_processed_png/n0470.png,0.06994991,0.07761397,0.192613,0.08920896,0.04758883,0.030194933,0.004698303,0.07932346,0.084814005,0.009351542,0.011482365,0.019027999,0.049220372,0.000273692,0.5,0.010684799,0.18512549,0.5,1
939,NODE21_processed_png/n0802.png,0.039292578,0.060320724,0.1746499,0.034322392,0.012132112,0.015405675,0.001328063,0.041095793,0.06446177,0.005682421,0.003583037,0.008744692,0.03624059,2.2853423e-05,0.5,0.001776651,0.3612262,0.5,1
940,NODE21_processed_png/c0001.png,0.08498635,0.06305116,0.20018952,0.08487173,0.026348783,0.02627591,0.003448609,0.09350537,0.09188855,0.012366046,0.036225956,0.008148671,0.027423942,0.000124513,0.5,0.003844349,0.23034917,0.5,0
941,NODE21_processed_png/c1641.png,0.03095399,0.10765545,0.21195881,0.103121854,0.0383895,0.007992587,0.004211014,0.057027053,0.13260587,0.022157505,0.007074052,0.007734011,0.032212533,7.26163e-05,0.5,0.000456392,0.5672156,0.5,0
942,NODE21_processed_png/c3575.png,0.035717595,0.053553157,0.17603527,0.113544285,0.016101006,0.061486397,0.004456356,0.026393982,0.036234554,0.006766789,0.004990213,0.007962019,0.028285954,0.000172676,0.5,0.002437699,0.028244391,0.5,0
943,NODE21_processed_png/c2492.png,0.02919969,0.039284416,0.16985135,0.026548,0.029032646,0.005707323,0.00091953,0.040893413,0.07192948,0.005724707,0.011026492,0.006431908,0.024089508,4.3267974e-05,0.5,0.001020317,0.2827981,0.5,0
944,NODE21_processed_png/c1220.png,0.056111366,0.055655006,0.16271001,0.07533686,0.009823772,0.0779495,0.005809281,0.037132528,0.0442298,0.009928266,0.006438776,0.008374014,0.03630694,0.000237103,0.5,0.002943131,0.047366172,0.5,0
945,NODE21_processed_png/c1587.png,0.0592464,0.05891181,0.21393146,0.12978451,0.044153765,0.023838975,0.012114219,0.05777527,0.07693952,0.014352625,0.01574479,0.016327567,0.041520495,0.000325982,0.5,0.006509581,0.09577102,0.5,0
946,NODE21_processed_png/n0011.png,0.03413378,0.056590576,0.25449508,0.01578011,0.06043957,0.002259074,0.000757006,0.10238404,0.17266215,0.007684544,0.012454309,0.005511262,0.024435356,1.5838656e-05,0.5,0.000741701,0.4992694,0.5,1
947,NODE21_processed_png/c0460.png,0.037253544,0.089588806,0.18749426,0.017639816,0.012293999,0.002346181,0.001200687,0.045033596,0.07437093,0.005450413,0.002450096,0.008708393,0.038573965,6.8911404e-06,0.5,0.002600675,0.43427885,0.5,0
948,NODE21_processed_png/c0812.png,0.0518386,0.034546286,0.17925806,0.042501986,0.02370349,0.011694747,0.001161085,0.04401893,0.0959055,0.006312618,0.017553883,0.005927954,0.03536502,8.170338e-05,0.5,0.001692482,0.43646142,0.5,0
949,NODE21_processed_png/c0159.png,0.06926231,0.055287894,0.17320086,0.10412399,0.015277516,0.028589997,0.006756063,0.058734406,0.062075574,0.01646372,0.009856526,0.009892817,0.03153026,0.000251489,0.5,0.00339869,0.13702421,0.5,0
950,NODE21_processed_png/c1719.png,0.030674376,0.035508607,0.16907763,0.02109541,0.018300962,0.003792192,0.002473545,0.05503354,0.038874984,0.008661531,0.066030234,0.003641707,0.022341842,0.000528693,0.5,0.001602689,0.041793298,0.5,0
951,NODE21_processed_png/c1378.png,0.054905307,0.029316697,0.18664388,0.033987865,0.004919261,0.012106754,0.003555666,0.032754302,0.025895434,0.007736153,0.0217819,0.005939141,0.04143025,0.000104381,0.5,0.002282165,0.011679309,0.5,0
952,NODE21_processed_png/c0538.png,0.041109636,0.031456374,0.15400276,0.032611977,0.01923957,0.014174808,0.003642366,0.033825137,0.04174825,0.010492436,0.014183769,0.007421295,0.031246908,0.000266757,0.5,0.002732927,0.083876066,0.5,0
953,NODE21_processed_png/c2969.png,0.08361453,0.05582061,0.16224225,0.021731276,0.019407181,0.003867944,0.001307123,0.07278503,0.08517445,0.006174084,0.012352875,0.007210596,0.028419403,0.000130033,0.5,0.006001772,0.34468397,0.5,0
954,NODE21_processed_png/c0188.png,0.053756032,0.09578498,0.27447173,0.061858475,0.049423147,0.008604647,0.003112298,0.09352934,0.18230237,0.008957178,0.025539374,0.008276529,0.028788634,0.000158383,0.5,0.002488047,0.6603646,0.5,0
955,NODE21_processed_png/c2398.png,0.058216628,0.09035181,0.19003269,0.056225237,0.022782493,0.016725335,0.004933112,0.039884098,0.11792525,0.004900593,0.006198206,0.006238051,0.036458507,8.191018e-05,0.5,0.001286388,0.5620798,0.5,0
956,NODE21_processed_png/c1958.png,0.034494247,0.039299905,0.20418616,0.054885183,0.027965471,0.013207974,0.00206732,0.051178217,0.06722269,0.009379352,0.006080073,0.00491211,0.023063906,8.6208296e-05,0.5,0.001767644,0.21679795,0.5,0
957,NODE21_processed_png/c2728.png,0.07249068,0.07792824,0.20869206,0.07365991,0.049892567,0.005679793,0.002677355,0.058858354,0.12632823,0.007820847,0.04095193,0.006203122,0.022521373,0.000139372,0.5,0.003703795,0.45744264,0.5,0
958,NODE21_processed_png/c3168.png,0.13324918,0.05737595,0.2260179,0.030441841,0.016207544,0.00883159,0.00050503,0.11459107,0.100093,0.00525133,0.012981324,0.006041542,0.033432234,0.000133579,0.5,0.005469336,0.40949836,0.5,0
959,NODE21_processed_png/c1989.png,0.06239354,0.051291242,0.2095553,0.067132436,0.040368468,0.017574321,0.002175608,0.061562214,0.10848125,0.007271262,0.007958205,0.010615156,0.031685382,0.000104177,0.5,0.005192346,0.46706083,0.5,0
960,NODE21_processed_png/c3509.png,0.08873643,0.044686984,0.19919881,0.06561537,0.029655332,0.023576347,0.014638343,0.05991844,0.07423692,0.016341638,0.019122481,0.020600833,0.050102998,0.001538147,0.5,0.009902894,0.119631566,0.5,0
961,NODE21_processed_png/c2349.png,0.074929245,0.028336853,0.1311859,0.012435846,0.010157939,0.004799412,0.000774895,0.07823228,0.027144713,0.007461931,0.03751957,0.006427568,0.016111616,0.000178238,0.5,0.003459223,0.023743661,0.5,0
962,NODE21_processed_png/c2670.png,0.03214432,0.0688167,0.17726015,0.05042071,0.00525879,0.011748666,0.004606316,0.05687494,0.06104784,0.008436038,0.015353259,0.00760739,0.034624014,1.3858137e-05,0.5,0.000617034,0.25352237,0.5,0
963,NODE21_processed_png/c3797.png,0.017147265,0.04759882,0.21355106,0.049231716,0.02786617,0.003093575,0.001677732,0.016240278,0.08810814,0.008641209,0.00229812,0.006174528,0.03547188,7.3834162e-06,0.5,0.000481712,0.17728871,0.5,0
964,NODE21_processed_png/c3030.png,0.033135183,0.024669494,0.1443261,0.031357083,0.018374624,0.005959197,0.002171713,0.031629562,0.037839394,0.00667839,0.009413391,0.007379106,0.030116487,8.4359504e-05,0.5,0.002039773,0.09727226,0.5,0
965,NODE21_processed_png/c0682.png,0.04660067,0.047097623,0.21323544,0.051361494,0.03048755,0.01391859,0.001144217,0.058648407,0.120002285,0.006425553,0.027693758,0.006365263,0.020832386,3.19266e-05,0.5,0.001816742,0.35997787,0.5,0
966,NODE21_processed_png/n0554.png,0.041159388,0.045309603,0.20149574,0.06346988,0.017266527,0.016421085,0.004417618,0.087392025,0.052165747,0.01430558,0.00754113,0.013264409,0.0318268,0.000407164,0.5,0.004577617,0.10252599,0.5,1
967,NODE21_processed_png/c0125.png,0.043089613,0.038178533,0.14538124,0.066690095,0.028637826,0.023806576,0.00062075,0.026742833,0.045008425,0.006358963,0.01274235,0.004520865,0.034118664,7.5547236e-05,0.5,0.001305983,0.09673477,0.5,0
968,NODE21_processed_png/c1765.png,0.04664147,0.036834773,0.13322541,0.044616923,0.008868843,0.006507849,0.00111841,0.088437855,0.034136638,0.021327568,0.009592237,0.008065785,0.06322561,2.4088484e-05,0.5,0.00338454,0.14803067,0.5,0
969,NODE21_processed_png/c3823.png,0.046822708,0.06448101,0.14977285,0.01821534,0.010802678,0.008363453,0.002064897,0.026168548,0.0384886,0.005656533,0.005301063,0.011396335,0.044223886,0.000122278,0.5,0.003225635,0.10358648,0.5,0
970,NODE21_processed_png/c2211.png,0.10046659,0.06526703,0.22011472,0.12681764,0.03477554,0.019234495,0.006587707,0.1618239,0.09528014,0.026694562,0.016276788,0.011977746,0.046557426,0.000186411,0.5,0.004353987,0.33752915,0.5,0
971,NODE21_processed_png/c1304.png,0.027702674,0.023419505,0.14873178,0.026190145,0.01360342,0.005013313,0.003518322,0.019582849,0.0544814,0.008302006,0.009858518,0.005051203,0.022174984,2.7604554e-05,0.5,0.001056165,0.16431883,0.5,0
972,NODE21_processed_png/n0692.png,0.104919545,0.05395702,0.21460627,0.12293907,0.0358009,0.018566437,0.009273996,0.17680207,0.06137604,0.024486916,0.05626952,0.01634903,0.03891031,0.000911019,0.5,0.010922148,0.08585367,0.5,1
973,NODE21_processed_png/c0936.png,0.02715949,0.044585556,0.20055749,0.0598061,0.027623922,0.006217342,0.002914335,0.02884091,0.087131806,0.004544703,0.008886088,0.007214678,0.021728491,2.7668339e-05,0.5,0.00093269,0.14018756,0.5,0
974,NODE21_processed_png/c0544.png,0.047225446,0.05616816,0.24049564,0.07446954,0.06799533,0.013367932,0.004986471,0.048688743,0.11776538,0.007669014,0.023128828,0.007028061,0.025572088,6.105245e-05,0.5,0.001043637,0.32210845,0.5,0
975,NODE21_processed_png/c0232.png,0.045929156,0.07861979,0.14159057,0.1050326,0.015677825,0.011973824,0.00437708,0.058139827,0.0652175,0.00905853,0.01514025,0.008278633,0.027151251,3.7532835e-05,0.5,0.000874964,0.22018114,0.5,0
976,NODE21_processed_png/n0643.png,0.078423195,0.084710196,0.21746151,0.22286151,0.03988839,0.03017637,0.004188125,0.074220434,0.13369703,0.01759881,0.013020981,0.014768286,0.045126673,0.00089799,0.5,0.014348067,0.4341597,0.5,1
977,NODE21_processed_png/c0595.png,0.022567369,0.042299382,0.19271025,0.09753428,0.019745063,0.018151954,0.007287491,0.040302407,0.059535228,0.017894737,0.00562278,0.008355334,0.03069588,3.588775e-05,0.5,0.000791011,0.14878972,0.5,0
978,NODE21_processed_png/c1800.png,0.035463545,0.1080343,0.21772881,0.02270317,0.022301609,0.003199857,0.004079413,0.05983409,0.10694572,0.008313727,0.018202793,0.007926388,0.026719388,1.6184467e-05,0.5,0.000384961,0.43834096,0.5,0
979,NODE21_processed_png/c1472.png,0.020288728,0.062002465,0.2668377,0.10817442,0.05115972,0.007599883,0.001626888,0.034321498,0.10546832,0.004729551,0.003427358,0.007656613,0.025256319,1.7718776e-05,0.5,0.000883967,0.20348138,0.5,0
980,NODE21_processed_png/c2567.png,0.047272235,0.08968598,0.1712823,0.17016637,0.02545043,0.019672811,0.003733555,0.10153137,0.12498106,0.008748947,0.019814942,0.011619809,0.015713846,2.0668593e-05,0.5,0.001033343,0.6608446,0.5,0
981,NODE21_processed_png/c2915.png,0.021140931,0.051332194,0.16097276,0.04469216,0.008072799,0.00397886,0.002389293,0.044316713,0.03588368,0.004960384,0.003628088,0.005487626,0.016662583,1.6961341e-05,0.5,0.00058858,0.05581007,0.5,0
982,NODE21_processed_png/c3327.png,0.019639617,0.095319785,0.17281592,0.0971851,0.03743586,0.02200851,0.002362262,0.043478005,0.05584037,0.009633049,0.003458071,0.00941869,0.046133015,2.4839963e-05,0.5,0.001401873,0.15291291,0.5,0
983,NODE21_processed_png/c3480.png,0.0458474,0.06534273,0.1820104,0.1048342,0.0329772,0.017413873,0.002014677,0.047405668,0.08086349,0.008952401,0.011152564,0.013860718,0.053931292,0.000161447,0.5,0.001839664,0.20193353,0.5,0
984,NODE21_processed_png/c1013.png,0.04891926,0.042559505,0.15179884,0.058115173,0.014061359,0.016977865,0.006173335,0.08432919,0.031931136,0.019813148,0.007543707,0.008078152,0.03810781,0.000247951,0.5,0.003508828,0.043680888,0.5,0
985,NODE21_processed_png/c3746.png,0.024269896,0.07940905,0.18718454,0.1589238,0.059208207,0.014135167,0.004076798,0.07906622,0.1441613,0.012923368,0.02126433,0.012524878,0.021459168,4.8154005e-05,0.5,0.000925787,0.66175985,0.5,0
986,NODE21_processed_png/c2106.png,0.029745247,0.072377875,0.17732038,0.0843984,0.009625374,0.018491816,0.002701126,0.035326663,0.03757957,0.009063783,0.002674712,0.013954452,0.045563873,3.3126642e-05,0.5,0.001719439,0.07970963,0.5,0
987,NODE21_processed_png/c3278.png,0.051126063,0.039697867,0.18011856,0.12150374,0.01466866,0.033862334,0.003277437,0.045356527,0.061208002,0.008397413,0.003703838,0.008973641,0.037365716,0.000168599,0.5,0.004702925,0.08896553,0.5,0
988,NODE21_processed_png/c2438.png,0.04991609,0.12168145,0.23629047,0.06017076,0.028840221,0.01086822,0.004067555,0.12134129,0.13544895,0.013817894,0.023067655,0.010061195,0.033325784,0.000112997,0.5,0.003249979,0.53463364,0.5,0
989,NODE21_processed_png/c2059.png,0.044518683,0.04995796,0.17607284,0.14181377,0.028224846,0.02347142,0.012940216,0.07184687,0.07869687,0.016849408,0.05227274,0.015104282,0.037544757,0.000318706,0.5,0.002454671,0.18239948,0.5,0
990,NODE21_processed_png/c3619.png,0.022513084,0.036898416,0.17374814,0.07422247,0.018368017,0.026774881,0.00296265,0.012644223,0.044570297,0.008349685,0.002152832,0.008032911,0.038340043,3.7056157e-05,0.5,0.001274655,0.055953857,0.5,0
991,NODE21_processed_png/c2088.png,0.06358468,0.053583518,0.20432644,0.13948525,0.01914616,0.057207707,0.008187025,0.06367367,0.06632845,0.012226637,0.009388221,0.01253992,0.03169498,0.000274873,0.5,0.005287875,0.114181794,0.5,0
992,NODE21_processed_png/c0869.png,0.036807522,0.05593357,0.19901632,0.22777575,0.034303997,0.048695117,0.010650221,0.04632448,0.087101325,0.021725947,0.007205729,0.010826353,0.040687755,7.150263e-05,0.5,0.000880021,0.13596116,0.5,0
993,NODE21_processed_png/c3037.png,0.05007043,0.05524993,0.1462389,0.083349556,0.01969438,0.009105095,0.003133507,0.06699482,0.032570098,0.016015925,0.011129273,0.011215658,0.04678007,0.000246711,0.5,0.005908241,0.065821074,0.5,0
994,NODE21_processed_png/c3790.png,0.0729897,0.048948225,0.18084094,0.08058182,0.017979998,0.015628219,0.003283124,0.071575046,0.0835595,0.016193217,0.019115286,0.008424825,0.033170898,0.000121176,0.5,0.004386671,0.3202532,0.5,0
995,NODE21_processed_png/c2677.png,0.041065298,0.03255842,0.13456891,0.05949823,0.008927242,0.010949236,0.004184138,0.038848933,0.044635065,0.007491914,0.015858484,0.007932508,0.017816491,8.933656e-05,0.5,0.001204598,0.13731815,0.5,0
996,NODE21_processed_png/c1762.png,0.09329444,0.056387987,0.17966151,0.1211975,0.010119632,0.0211775,0.011879843,0.078274734,0.05993589,0.031959344,0.013153925,0.014608288,0.05152572,0.000321338,0.5,0.008329542,0.16097224,0.5,0
997,NODE21_processed_png/c0122.png,0.026011776,0.08901121,0.22224763,0.17165096,0.093221396,0.008162173,0.011790713,0.06260165,0.118321605,0.012448972,0.01595212,0.015597925,0.027478741,9.715086e-05,0.5,0.000804361,0.32437745,0.5,0
998,NODE21_processed_png/c0685.png,0.033378787,0.051649224,0.15334092,0.042981178,0.019828377,0.013156506,0.002352841,0.039837893,0.053338904,0.007194488,0.011515591,0.006905498,0.027263828,0.000101311,0.5,0.002028591,0.25410745,0.5,0
999,NODE21_processed_png/c2216.png,0.044022188,0.04416745,0.18385419,0.08821386,0.020105477,0.028736072,0.006662964,0.06047746,0.078676954,0.016585385,0.010433833,0.008547961,0.024036532,0.000229205,0.5,0.002782794,0.2021835,0.5,0
1000,NODE21_processed_png/c3824.png,0.055631105,0.029846756,0.13103396,0.06931728,0.011008268,0.02055,0.004256038,0.068520516,0.03596013,0.013385879,0.011817476,0.009580448,0.035889044,0.000133762,0.5,0.00427562,0.09300893,0.5,0
1001,NODE21_processed_png/c3456.png,0.032936037,0.05340853,0.19309579,0.16817527,0.024333116,0.050065942,0.002287988,0.039391723,0.036273018,0.005360326,0.002594321,0.008043558,0.058750235,9.8462464e-05,0.5,0.001373579,0.020851977,0.5,0
1002,NODE21_processed_png/c0543.png,0.017865181,0.074416004,0.18217734,0.09257653,0.02303623,0.012055095,0.002800219,0.0290796,0.062359452,0.005181921,0.007654709,0.006795788,0.018520253,6.2652807e-06,0.5,0.00032541,0.17101727,0.5,0
1003,NODE21_processed_png/c0931.png,0.108436234,0.027486006,0.14046401,0.037496477,0.006622462,0.012628439,0.002325574,0.09503337,0.035847183,0.009722077,0.02082913,0.009155787,0.029604262,0.000549692,0.5,0.004800493,0.11237507,0.5,0
1004,NODE21_processed_png/c1303.png,0.059150606,0.046798676,0.18940075,0.10728021,0.021693457,0.10984085,0.003047091,0.02552742,0.04719229,0.007306295,0.002812177,0.007044003,0.04145039,0.000101913,0.5,0.002253469,0.074988104,0.5,0
1005,NODE21_processed_png/n1004.png,0.063973635,0.09316134,0.22684917,0.0903764,0.057174083,0.013164558,0.007654055,0.10405237,0.117695756,0.01557996,0.020469185,0.015587682,0.05497972,0.000116978,0.5,0.003452736,0.38518786,0.5,1
1006,NODE21_processed_png/c1475.png,0.012016357,0.13576753,0.31016266,0.05932909,0.07400398,0.006119973,0.00306057,0.05990331,0.12008016,0.004957472,0.00456861,0.007779983,0.02776308,1.5044764e-06,0.5,0.000456844,0.2008965,0.5,0
1007,NODE21_processed_png/c1807.png,0.038566116,0.046815157,0.24621522,0.10006855,0.06524397,0.013242525,0.015485158,0.051512066,0.085007474,0.017191527,0.01201586,0.014614432,0.04253775,0.000189905,0.5,0.002314097,0.13441312,0.5,0
1008,NODE21_processed_png/c0592.png,0.047936115,0.08213586,0.19136998,0.09231,0.03864365,0.013357887,0.004442477,0.110839605,0.099597424,0.013677671,0.03152036,0.008109696,0.034877572,4.5531415e-05,0.5,0.001786872,0.44323608,0.5,0
1009,NODE21_processed_png/c0235.png,0.03782399,0.048489403,0.15715912,0.04958064,0.018952133,0.016814658,0.003101307,0.048878472,0.042233758,0.013832557,0.012264033,0.008867835,0.031131705,5.117648e-05,0.5,0.003866007,0.09762004,0.5,0
1010,NODE21_processed_png/n0644.png,0.053470563,0.09220588,0.21911177,0.08859136,0.06146917,0.017460221,0.00452819,0.1298856,0.16721791,0.013026911,0.010074317,0.019755175,0.071132764,7.260085e-05,0.5,0.002755994,0.6908808,0.5,1
1011,NODE21_processed_png/c3487.png,0.012747127,0.07196376,0.14228058,0.108604975,0.021754153,0.011837286,0.00500286,0.03437098,0.06265928,0.010376474,0.003018784,0.010770276,0.029107124,3.836238e-05,0.5,0.000903868,0.37189943,0.5,0
1012,NODE21_processed_png/c3320.png,0.036065303,0.066876926,0.1628109,0.05382537,0.023071088,0.033550054,0.003918588,0.03323699,0.06230629,0.00756888,0.004257869,0.00774153,0.027248295,8.830081e-05,0.5,0.002388489,0.1040679,0.5,0
1013,NODE21_processed_png/c2912.png,0.030849185,0.102968335,0.18654151,0.20564243,0.063091606,0.018623466,0.005652012,0.07136437,0.17000894,0.013434535,0.008665814,0.015835319,0.052237213,0.000162682,0.5,0.004394446,0.6566285,0.5,0
1014,NODE21_processed_png/c2560.png,0.03100218,0.04685431,0.17292675,0.060941055,0.024876779,0.005500577,0.001189155,0.03922998,0.09658819,0.004557199,0.010900972,0.005623031,0.02209519,6.0664883e-05,0.5,0.001014631,0.34959,0.5,0
1015,NODE21_processed_png/n0582.png,0.045320004,0.06680775,0.19299208,0.053514272,0.053327817,0.005377808,0.003893929,0.07182325,0.12860735,0.006861126,0.027040446,0.011521583,0.034966506,0.000566261,0.5,0.001775616,0.49660546,0.5,1
1016,NODE21_processed_png/c0654.png,0.0490949,0.085179344,0.23824273,0.1065682,0.04485601,0.019854994,0.014028245,0.08620597,0.07785744,0.014078769,0.012169887,0.01286759,0.02965157,0.000198346,0.5,0.002134845,0.09938494,0.5,0
1017,NODE21_processed_png/n0225.png,0.056726955,0.055396523,0.19294621,0.050019447,0.052380916,0.011670771,0.005182761,0.07087011,0.136048,0.010919825,0.052221525,0.011051769,0.02932037,0.000367777,0.5,0.003403073,0.4906592,0.5,1
1018,NODE21_processed_png/c1014.png,0.062428746,0.052559767,0.15832892,0.13974275,0.02981445,0.019219866,0.011394928,0.052214567,0.099452436,0.020117315,0.023637822,0.013450721,0.03752308,0.000671582,0.5,0.006716441,0.28702003,0.5,0
1019,NODE21_processed_png/c2101.png,0.028671272,0.065682724,0.18120924,0.20490843,0.04446491,0.025932362,0.006505181,0.04998279,0.07519261,0.012737598,0.006589488,0.024780327,0.032624688,5.8296602e-05,0.5,0.001031467,0.21194994,0.5,0
1020,NODE21_processed_png/c3741.png,0.017505815,0.09754854,0.20553143,0.061332773,0.042397663,0.003743043,0.00254916,0.043316476,0.12968439,0.003654808,0.007154118,0.008608439,0.014422068,1.1792438e-05,0.5,0.000452958,0.39976588,0.5,0
1021,NODE21_processed_png/c1923.png,0.06333048,0.059171397,0.16075537,0.18104863,0.021942923,0.0292444,0.001569658,0.06697934,0.07403229,0.013551489,0.012007412,0.007267265,0.053811714,3.3298562e-05,0.5,0.001621128,0.08703234,0.5,0
1022,NODE21_processed_png/c1551.png,0.059980392,0.065849714,0.16896908,0.116894856,0.030975612,0.023953767,0.008841239,0.13580437,0.06712206,0.020548956,0.045139782,0.011852529,0.043619525,8.5125495e-05,0.5,0.00413591,0.29631123,0.5,0
1023,NODE21_processed_png/c0311.png,0.017639494,0.11696316,0.23423979,0.10945676,0.121230595,0.00498462,0.005337602,0.049369004,0.2901395,0.006466887,0.010658434,0.01641738,0.016165785,2.443265e-05,0.5,0.000263012,0.8015942,0.5,0
1024,NODE21_processed_png/c3204.png,0.05745268,0.071918786,0.17422642,0.089467056,0.008289791,0.00643041,0.003144598,0.0897479,0.07509018,0.008983626,0.014153342,0.006449633,0.024977744,2.5079922e-05,0.5,0.001559778,0.2464858,0.5,0
1025,NODE21_processed_png/c2444.png,0.05664089,0.09188218,0.18196091,0.07688723,0.026194936,0.012212338,0.005197968,0.068850614,0.117694296,0.011609649,0.01908838,0.010420986,0.038593605,9.0115325e-05,0.5,0.002551763,0.6895932,0.5,0
1026,NODE21_processed_png/c2836.png,0.039194006,0.09527558,0.19733596,0.12762816,0.055409364,0.010409751,0.004505447,0.09595836,0.18507211,0.010435456,0.010744622,0.010155224,0.03873686,9.231886e-05,0.5,0.001642952,0.7798091,0.5,0
1027,NODE21_processed_png/c0770.png,0.036011282,0.037673183,0.18210149,0.099438384,0.019299265,0.011597704,0.008250535,0.03407143,0.027670732,0.007510493,0.004277746,0.010435864,0.020442327,4.580941e-05,0.5,0.001566424,0.026987463,0.5,0
1028,NODE21_processed_png/n0301.png,0.020762835,0.07134407,0.1616222,0.10960344,0.02969685,0.00864254,0.002648692,0.09620457,0.042805746,0.015103926,0.007240412,0.016554905,0.16775072,0.000306988,0.5,0.001176313,0.07994317,0.5,1
1029,NODE21_processed_png/c1130.png,0.047056418,0.060626976,0.13563433,0.04407634,0.00590471,0.011293069,0.001125287,0.03165367,0.048407655,0.00539567,0.002389537,0.010885693,0.05587162,1.6088534e-05,0.5,0.001319726,0.2742774,0.5,0
1030,NODE21_processed_png/c1697.png,0.06454075,0.06015372,0.1991324,0.1851651,0.022379179,0.09085387,0.005333873,0.046310097,0.10011604,0.008646397,0.004036828,0.011258753,0.041889638,0.000214293,0.5,0.002046583,0.22602183,0.5,0
1031,NODE21_processed_png/c2025.png,0.03672031,0.09904244,0.21981469,0.104421064,0.06472566,0.007526692,0.007804942,0.07180199,0.17676623,0.006439762,0.019162178,0.011334258,0.021805538,0.000105726,0.5,0.0023897,0.6861689,0.5,0
1032,NODE21_processed_png/c2782.png,0.018450787,0.09695624,0.21001476,0.20160095,0.032542236,0.014700751,0.005301402,0.059738852,0.08615644,0.009101127,0.002577583,0.008233924,0.025350045,1.1782578e-05,0.5,0.000556437,0.13843893,0.5,0
1033,NODE21_processed_png/c3665.png,0.06263144,0.06277513,0.14493144,0.030378606,0.00535528,0.00930116,0.001326986,0.07218607,0.04246045,0.007656809,0.003175194,0.006997021,0.02196938,8.00064e-05,0.5,0.004074305,0.09808349,0.5,0
1034,NODE21_processed_png/c3113.png,0.043695323,0.060504884,0.17842376,0.047833312,0.038321152,0.008331231,0.00315719,0.08469841,0.0753136,0.013436274,0.025457911,0.010085269,0.046352834,0.000339435,0.5,0.004955551,0.108278394,0.5,0
1035,NODE21_processed_png/c2753.png,0.037227437,0.06354204,0.16472338,0.0723551,0.023084383,0.022259125,0.004615407,0.052061122,0.04657017,0.008604628,0.006757348,0.008714024,0.034346692,6.190305e-05,0.5,0.003350808,0.10778941,0.5,0
1036,NODE21_processed_png/c1646.png,0.06844812,0.02933102,0.17308277,0.038434613,0.012711217,0.01436377,0.002157285,0.05271716,0.05384513,0.007274735,0.012643081,0.007613818,0.027761303,0.000222647,0.5,0.004155272,0.12655693,0.5,0
1037,NODE21_processed_png/n0805.png,0.06943243,0.0592624,0.1742966,0.07828735,0.029204497,0.024147643,0.00288384,0.05926066,0.088582635,0.008979005,0.012920962,0.014494375,0.07413861,0.000803082,0.5,0.00739764,0.24704096,0.5,1
1038,NODE21_processed_png/c0006.png,0.047507107,0.115915716,0.23183283,0.06432648,0.023860104,0.007180203,0.002911893,0.10076329,0.10594588,0.009232413,0.005288564,0.006737356,0.030040989,4.0759835e-05,0.5,0.00146147,0.31609386,0.5,0
1039,NODE21_processed_png/c2495.png,0.048364427,0.101280205,0.22367911,0.13926637,0.03865031,0.008171201,0.002972968,0.08760552,0.15679675,0.007043998,0.013423091,0.013481789,0.024262521,5.8985268e-05,0.5,0.000875011,0.6895709,0.5,0
1040,NODE21_processed_png/c2332.png,0.0334935,0.06620855,0.17447352,0.07743936,0.029922321,0.007389292,0.00208395,0.06576077,0.08984078,0.005451323,0.020576388,0.004644681,0.01868292,1.8272294e-05,0.5,0.000535482,0.18873309,0.5,0
1041,NODE21_processed_png/c3572.png,0.026081271,0.09092287,0.22226784,0.027520783,0.018231414,0.006969266,0.001766931,0.055590257,0.061622433,0.006509948,0.002390572,0.004375153,0.028526237,2.167701e-05,0.5,0.000886412,0.108888015,0.5,0
1042,NODE21_processed_png/c0815.png,0.041731745,0.11610428,0.26093325,0.12592366,0.09632253,0.006230271,0.006743753,0.087528594,0.20785585,0.013782992,0.01329493,0.013864654,0.040196985,7.031855e-05,0.5,0.000538615,0.601753,0.5,0
1043,NODE21_processed_png/c0467.png,0.018794196,0.07083182,0.18519758,0.186364,0.047273155,0.012194016,0.004689468,0.044292483,0.18984209,0.013050599,0.017693669,0.012696515,0.024171187,7.994173e-05,0.5,0.001197321,0.834723,0.5,0
1044,NODE21_processed_png/c1580.png,0.019383924,0.050485812,0.18552886,0.048076708,0.032980714,0.007864319,0.006237146,0.025591524,0.048636355,0.00755789,0.005955805,0.011545764,0.036406014,6.6941364e-05,0.5,0.001579339,0.11981449,0.5,0
1045,NODE21_processed_png/c0298.png,0.048919242,0.051265147,0.17925365,0.24074247,0.008921756,0.053648036,0.006322243,0.044383287,0.037753414,0.011016342,0.005573834,0.01249635,0.027290594,4.7008303e-05,0.5,0.002783564,0.06434307,0.5,0
1046,NODE21_processed_png/c3858.png,0.040979147,0.0920421,0.21923585,0.055794034,0.033235814,0.006691214,0.002527755,0.08852664,0.13274123,0.007837877,0.01433778,0.014010591,0.036578976,0.000205864,0.5,0.002059118,0.40041146,0.5,0
1047,NODE21_processed_png/c3889.png,0.048024315,0.07042891,0.19057046,0.13763195,0.02990402,0.040775247,0.004737455,0.04409837,0.07153586,0.012747753,0.002728068,0.01382418,0.045583386,7.322083e-05,0.5,0.002598571,0.25046238,0.5,0
1048,NODE21_processed_png/c1409.png,0.02202628,0.12655918,0.23377326,0.0534931,0.015383788,0.009301851,0.004866958,0.05217808,0.100848086,0.007012636,0.005517546,0.006506146,0.020247137,8.2387605e-06,0.5,0.000589934,0.32580605,0.5,0
1049,NODE21_processed_png/c0249.png,0.052777525,0.047660615,0.18430236,0.02926185,0.009906761,0.006792106,0.001345723,0.04261113,0.043822456,0.008319208,0.006582447,0.00604168,0.04174767,2.5402278e-05,0.5,0.002610888,0.12062305,0.5,0
1050,NODE21_processed_png/n0638.png,0.052302655,0.07993189,0.23482107,0.08194585,0.035900243,0.01427203,0.005579665,0.09472468,0.12299406,0.014064602,0.01272516,0.012657944,0.033123057,0.000166105,0.5,0.003034386,0.347284,0.5,1
1051,NODE21_processed_png/c0628.png,0.042876873,0.055923644,0.18723615,0.06033732,0.016950747,0.010221443,0.003097338,0.046335097,0.049827196,0.010314292,0.01130754,0.008048931,0.029130477,0.0001257,0.5,0.003656307,0.09801643,0.5,0
1052,NODE21_processed_png/c1068.png,0.050899003,0.06801126,0.16765605,0.04789,0.00835193,0.021539018,0.003089401,0.073226154,0.07108165,0.012408688,0.006402283,0.008745225,0.050934386,6.442335e-05,0.5,0.002406762,0.33114463,0.5,0
1053,NODE21_processed_png/c2594.png,0.059574287,0.023827914,0.13550885,0.032303188,0.004770429,0.011875938,0.001256916,0.03297615,0.044500586,0.00820699,0.016542587,0.006107094,0.040687457,6.6888075e-05,0.5,0.002772126,0.12514095,0.5,0
1054,NODE21_processed_png/c2233.png,0.05588738,0.082627594,0.17542347,0.040297925,0.026408268,0.008149118,0.001531631,0.086802475,0.09391175,0.008496441,0.010772591,0.00962181,0.042286016,8.252163e-05,0.5,0.001510499,0.5405518,0.5,0
1055,NODE21_processed_png/c3473.png,0.0699632,0.050494917,0.1705461,0.044311594,0.017058091,0.019370206,0.00097431,0.08231129,0.047178537,0.021225266,0.0090834,0.009859672,0.045294784,0.000129324,0.5,0.010277995,0.0959761,0.5,0
1056,NODE21_processed_png/c3801.png,0.031204017,0.093268126,0.26898646,0.07659399,0.06323671,0.005228201,0.015945667,0.06948414,0.12897882,0.014825961,0.0253236,0.011132229,0.026718903,0.000308572,0.5,0.00145406,0.28869635,0.5,0
1057,NODE21_processed_png/n0117.png,0.07416225,0.06693265,0.22080974,0.066588804,0.051751178,0.00983914,0.001919806,0.06041211,0.16483992,0.005260049,0.015141487,0.017458802,0.048566602,0.000152884,0.5,0.010475003,0.45438007,0.5,1
1058,NODE21_processed_png/c0914.png,0.079464614,0.040160205,0.14902197,0.08670443,0.011222198,0.07541501,0.001907138,0.044296473,0.068577655,0.013311787,0.007862881,0.008953962,0.04474237,0.000198088,0.5,0.00561238,0.1230734,0.5,0
1059,NODE21_processed_png/c0566.png,0.04163603,0.041899003,0.15525666,0.0211398,0.018798688,0.005589938,0.002214857,0.039229605,0.042053506,0.006917859,0.011562478,0.009844059,0.04911768,0.000148107,0.5,0.001695291,0.12946239,0.5,0
1060,NODE21_processed_png/c1481.png,0.08387038,0.042869877,0.17763774,0.096755095,0.022441763,0.014960877,0.00352627,0.060216464,0.09517642,0.010503722,0.017508956,0.007484945,0.043724176,0.000144566,0.5,0.001533739,0.22029819,0.5,0
1061,NODE21_processed_png/c1326.png,0.031311728,0.095477395,0.18023664,0.15172468,0.02998891,0.024158055,0.002459534,0.1120378,0.09945337,0.010802921,0.005087497,0.008554376,0.032518543,1.7678956e-05,0.5,0.001329186,0.41443467,0.5,0
1062,NODE21_processed_png/c2652.png,0.018881245,0.115144484,0.21778257,0.11710115,0.04658273,0.018229265,0.002700967,0.032405432,0.14510676,0.005908428,0.006069355,0.009400368,0.019922446,3.2496566e-05,0.5,0.000437294,0.50166464,0.5,0
1063,NODE21_processed_png/c1747.png,0.0702862,0.08964622,0.18699655,0.05892676,0.045108307,0.01766749,0.003214135,0.07402921,0.13179147,0.014178348,0.025890732,0.012194061,0.06509036,0.00130831,0.5,0.007177653,0.56494164,0.5,0
1064,NODE21_processed_png/n0904.png,0.05939745,0.078968905,0.21395126,0.039338924,0.03040771,0.003205593,0.001660405,0.11274585,0.09721264,0.008666797,0.036691986,0.007675763,0.03870507,0.00046915,0.5,0.003916632,0.24293098,0.5,1
1065,NODE21_processed_png/n0576.png,0.057385016,0.065739065,0.27401015,0.07245287,0.0704498,0.008496035,0.002048062,0.14563224,0.1561531,0.016282186,0.030711792,0.03432308,0.042453717,0.000135162,0.5,0.005587724,0.53770137,0.5,1
1066,NODE21_processed_png/c0107.png,0.03426097,0.06891352,0.26342475,0.08448839,0.0839846,0.015984789,0.010262551,0.0801213,0.1639669,0.02183418,0.029050685,0.013658551,0.028555408,0.000204267,0.5,0.002448597,0.33238035,0.5,0
1067,NODE21_processed_png/c0671.png,0.047985137,0.106389716,0.23531313,0.060425702,0.047452275,0.009017184,0.004313627,0.07979882,0.15329635,0.006973502,0.036939632,0.007885986,0.021046499,0.000156651,0.5,0.001769939,0.65934265,0.5,0
1068,NODE21_processed_png/c1031.png,0.036074214,0.08047486,0.24272738,0.16269252,0.091860384,0.024277115,0.006565505,0.052514903,0.1618275,0.011325204,0.009134377,0.012166081,0.05688261,1.6837312e-05,0.5,0.001105546,0.57203853,0.5,0
1069,NODE21_processed_png/c1796.png,0.012238528,0.1430211,0.22697495,0.03133121,0.07757962,0.002144409,0.001564039,0.048228458,0.22603656,0.003091049,0.002937654,0.008723979,0.010733373,1.4466131e-05,0.5,0.000191656,0.75814605,0.5,0
1070,NODE21_processed_png/c2124.png,0.048378475,0.05489434,0.19395478,0.027174404,0.017523132,0.003079604,0.0020242,0.06582857,0.069431275,0.005899988,0.012691565,0.004504171,0.022417825,5.3222473e-05,0.5,0.000748915,0.21912122,0.5,0
1071,NODE21_processed_png/c2683.png,0.025055861,0.076756775,0.17551534,0.061592124,0.031254176,0.026443534,0.002220826,0.051815514,0.062132668,0.008226167,0.007884532,0.011055254,0.028281761,1.808272e-05,0.5,0.001982793,0.29720905,0.5,0
1072,NODE21_processed_png/c3764.png,0.059828755,0.0516737,0.22157753,0.089658745,0.023254724,0.04608003,0.01687336,0.08503709,0.040972874,0.011571772,0.011210137,0.01484644,0.030702168,0.000461588,0.5,0.003156411,0.03136795,0.5,0
1073,NODE21_processed_png/c1822.png,0.019707674,0.04619874,0.18908323,0.027998552,0.017763173,0.007412543,0.006577177,0.027707186,0.046009347,0.005377062,0.016743938,0.004782643,0.02306732,3.535484e-05,0.5,0.000630083,0.05499472,0.5,0
1074,NODE21_processed_png/c1450.png,0.029228332,0.0501509,0.16940622,0.04390753,0.021729264,0.014434892,0.003073452,0.03580878,0.05639241,0.008040591,0.008777381,0.009090288,0.04226537,8.005502e-05,0.5,0.003276789,0.14687654,0.5,0
1075,NODE21_processed_png/c0210.png,0.020455737,0.041493792,0.20355763,0.18272212,0.010523341,0.029052582,0.006996648,0.036389153,0.030647645,0.009293761,0.010172447,0.010479228,0.022948751,3.802797e-05,0.5,0.000642036,0.023855988,0.5,0
1076,NODE21_processed_png/c3305.png,0.03350423,0.12891349,0.22729728,0.07720333,0.06349524,0.006779654,0.002070888,0.10324019,0.2272757,0.008303176,0.006804205,0.007900643,0.02228265,4.1069554e-05,0.5,0.001398875,0.85216993,0.5,0
1077,NODE21_processed_png/c2545.png,0.041448154,0.054087095,0.13505995,0.10232967,0.004789915,0.028165797,0.005144394,0.051955048,0.0277734,0.006028296,0.005450656,0.015816862,0.03183864,3.7109236e-05,0.5,0.003273838,0.034294218,0.5,0
1078,NODE21_processed_png/c2937.png,0.0990067,0.058532156,0.16900969,0.05249589,0.023841146,0.012140457,0.001655369,0.09112607,0.08017612,0.008827108,0.020568399,0.010124605,0.04604167,0.000492295,0.5,0.009507651,0.23268043,0.5,0
1079,NODE21_processed_png/c0729.png,0.028080618,0.075552456,0.21899366,0.18611255,0.048321728,0.009827441,0.004002494,0.04451193,0.13285051,0.007054898,0.014628071,0.017359262,0.019911343,2.5652362e-05,0.5,0.001217892,0.47903225,0.5,0
1080,NODE21_processed_png/c1508.png,0.041612796,0.066179305,0.21378618,0.0937849,0.03960403,0.010326544,0.004838881,0.070002265,0.09482029,0.009892236,0.034626793,0.009404952,0.028692337,0.000212897,0.5,0.003485662,0.31999782,0.5,0
1081,NODE21_processed_png/c0348.png,0.06856602,0.101447664,0.20896888,0.07180712,0.05554141,0.010841671,0.005148088,0.08043672,0.10344075,0.010447186,0.025123715,0.019601114,0.048286702,0.000967214,0.5,0.003313693,0.44618118,0.5,0
1082,NODE21_processed_png/c0399.png,0.034602135,0.07131619,0.20117465,0.11507907,0.05778071,0.021254187,0.014012986,0.059094593,0.06135515,0.013367544,0.011618984,0.011244375,0.024551127,0.000119438,0.5,0.00100751,0.13278607,0.5,0
1083,NODE21_processed_png/c0968.png,0.06599827,0.062485967,0.19509487,0.032363012,0.024639323,0.003738082,0.00417346,0.10919664,0.07918197,0.012277779,0.034865543,0.008134442,0.021014884,0.000147458,0.5,0.002875309,0.27067617,0.5,0
1084,NODE21_processed_png/c2189.png,0.06148554,0.044116054,0.15096338,0.15180336,0.00815264,0.07337027,0.003451035,0.04732159,0.06149059,0.010984633,0.00994392,0.012335291,0.02635764,0.000186675,0.5,0.004337063,0.18334968,0.5,0
1085,NODE21_processed_png/c2158.png,0.07437606,0.11404744,0.2037596,0.09880059,0.04799115,0.011802597,0.004503422,0.13387942,0.123138435,0.012919901,0.017021194,0.015007932,0.056155622,0.000129213,0.5,0.005835218,0.47467056,0.5,0
1086,NODE21_processed_png/c3718.png,0.021854563,0.14301705,0.16685548,0.020985119,0.014754733,0.006407293,0.000734392,0.06281833,0.066838086,0.002820995,0.000709596,0.007776289,0.04901137,6.2751656e-06,0.5,0.000934849,0.25601718,0.5,0
1087,NODE21_processed_png/c3379.png,0.02178062,0.030375352,0.144526,0.043110367,0.01469804,0.013171354,0.003667875,0.02556189,0.028897349,0.007862954,0.009824565,0.007593948,0.026295723,7.1489674e-05,0.5,0.001625844,0.04149422,0.5,0
1088,NODE21_processed_png/c2539.png,0.077309154,0.04091747,0.1644504,0.017657727,0.01642637,0.005054595,0.000695471,0.23002423,0.04592954,0.005970334,0.008922653,0.004932656,0.020458937,8.212127e-05,0.5,0.004749661,0.07575952,0.5,0
1089,NODE21_processed_png/n0483.png,0.023109566,0.05900586,0.18956281,0.09601584,0.01123771,0.011399798,0.003219714,0.046007488,0.0922827,0.007932922,0.009067573,0.011304722,0.024154998,2.3605712e-06,0.5,0.001369727,0.50044036,0.5,1
1090,NODE21_processed_png/c0755.png,0.028562013,0.050141945,0.13544858,0.056358285,0.005492907,0.01623773,0.003713371,0.035822347,0.022781579,0.009118488,0.010369166,0.012373648,0.036019046,5.6843375e-05,0.5,0.002338676,0.035503767,0.5,0
1091,NODE21_processed_png/c1115.png,0.03517605,0.07662214,0.18777142,0.042214207,0.028492525,0.007026915,0.003078793,0.07135193,0.092314646,0.006017915,0.025334412,0.005843951,0.015839092,1.756135e-05,0.5,0.000883826,0.45260513,0.5,0
1092,NODE21_processed_png/c2000.png,0.033493545,0.06864895,0.16308926,0.053396825,0.030721996,0.007420697,0.002667376,0.06667689,0.045289304,0.008859479,0.007015551,0.008381374,0.04824082,9.442523e-05,0.5,0.001996481,0.0702209,0.5,0
1093,NODE21_processed_png/c3640.png,0.07019108,0.050080094,0.22561963,0.07498668,0.048091028,0.007385634,0.006245534,0.06391996,0.08619968,0.007943656,0.019775683,0.011465726,0.032145076,0.000346205,0.5,0.004019104,0.2399452,0.5,0
1094,NODE21_processed_png/c1574.png,0.07419302,0.061943557,0.16264254,0.03381165,0.014598168,0.006035986,0.001693724,0.043859433,0.0924554,0.004068858,0.01573776,0.006370536,0.03452073,8.4058054e-05,0.5,0.001401311,0.31837493,0.5,0
1095,NODE21_processed_png/c1906.png,0.017717678,0.039225504,0.15132953,0.0646558,0.008221477,0.035540752,0.005453165,0.037487812,0.022529572,0.009435437,0.012757124,0.006525138,0.0399602,2.0459564e-05,0.5,0.000488763,0.025739113,0.5,0
1096,NODE21_processed_png/c0493.png,0.035924245,0.04866355,0.20049882,0.07279867,0.019890968,0.008599873,0.003309334,0.03739076,0.087667875,0.006879917,0.005643366,0.007264143,0.027596721,4.0773517e-05,0.5,0.001400617,0.23490958,0.5,0
1097,NODE21_processed_png/c0334.png,0.053174876,0.03961438,0.21320386,0.026968246,0.021466006,0.006059236,0.001339898,0.057846375,0.07922866,0.007842182,0.037633866,0.003737025,0.020834079,2.4259332e-05,0.5,0.000436196,0.1862489,0.5,0
1098,NODE21_processed_png/n0745.png,0.028424123,0.1706935,0.21322185,0.05155596,0.03708283,0.007498507,0.000892373,0.09092843,0.14781892,0.008504104,0.002072895,0.009736308,0.054468717,3.374753e-05,0.5,0.00127026,0.54880255,0.5,1
1099,NODE21_processed_png/c3586.png,0.019127138,0.102587335,0.17912683,0.036396496,0.03407139,0.003554028,0.003646335,0.07550469,0.117793046,0.01269907,0.007411982,0.007744519,0.025035286,2.987765e-05,0.5,0.000681457,0.6539588,0.5,0
1100,NODE21_processed_png/c3221.png,0.015032905,0.086670086,0.163976,0.07705726,0.016026685,0.008918474,0.001738762,0.032002773,0.09495438,0.006915518,0.006668202,0.007371693,0.013667823,1.8154506e-06,0.5,0.000207323,0.37906632,0.5,0
1101,NODE21_processed_png/c2813.png,0.17677002,0.04929432,0.14823455,0.15071283,0.006802913,0.015729113,0.000942523,0.17521875,0.055617068,0.01078404,0.0092824,0.008090287,0.04075756,6.6487824e-05,0.5,0.004275198,0.3348551,0.5,0
1102,NODE21_processed_png/c2461.png,0.05262318,0.07498878,0.16832736,0.29278946,0.009985536,0.0537742,0.009908072,0.0931552,0.08786892,0.012537645,0.005996828,0.016423771,0.05853944,9.8198325e-05,0.5,0.003196376,0.23731811,0.5,0
1103,NODE21_processed_png/c2317.png,0.065114,0.0969932,0.18510054,0.113742,0.030821411,0.0169824,0.008557066,0.111850314,0.1205103,0.007729678,0.011642919,0.017946517,0.03168959,5.8749378e-05,0.5,0.002540421,0.44563287,0.5,0
1104,NODE21_processed_png/c3557.png,0.04852554,0.042734575,0.16730528,0.09103222,0.013883185,0.022900786,0.003880121,0.05281839,0.037108798,0.006262688,0.007298563,0.007810279,0.027277878,0.000103439,0.5,0.001517486,0.046569467,0.5,0
1105,NODE21_processed_png/n0033.png,0.06032467,0.08909274,0.20777063,0.037300922,0.0358527,0.009376442,0.003186024,0.13720272,0.098462544,0.010892749,0.024077928,0.010851509,0.04565667,0.000223216,0.5,0.003345135,0.36962527,0.5,1
1106,NODE21_processed_png/c0442.png,0.026364816,0.051494706,0.16169098,0.30250084,0.016689917,0.041673414,0.008330168,0.04890753,0.04775809,0.015652556,0.004812704,0.013263512,0.039316855,0.000166485,0.5,0.00265123,0.10013616,0.5,0
1107,NODE21_processed_png/c0830.png,0.044095185,0.04919795,0.1370754,0.12171589,0.007984993,0.06482889,0.005431939,0.04035361,0.050014447,0.010961154,0.003183929,0.01002539,0.0439361,6.497945e-05,0.5,0.001581827,0.12710133,0.5,0
1108,NODE21_processed_png/c1202.png,0.02087508,0.054493204,0.18693721,0.04699364,0.037605915,0.003987523,0.002459592,0.03386282,0.0793537,0.005589902,0.00297934,0.008246934,0.032532822,0.000390287,0.5,0.002003539,0.32593572,0.5,0
1109,NODE21_processed_png/c3136.png,0.044883136,0.059577424,0.190117,0.09854515,0.012383494,0.027084159,0.008954726,0.08016872,0.028070088,0.014762423,0.005908471,0.012910305,0.034472264,0.000198477,0.5,0.002337688,0.015200439,0.5,0
1110,NODE21_processed_png/c3691.png,0.026234832,0.08436381,0.22210583,0.08072595,0.019741023,0.0299869,0.008752916,0.056112636,0.09181716,0.011397718,0.020993916,0.005179437,0.027220713,9.520829e-06,0.5,0.000699264,0.18296407,0.5,0
1111,NODE21_processed_png/c2776.png,0.02652083,0.03777477,0.18640733,0.06240741,0.03472082,0.007490559,0.002363382,0.031281404,0.07837359,0.013767973,0.009070602,0.007891299,0.03646015,9.337732e-05,0.5,0.004537047,0.13058816,0.5,0
1112,NODE21_processed_png/c1663.png,0.0196376,0.02711659,0.16724753,0.06048797,0.015532123,0.005913323,0.003513685,0.025055123,0.053013835,0.010723797,0.008998671,0.004443469,0.021007195,6.887542e-05,0.5,0.00116642,0.106634825,0.5,0
1113,NODE21_processed_png/n0452.png,0.031348836,0.09344542,0.23474197,0.14854537,0.028284999,0.019685116,0.00624186,0.057820525,0.12267257,0.012452137,0.004165991,0.01090465,0.03315499,5.145556e-05,0.5,0.001383948,0.3237811,0.5,1
1114,NODE21_processed_png/c0023.png,0.03119869,0.05098777,0.2155786,0.052467998,0.030436693,0.01318989,0.008991976,0.018784093,0.08424797,0.010667739,0.007352811,0.01228803,0.034409884,0.000307923,0.5,0.002916125,0.28663948,0.5,0
1115,NODE21_processed_png/c0784.png,0.043604825,0.07997788,0.20939408,0.18363269,0.039526567,0.01938542,0.005997598,0.042111225,0.11996361,0.009960118,0.009907669,0.012189335,0.04732794,0.000476042,0.5,0.005757587,0.3448377,0.5,0
1116,NODE21_processed_png/c1888.png,0.04640719,0.058212712,0.1996728,0.0301015,0.01634818,0.011562918,0.004158859,0.07752414,0.054379925,0.011421988,0.008578411,0.004939583,0.026998067,2.7935987e-05,0.5,0.00143152,0.12716974,0.5,0
1117,NODE21_processed_png/c3408.png,0.013912719,0.065655634,0.17665213,0.09455042,0.030821502,0.011126853,0.003193423,0.025887936,0.123180926,0.005902119,0.00580001,0.009532959,0.015046146,7.397262e-05,0.5,0.001323671,0.5674864,0.5,0
1118,NODE21_processed_png/c2248.png,0.06839212,0.058708753,0.16269484,0.07722785,0.009576459,0.025972757,0.005262317,0.036169764,0.082080215,0.016053185,0.004176322,0.013703268,0.03474583,0.000186486,0.5,0.0061552,0.3592834,0.5,0
1119,NODE21_processed_png/c2629.png,0.055774163,0.03892158,0.14845501,0.018808065,0.011756128,0.003332347,0.001607691,0.052902892,0.05165699,0.011829647,0.02746341,0.005557667,0.02364966,0.000145043,0.5,0.004834415,0.15710065,0.5,0
1120,NODE21_processed_png/c3069.png,0.04206811,0.06904839,0.24298267,0.06923057,0.033628542,0.00991934,0.008960567,0.046218846,0.117432356,0.01150291,0.010700405,0.010343197,0.033559036,0.000169083,0.5,0.002465386,0.37303093,0.5,0
1121,NODE21_processed_png/c2299.png,0.03339348,0.05155904,0.19210644,0.06079111,0.020287376,0.01862325,0.007319595,0.047472257,0.07204001,0.008058709,0.017762026,0.010055499,0.031688165,8.630776e-06,0.5,0.001015407,0.22981164,0.5,0
1122,NODE21_processed_png/c1859.png,0.044528488,0.049453743,0.17917384,0.07638569,0.023127949,0.014109615,0.001752347,0.0473046,0.073481545,0.005987219,0.011310647,0.007933346,0.029784732,9.268899e-05,0.5,0.000991534,0.10712639,0.5,0
1123,NODE21_processed_png/c1112.png,0.059054483,0.048587233,0.14869638,0.09767315,0.0216825,0.023727037,0.003252308,0.036304116,0.06364722,0.011526391,0.009774491,0.012576571,0.06819116,7.596689e-05,0.5,0.003282724,0.31743938,0.5,0
1124,NODE21_processed_png/c0752.png,0.036680687,0.13181134,0.19735001,0.045367323,0.020933824,0.006073404,0.002705636,0.05456916,0.14648919,0.004606267,0.002929961,0.005339012,0.021202242,1.9730069e-05,0.5,0.000601546,0.40399724,0.5,0
1125,NODE21_processed_png/n0323.png,0.03243731,0.055948317,0.21295303,0.017891861,0.025746837,0.002760159,0.001896515,0.06381454,0.06839957,0.006750862,0.034470033,0.003261457,0.016746704,1.7626635e-05,0.5,0.00053255,0.12526901,0.5,1
1126,NODE21_processed_png/n0484.png,0.063248456,0.09006916,0.17804126,0.051233146,0.012558917,0.027703244,0.000747412,0.08582562,0.107159354,0.005448444,0.002877096,0.008296262,0.05062456,2.4120322e-05,0.5,0.002574152,0.4902388,0.5,1
1127,NODE21_processed_png/c3647.png,0.060191162,0.03559667,0.19003138,0.04368091,0.026792822,0.008812536,0.004342973,0.056602895,0.06474027,0.013406136,0.013204949,0.008525428,0.049974687,6.5932334e-05,0.5,0.003087623,0.20183286,0.5,0
1128,NODE21_processed_png/c2007.png,0.021705676,0.049461827,0.19201282,0.053084545,0.019438474,0.00514083,0.002487142,0.07200947,0.0642042,0.009044222,0.04010326,0.005476491,0.010800386,7.557786e-05,0.5,0.000972256,0.25757647,0.5,0
1129,NODE21_processed_png/c0333.png,0.027446218,0.07052969,0.1752866,0.11990827,0.023715071,0.011741238,0.004519371,0.032621544,0.07954163,0.019156005,0.005794053,0.009977686,0.03603491,4.104606e-05,0.5,0.003420986,0.35578594,0.5,0
1130,NODE21_processed_png/c0494.png,0.023535391,0.09638139,0.18737705,0.02877189,0.023237752,0.003199169,0.001487453,0.07108764,0.10636861,0.005204781,0.02023166,0.006146327,0.020651005,6.593874e-05,0.5,0.000470839,0.41015586,0.5,0
1131,NODE21_processed_png/n1102.png,0.027739814,0.08312632,0.26196405,0.038978692,0.03685055,0.007768591,0.001412317,0.059470523,0.124622755,0.005266495,0.009928794,0.009746075,0.031443596,5.7049627e-05,0.5,0.000707011,0.4210136,0.5,1
1132,NODE21_processed_png/c1901.png,0.048240956,0.03348587,0.1803889,0.025832709,0.021895092,0.005305335,0.001645175,0.06892616,0.059743047,0.01052591,0.017257351,0.005323357,0.025275467,0.000154811,0.5,0.002828825,0.20250438,0.5,0
1133,NODE21_processed_png/c1573.png,0.025440801,0.05541321,0.16021213,0.059388816,0.0219738,0.008122939,0.005132984,0.04625123,0.046064988,0.008012,0.023577014,0.013412908,0.01984306,0.000255694,0.5,0.001440574,0.12903513,0.5,0
1134,NODE21_processed_png/c2466.png,0.024867123,0.046913933,0.20019376,0.058713637,0.016541965,0.029678285,0.007401708,0.027689444,0.042896744,0.010102929,0.005823378,0.006533661,0.02769004,8.540821e-05,0.5,0.001775779,0.020189475,0.5,0
1135,NODE21_processed_png/c2814.png,0.039443552,0.09503073,0.20168355,0.11950185,0.06970137,0.007586986,0.006267169,0.053024907,0.12995411,0.006779962,0.009941489,0.0118385,0.055149484,6.206612e-05,0.5,0.000793762,0.35055718,0.5,0
1136,NODE21_processed_png/c3226.png,0.034154862,0.039684504,0.21479984,0.032302786,0.041464843,0.003868573,0.002493353,0.04130057,0.11460523,0.011991121,0.006131339,0.005755977,0.045130365,1.282365e-05,0.5,0.000613674,0.2509974,0.5,0
1137,NODE21_processed_png/c3581.png,0.069225594,0.041788105,0.12136634,0.04523581,0.007179767,0.01032343,0.002484492,0.04644232,0.030029846,0.00782932,0.009100474,0.010428945,0.040929258,0.000431514,0.5,0.005128269,0.11597843,0.5,0
1138,NODE21_processed_png/c3550.png,0.040334295,0.027691457,0.16648032,0.04235089,0.015534857,0.020834912,0.003011933,0.022233358,0.03898615,0.008770043,0.008698754,0.006828846,0.043162797,4.6141788e-05,0.5,0.001814255,0.06831555,0.5,0
1139,NODE21_processed_png/c2310.png,0.041670416,0.05988299,0.17646128,0.03822362,0.013374906,0.005443049,0.00471827,0.04043256,0.06418215,0.008257165,0.009372413,0.007984743,0.02752982,3.2436375e-05,0.5,0.001405456,0.1945713,0.5,0
1140,NODE21_processed_png/c1205.png,0.075336635,0.04261604,0.14464952,0.048812106,0.010392327,0.022009075,0.004580186,0.071040936,0.03379453,0.0108352,0.011281899,0.007914322,0.0332703,0.000428032,0.5,0.005669692,0.045404825,0.5,0
1141,NODE21_processed_png/n0793.png,0.03544931,0.06040666,0.26631722,0.06345057,0.06328528,0.003812664,0.001242848,0.0890533,0.1298355,0.011914047,0.018462174,0.010358492,0.02213544,0.000145776,0.5,0.001319523,0.3416525,0.5,1
1142,NODE21_processed_png/c0837.png,0.017463155,0.04254208,0.13157696,0.055377435,0.013047351,0.047810014,0.006287614,0.024978206,0.03119447,0.009673189,0.021145418,0.010325138,0.026545236,1.2380681e-05,0.5,0.000963305,0.1391773,0.5,0
1143,NODE21_processed_png/c0445.png,0.05317189,0.03826412,0.11897628,0.10386927,0.015233921,0.038934495,0.007181201,0.05411666,0.026144074,0.010644472,0.025511459,0.009495114,0.02694455,0.00041473,0.5,0.00429857,0.05868139,0.5,0
1144,NODE21_processed_png/c2771.png,0.0675345,0.050676797,0.14025034,0.054644108,0.008034769,0.015374052,0.000602837,0.03362744,0.10434924,0.010262618,0.010487386,0.005875369,0.04482655,0.000341731,0.5,0.0043895,0.53141505,0.5,0
1145,NODE21_processed_png/c3131.png,0.034047954,0.037705354,0.15515713,0.049503107,0.008467394,0.007912471,0.001655179,0.040957917,0.04230284,0.007744803,0.026243012,0.008468675,0.034423985,2.0784066e-05,0.5,0.001368332,0.13532262,0.5,0
1146,NODE21_processed_png/c0783.png,0.037728053,0.08697496,0.16776994,0.10740393,0.015153213,0.012930143,0.001151357,0.11081029,0.09573636,0.005465368,0.005173785,0.010548517,0.023779443,1.6520318e-05,0.5,0.001145574,0.6156769,0.5,0
1147,NODE21_processed_png/n0455.png,0.03530172,0.15845655,0.25406852,0.03141756,0.0527973,0.005968445,0.00308764,0.094836615,0.28442127,0.006562761,0.010502022,0.015467423,0.03040902,6.611706e-05,0.5,0.0011313,0.6922779,0.5,1
1148,NODE21_processed_png/c1664.png,0.065131344,0.07112042,0.17710763,0.16228923,0.019550642,0.020701863,0.008054169,0.06734005,0.11499398,0.013298919,0.008250906,0.012186035,0.027399365,0.000107704,0.5,0.001941894,0.54223704,0.5,0
1149,NODE21_processed_png/c3806.png,0.06699542,0.08660878,0.16849671,0.06874746,0.0113422,0.008949023,0.00273339,0.21049264,0.07093927,0.020308495,0.002230739,0.014611843,0.07314658,3.860345e-05,0.5,0.012966476,0.3528659,0.5,0
1150,NODE21_processed_png/c3474.png,0.05035198,0.053687993,0.17827539,0.23814422,0.008897936,0.03826937,0.007971352,0.05754123,0.07383396,0.02172611,0.005948885,0.010068434,0.044521447,4.260097e-05,0.5,0.003212404,0.24097383,0.5,0
1151,NODE21_processed_png/c2234.png,0.042226914,0.06964013,0.16966255,0.18056192,0.014608968,0.047459494,0.012631638,0.041953254,0.059450366,0.025409117,0.001757788,0.01282374,0.06043308,2.9146138e-05,0.5,0.001515775,0.1121082,0.5,0
1152,NODE21_processed_png/c2593.png,0.06657729,0.14319998,0.23036481,0.070286155,0.037104055,0.008025529,0.004357918,0.09684665,0.22460696,0.00983078,0.01374637,0.014561066,0.039399296,9.993641e-05,0.5,0.001539936,0.9268346,0.5,0
1153,NODE21_processed_png/c1321.png,0.053932708,0.07297359,0.1951575,0.08933865,0.020726766,0.01425296,0.003289856,0.03637066,0.11166894,0.009064947,0.004400757,0.01007739,0.043722745,4.595073e-05,0.5,0.001438891,0.3888159,0.5,0
1154,NODE21_processed_png/c1486.png,0.018139072,0.15214604,0.24566835,0.122892946,0.0566691,0.005022531,0.005220018,0.053747214,0.23084272,0.006436779,0.001867426,0.012672013,0.029135074,1.3511707e-05,0.5,0.000571147,0.75192654,0.5,0
1155,NODE21_processed_png/c0561.png,0.08045764,0.02913915,0.15894467,0.041610062,0.018094769,0.00814894,0.002970219,0.03971878,0.05366102,0.005581086,0.006387001,0.01597953,0.028638527,0.000129611,0.5,0.002665784,0.12952967,0.5,0
1156,NODE21_processed_png/c0913.png,0.031318486,0.026090123,0.13955592,0.02086459,0.007350982,0.004782884,0.001458638,0.041152395,0.027799476,0.005164925,0.010536244,0.003467704,0.01511611,8.336031e-05,0.5,0.001526829,0.05361393,0.5,0
1157,NODE21_processed_png/c2655.png,0.041944608,0.071231306,0.18090342,0.12446663,0.026086088,0.00471501,0.005427077,0.06964599,0.061668944,0.010286161,0.016276903,0.008427096,0.031514734,3.1169802e-05,0.5,0.001061552,0.22003461,0.5,0
1158,NODE21_processed_png/c3015.png,0.012298843,0.04161848,0.1405089,0.02817641,0.012794286,0.004197667,0.002072926,0.034137536,0.031730093,0.006440671,0.005122684,0.009200154,0.027919093,9.5587675e-06,0.5,0.000877161,0.1251263,0.5,0
1159,NODE21_processed_png/c0100.png,0.031001324,0.09283894,0.16611947,0.05257025,0.038831573,0.003252783,0.002620909,0.061204612,0.13255334,0.004969991,0.009649578,0.010898919,0.023449877,7.3137366e-05,0.5,0.000550648,0.5217419,0.5,0
1160,NODE21_processed_png/c1740.png,0.06860904,0.036490094,0.13608621,0.05619362,0.006507281,0.018438324,0.003350039,0.06995142,0.021868693,0.011438893,0.01030989,0.007801328,0.031276572,7.389718e-05,0.5,0.003390242,0.04042706,0.5,0
1161,NODE21_processed_png/c1791.png,0.028260589,0.03742756,0.14216183,0.116217695,0.024474295,0.027873572,0.002772172,0.059391547,0.041584846,0.013466591,0.059173636,0.005201481,0.019751417,0.000120545,0.5,0.001494674,0.19808917,0.5,0
1162,NODE21_processed_png/c1036.png,0.045517497,0.047766928,0.17271896,0.09192358,0.010726319,0.029156985,0.006062543,0.06756733,0.049228016,0.018596433,0.01575052,0.007892897,0.030497126,0.000217408,0.5,0.003061116,0.16749537,0.5,0
1163,NODE21_processed_png/c0676.png,0.032532256,0.064925894,0.202891,0.14007339,0.047859702,0.018610166,0.011212544,0.068285875,0.08013311,0.015358609,0.0440935,0.008406946,0.021978745,8.927839e-05,0.5,0.001009924,0.19746079,0.5,0
1164,NODE21_processed_png/n0207.png,0.101526424,0.051247753,0.21206483,0.050301004,0.022542262,0.008844438,0.002075493,0.1476237,0.06426423,0.013775302,0.016423088,0.009066567,0.029224915,0.000228378,0.5,0.005571238,0.13359362,0.5,1
1165,NODE21_processed_png/c3763.png,0.06975095,0.059707176,0.17582138,0.07938686,0.022325162,0.015866574,0.002206448,0.048123877,0.08205551,0.005588481,0.015255173,0.007736357,0.040116735,0.000150923,0.5,0.002887512,0.08122427,0.5,0
1166,NODE21_processed_png/c2684.png,0.012935298,0.076411,0.15301627,0.069464706,0.024188295,0.0035192,0.004129238,0.03104548,0.050963484,0.009118139,0.004934935,0.019305667,0.033237167,1.4911442e-05,0.5,0.001214226,0.378936,0.5,0
1167,NODE21_processed_png/c2123.png,0.037447024,0.04722345,0.14738354,0.045522247,0.016337937,0.015522961,0.004817887,0.030667372,0.061717667,0.011622304,0.005256198,0.010601015,0.04284499,5.1762818e-05,0.5,0.001560838,0.33076787,0.5,0
1168,NODE21_processed_png/c0217.png,0.02431485,0.031448267,0.16426124,0.05336002,0.037792634,0.008515744,0.003198457,0.04339515,0.075476706,0.013401157,0.033065524,0.006319818,0.02592166,5.7098172e-05,0.5,0.000893041,0.26341996,0.5,0
1169,NODE21_processed_png/c1457.png,0.02932755,0.076427676,0.16417073,0.05044403,0.021802725,0.002942369,0.002553408,0.039693654,0.08824453,0.012358759,0.005886957,0.012298652,0.048449513,1.3887757e-05,0.5,0.000962167,0.44897613,0.5,0
1170,NODE21_processed_png/c1825.png,0.053575482,0.051428586,0.14347464,0.020830743,0.011100907,0.009747096,0.003187418,0.082058996,0.029643502,0.015212165,0.03520559,0.009548483,0.04984804,0.000690822,0.5,0.006848088,0.070604935,0.5,0
1171,NODE21_processed_png/c2930.png,0.051357202,0.064057946,0.25823835,0.037790213,0.06335063,0.004320432,0.001299131,0.14724526,0.14570716,0.009335765,0.094387606,0.01713603,0.037479915,5.6939298e-05,0.5,0.006379285,0.36122033,0.5,0
1172,NODE21_processed_png/c2542.png,0.025687438,0.04465068,0.18562818,0.06672589,0.018018246,0.019821264,0.004157875,0.022449255,0.04713298,0.009418914,0.004133501,0.009080957,0.039938577,2.8193535e-05,0.5,0.002469628,0.123164065,0.5,0
1173,NODE21_processed_png/c3302.png,0.057634715,0.03138179,0.12931813,0.03602275,0.004137463,0.008232323,0.004712351,0.05901611,0.02667529,0.008888106,0.017777745,0.005728625,0.024571879,0.00049793,0.5,0.001657373,0.029667169,0.5,0
1174,NODE21_processed_png/c0089.png,0.051743932,0.07093551,0.17668243,0.076435715,0.021422548,0.01268026,0.001751109,0.07184839,0.040603586,0.010127332,0.009030393,0.007715323,0.072025366,7.302711e-05,0.5,0.001494933,0.033537675,0.5,0
1175,NODE21_processed_png/c2868.png,0.0518239,0.067557506,0.269683,0.0723563,0.07532945,0.010183376,0.006582407,0.12464048,0.080161124,0.017938305,0.019827073,0.011511511,0.03297381,0.000642802,0.5,0.002515925,0.09016412,0.5,0
1176,NODE21_processed_png/c1279.png,0.017880121,0.07019816,0.23405418,0.06734704,0.048410088,0.002923282,0.00118504,0.049543403,0.14264429,0.005074283,0.00378267,0.008428721,0.01758205,2.3457873e-05,0.5,0.000744996,0.35682842,0.5,0
1177,NODE21_processed_png/c0439.png,0.022437207,0.06822852,0.20769195,0.060967527,0.020613944,0.010646115,0.003515128,0.04566938,0.04109184,0.00743595,0.002676123,0.00787651,0.03719586,5.1565316e-06,0.5,0.001560043,0.032813177,0.5,0
1178,NODE21_processed_png/c0058.png,0.038559496,0.1065656,0.24942404,0.046284944,0.02396205,0.008421079,0.004664424,0.051263805,0.12642646,0.008059964,0.003507689,0.008175442,0.027796285,1.6242064e-05,0.5,0.000571285,0.6100837,0.5,0
1179,NODE21_processed_png/c1618.png,0.054775488,0.101566516,0.23163927,0.12699136,0.02984871,0.01348561,0.012150231,0.071959734,0.127502,0.015186056,0.005942656,0.012053244,0.034220412,3.4973462e-05,0.5,0.002147186,0.3439254,0.5,0
1180,NODE21_processed_png/c2993.png,0.03159885,0.022554375,0.13231936,0.044459995,0.007979178,0.022452526,0.000841671,0.033932783,0.023759576,0.008311067,0.022054344,0.005288947,0.019188272,0.000154297,0.5,0.001675374,0.038647015,0.5,0
1181,NODE21_processed_png/c2246.png,0.044051215,0.063692465,0.20040287,0.057298336,0.03914108,0.01619597,0.001802382,0.05713998,0.09749124,0.007311885,0.010487816,0.009707237,0.040871974,8.62097e-05,0.5,0.002223396,0.3420143,0.5,0
1182,NODE21_processed_png/c3874.png,0.04130042,0.0778534,0.1596023,0.06118457,0.014975799,0.016469192,0.002074148,0.051226046,0.056103185,0.006551914,0.004061298,0.006988744,0.027722051,7.1033224e-05,0.5,0.001586599,0.08296667,0.5,0
1183,NODE21_processed_png/c3406.png,0.057751972,0.04613034,0.10634752,0.09882022,0.00442525,0.033954356,0.001508375,0.0539323,0.016379336,0.01320153,0.005686898,0.008850377,0.06934257,9.670951e-05,0.5,0.002864608,0.018442348,0.5,0
1184,NODE21_processed_png/c0513.png,0.020140946,0.11373178,0.1914004,0.10339872,0.044134628,0.011579616,0.002124805,0.070407875,0.1018762,0.005625809,0.003827366,0.00704792,0.026953338,5.914842e-06,0.5,0.000321991,0.62013006,0.5,0
1185,NODE21_processed_png/c0961.png,0.042201117,0.03849718,0.14608276,0.10384362,0.009014405,0.0376474,0.007211049,0.035006687,0.05308705,0.016697804,0.007955427,0.007162581,0.038026337,9.7716984e-05,0.5,0.003005994,0.08544411,0.5,0
1186,NODE21_processed_png/n0162.png,0.05121873,0.11986805,0.2355161,0.10403234,0.02760609,0.014836516,0.005343541,0.08794753,0.14123118,0.008535518,0.008307289,0.011926702,0.035379026,7.357247e-05,0.5,0.001975602,0.5876881,0.5,1
1187,NODE21_processed_png/c1886.png,0.049285848,0.08144495,0.1907428,0.09884996,0.025159094,0.023080608,0.004615512,0.06915946,0.09788411,0.010789836,0.011238975,0.010374318,0.039785452,1.1416413e-05,0.5,0.001785456,0.45989907,0.5,0
1188,NODE21_processed_png/c1353.png,0.039462645,0.10039087,0.19176452,0.20600137,0.031729303,0.043806303,0.007165115,0.115732655,0.09218204,0.011522981,0.016711427,0.011342992,0.03412278,1.6836124e-05,0.5,0.00119054,0.29949075,0.5,0
1189,NODE21_processed_png/c3067.png,0.02758755,0.11327905,0.1774559,0.07637143,0.037676275,0.003811056,0.002939721,0.08587845,0.18118347,0.008912127,0.005874925,0.011294497,0.03776663,2.5105262e-05,0.5,0.000753801,0.7975167,0.5,0
1190,NODE21_processed_png/c2180.png,0.038965903,0.094896905,0.2366147,0.07360708,0.039217334,0.012029274,0.007341197,0.09365365,0.065584265,0.016706327,0.015713423,0.008877708,0.035006225,0.000117902,0.5,0.002196866,0.13090469,0.5,0
1191,NODE21_processed_png/c2627.png,0.045939904,0.050079945,0.17016049,0.12842461,0.018948698,0.048914123,0.009517148,0.07792622,0.08370425,0.026738372,0.009855549,0.014687955,0.04944,0.000182559,0.5,0.006993027,0.32948557,0.5,0
1192,NODE21_processed_png/c1732.png,0.048937142,0.036469206,0.116094485,0.027830288,0.003932669,0.008242883,0.00103397,0.04143924,0.019181117,0.007105215,0.009247324,0.00625544,0.07418443,2.175102e-05,0.5,0.000950383,0.03052047,0.5,0
1193,NODE21_processed_png/c0172.png,0.024424965,0.061018366,0.14797561,0.18073311,0.01347897,0.022826426,0.003887604,0.03842563,0.02712503,0.00840558,0.006668764,0.011551723,0.029942332,0.000103432,0.5,0.000746102,0.02520529,0.5,0
1194,NODE21_processed_png/n0503.png,0.027410023,0.053993147,0.17319511,0.08958263,0.023433017,0.016097356,0.001894338,0.029429225,0.055298466,0.008173114,0.003073631,0.010817299,0.0443014,3.7459355e-05,0.5,0.002245492,0.1285732,0.5,1
1195,NODE21_processed_png/n0971.png,0.03948448,0.101085074,0.25595653,0.03558034,0.038196504,0.003935674,0.003271508,0.071922615,0.16066484,0.012889101,0.022532009,0.012236188,0.038739596,5.413784e-05,0.5,0.003065773,0.60961133,0.5,1
1196,NODE21_processed_png/n0275.png,0.05037469,0.0861875,0.21419403,0.07034033,0.036133472,0.00781723,0.002103523,0.0925585,0.15198201,0.008162611,0.006418207,0.009656426,0.04922731,0.000119966,0.5,0.002632518,0.51462746,0.5,1
1197,NODE21_processed_png/c0604.png,0.04897212,0.04615465,0.17803478,0.027455093,0.039363448,0.009005058,0.006671968,0.069039196,0.07954906,0.011200689,0.059683997,0.013140875,0.028619241,0.000550711,0.5,0.002668041,0.13244541,0.5,0
1198,NODE21_processed_png/c1044.png,0.05671837,0.077592894,0.22110203,0.10378283,0.05349022,0.02098597,0.004771962,0.07618831,0.11116593,0.010123835,0.006265783,0.01867374,0.050340682,0.000203779,0.5,0.005059184,0.35122502,0.5,0
1199,NODE21_processed_png/c2151.png,0.047307413,0.04671256,0.17260773,0.038678937,0.015027515,0.010261945,0.003759703,0.04486405,0.056919888,0.012979572,0.009891285,0.007595839,0.040528394,4.899272e-05,0.5,0.002579088,0.1744099,0.5,0
1200,NODE21_processed_png/c3711.png,0.039960455,0.07025886,0.22925782,0.12456202,0.05311785,0.010061996,0.005633597,0.098330185,0.19173889,0.010391622,0.039547775,0.009623119,0.018737959,8.11715e-05,0.5,0.001192466,0.5686804,0.5,0
1201,NODE21_processed_png/c1425.png,0.049511317,0.06592055,0.20244764,0.093970925,0.028428258,0.021120647,0.012043878,0.051946446,0.08657288,0.014703042,0.014830423,0.010336494,0.023456233,0.000117003,0.5,0.001669394,0.26320407,0.5,0
1202,NODE21_processed_png/c1857.png,0.03429096,0.037792623,0.13952273,0.05843536,0.010521409,0.015261881,0.00729567,0.032850232,0.030267224,0.015011692,0.016497562,0.00948564,0.032658797,0.000283112,0.5,0.002157773,0.047108375,0.5,0
1203,NODE21_processed_png/c1382.png,0.03026921,0.08348799,0.19505028,0.05562809,0.024977257,0.008357128,0.003158412,0.05739614,0.11210872,0.007324916,0.006856991,0.007601127,0.03996993,0.000267371,0.5,0.004073717,0.25779247,0.5,0
1204,NODE21_processed_png/n0614.png,0.07408428,0.03564407,0.13189305,0.08700492,0.013179795,0.12180294,0.004963337,0.029388303,0.047592603,0.013682341,0.010551613,0.012893956,0.06594554,0.000416826,0.5,0.002648309,0.035973553,0.5,1
1205,NODE21_processed_png/c0265.png,0.031052565,0.095219836,0.20826887,0.11656917,0.069293655,0.03417067,0.004683454,0.037585173,0.13857411,0.010818691,0.019084454,0.015118797,0.028855592,0.000352098,0.5,0.003051527,0.44459265,0.5,0
1206,NODE21_processed_png/c3370.png,0.048122708,0.055714034,0.19940737,0.12374461,0.021940188,0.03353657,0.003117263,0.04149071,0.11103504,0.008659448,0.006847233,0.009013613,0.052882332,4.5182656e-05,0.5,0.00178446,0.27174067,0.5,0
1207,NODE21_processed_png/c2942.png,0.01246689,0.07748904,0.1642262,0.055621244,0.045253582,0.001091605,0.00111218,0.041565917,0.16602093,0.004940317,0.009532383,0.008138878,0.010634333,7.3727006e-06,0.5,0.00022082,0.6223727,0.5,0
1208,NODE21_processed_png/c2530.png,0.03596635,0.061786976,0.18251795,0.18914525,0.025894836,0.023955548,0.007097628,0.060727987,0.08070609,0.020308068,0.00914789,0.013358112,0.037499193,0.000116597,0.5,0.001872666,0.17149165,0.5,0
1209,NODE21_processed_png/c2297.png,0.059778053,0.056080773,0.154705,0.035821173,0.014737858,0.005888607,0.001791467,0.07795086,0.04908921,0.011493688,0.014760955,0.009027523,0.043220263,0.000261448,0.5,0.004398599,0.10610845,0.5,0
1210,NODE21_processed_png/c2009.png,0.043363012,0.044869076,0.19441363,0.04765363,0.02681714,0.008346387,0.00335767,0.058260843,0.05931823,0.011007525,0.014821051,0.008022868,0.036688276,6.803846e-05,0.5,0.001447203,0.11528628,0.5,0
1211,NODE21_processed_png/c3649.png,0.05334053,0.08901757,0.2578912,0.0515055,0.062040225,0.0055358,0.003000223,0.07968254,0.1697074,0.008517896,0.01861678,0.012760324,0.027831744,8.939424e-05,0.5,0.002316379,0.5093074,0.5,0
1212,NODE21_processed_png/c3228.png,0.060226306,0.06970421,0.18326883,0.10990917,0.025503408,0.04261195,0.002865664,0.06411169,0.08370861,0.005222943,0.010333297,0.009851726,0.048100036,0.000134141,0.5,0.004676454,0.20782295,0.5,0
1213,NODE21_processed_png/c2468.png,0.04026939,0.04592443,0.15042372,0.020131161,0.007287414,0.00422162,0.000590645,0.027509844,0.057139646,0.00346391,0.006516992,0.004994236,0.033769205,3.766568e-05,0.5,0.000963341,0.18868113,0.5,0
1214,NODE21_processed_png/c0839.png,0.084522225,0.05519451,0.15136637,0.22437927,0.025348531,0.14020354,0.000982639,0.09674242,0.10274064,0.011277335,0.015524158,0.008210381,0.03862313,1.9886707e-05,0.5,0.005212941,0.4469869,0.5,0
1215,NODE21_processed_png/n0829.png,0.057774063,0.040711675,0.1463151,0.15422717,0.018944316,0.024319405,0.006199232,0.044844072,0.035187993,0.017909432,0.004876478,0.014404573,0.054818578,0.000216204,0.5,0.002903381,0.046601374,0.5,1
1216,NODE21_processed_png/c3698.png,0.11942216,0.035668265,0.16561754,0.13630098,0.014079224,0.039079703,0.009726126,0.21742702,0.03537183,0.037360482,0.046053566,0.007469193,0.039379355,0.000277831,0.5,0.002213594,0.03979283,0.5,0
1217,NODE21_processed_png/c1488.png,0.028119035,0.022483312,0.11807227,0.041491292,0.006446774,0.016900154,0.002812274,0.028220173,0.01673689,0.012671193,0.037187,0.007586378,0.019990426,0.00010834,0.5,0.001649269,0.03010953,0.5,0
1218,NODE21_processed_png/c3808.png,0.047535017,0.04132436,0.13894086,0.093174234,0.01998256,0.044945687,0.003763727,0.030271638,0.051683273,0.015352959,0.007376999,0.007067017,0.08332016,6.0798902e-05,0.5,0.001533293,0.089863956,0.5,0
1219,NODE21_processed_png/c0678.png,0.03179922,0.06393483,0.1963532,0.048231687,0.00859166,0.014789313,0.013584645,0.06688825,0.03465759,0.018650476,0.024070628,0.005604864,0.026050836,4.9961443e-05,0.5,0.0009129,0.040862344,0.5,0
1220,NODE21_processed_png/c1038.png,0.022450171,0.06245134,0.20000468,0.065869845,0.042738218,0.003439434,0.003358755,0.059523836,0.10874944,0.014479038,0.012557876,0.008729423,0.053348545,4.0875053e-05,0.5,0.000637449,0.4213336,0.5,0
1221,NODE21_processed_png/c1459.png,0.04347158,0.029037556,0.14845987,0.033871934,0.006721731,0.009074671,0.00127678,0.077775896,0.030525273,0.011613365,0.046369318,0.006661445,0.022284923,9.403597e-05,0.5,0.001629368,0.04733056,0.5,0
1222,NODE21_processed_png/n0668.png,0.042302687,0.07568892,0.21868016,0.070184834,0.024783293,0.029111933,0.002700281,0.057055738,0.107889295,0.007952493,0.008578496,0.008569701,0.024570119,0.000170335,0.5,0.00491515,0.2278689,0.5,1
1223,NODE21_processed_png/c0219.png,0.033096246,0.08749957,0.1726159,0.10429933,0.031078868,0.015695186,0.004795623,0.06270939,0.097557016,0.012564293,0.008456689,0.013850622,0.040662795,0.00010064,0.5,0.003296848,0.41105688,0.5,0
1224,NODE21_processed_png/c0087.png,0.03972902,0.058290545,0.21300268,0.15049851,0.030417645,0.019137682,0.010816636,0.08653033,0.09587421,0.031393614,0.007780756,0.013292523,0.047729157,3.948949e-05,0.5,0.001252352,0.35962555,0.5,0
1225,NODE21_processed_png/c0720.png,0.03665283,0.052678823,0.19922854,0.09884222,0.021416754,0.037478607,0.004890993,0.022446586,0.06791835,0.012789791,0.002874096,0.009435702,0.045617733,3.8108345e-05,0.5,0.002948184,0.124263704,0.5,0
1226,NODE21_processed_png/c1160.png,0.049444813,0.098680705,0.20581864,0.08351986,0.040243853,0.008115995,0.002905808,0.07144739,0.11391776,0.006647267,0.007063991,0.016569175,0.0401118,0.000122317,0.5,0.001137749,0.5482459,0.5,0
1227,NODE21_processed_png/c2075.png,0.049406175,0.043427266,0.13348375,0.051347356,0.030126128,0.013015327,0.001649333,0.04416561,0.048780102,0.008060291,0.006877343,0.007692183,0.049674366,7.0325994e-05,0.5,0.002631113,0.12792705,0.5,0
1228,NODE21_processed_png/c3192.png,0.026980637,0.088353306,0.2077757,0.08638769,0.025106372,0.010004776,0.001853412,0.059881635,0.08721368,0.012131655,0.003051174,0.008588233,0.048087116,8.425382e-06,0.5,0.000679344,0.36687,0.5,0
1229,NODE21_processed_png/c3635.png,0.043709632,0.103235945,0.2621886,0.09768865,0.04605774,0.007803581,0.004765413,0.06638188,0.15570876,0.009783347,0.007851479,0.008702681,0.030113675,0.000220481,0.5,0.001556543,0.3220784,0.5,0
1230,NODE21_processed_png/c1973.png,0.019669192,0.059628714,0.22244284,0.11735149,0.04152033,0.014067787,0.004775509,0.039705306,0.1555374,0.01223938,0.014699154,0.012349761,0.023116855,2.2497747e-05,0.5,0.000782648,0.6132766,0.5,0
1231,NODE21_processed_png/c1501.png,0.057941403,0.08154146,0.21462375,0.05883046,0.013707309,0.015089938,0.001960981,0.05609779,0.08022488,0.005653868,0.006838566,0.006916876,0.020886611,4.0611e-05,0.5,0.002272049,0.17186831,0.5,0
1232,NODE21_processed_png/c0894.png,0.050762635,0.092134155,0.17122014,0.14122869,0.015855443,0.029777862,0.003469847,0.12216249,0.09123476,0.018106148,0.006548699,0.009333477,0.02910804,7.423245e-05,0.5,0.002453039,0.3470944,0.5,0
1233,NODE21_processed_png/n0730.png,0.038554605,0.09146831,0.22311325,0.20751475,0.013240564,0.05667963,0.006125805,0.078177586,0.123608746,0.014868984,0.00382456,0.02020961,0.046889476,3.8954033e-05,0.5,0.002099835,0.46582466,0.5,1
1234,NODE21_processed_png/c0341.png,0.07693073,0.07317944,0.17088895,0.098689705,0.02184266,0.015537971,0.001822394,0.061293773,0.08403445,0.006142327,0.015849484,0.007405414,0.03157834,8.485157e-05,0.5,0.002341601,0.16834235,0.5,0
1235,NODE21_processed_png/c3254.png,0.0470403,0.03854863,0.20009102,0.04634964,0.028775055,0.006500254,0.003978727,0.04587589,0.10128534,0.010375347,0.008366514,0.006471605,0.03671834,4.6869052e-05,0.5,0.001276451,0.21805188,0.5,0
1236,NODE21_processed_png/c2414.png,0.054710243,0.045074783,0.15733473,0.08390565,0.007198369,0.015777534,0.001267745,0.055600323,0.037339397,0.009819254,0.004390372,0.004907785,0.023373919,1.7456654e-05,0.5,0.001578617,0.037779618,0.5,0
1237,NODE21_processed_png/c2866.png,0.049013652,0.06043372,0.17321917,0.030517323,0.027265154,0.007366002,0.00304131,0.08639937,0.040823955,0.008889046,0.018594487,0.005851102,0.027299995,0.000106604,0.5,0.002905367,0.05580176,0.5,0
1238,NODE21_processed_png/c2362.png,0.036665697,0.0265368,0.12619871,0.034516785,0.008362456,0.013020411,0.006359662,0.029121008,0.024755936,0.011295546,0.006970179,0.00884216,0.02754874,0.000221987,0.5,0.003647504,0.017854234,0.5,0
1239,NODE21_processed_png/c3522.png,0.052881535,0.04098639,0.16883148,0.03679146,0.022747524,0.005047593,0.000829385,0.11725467,0.042134434,0.01100915,0.02154858,0.00652723,0.035937548,0.000446121,0.5,0.005706506,0.08073331,0.5,0
1240,NODE21_processed_png/c3285.png,0.051998645,0.07232563,0.23989846,0.038370267,0.046532035,0.003406037,0.002426108,0.18665525,0.13821453,0.009610637,0.031384956,0.009272544,0.022414617,0.000143133,0.5,0.001030636,0.5743077,0.5,0
1241,NODE21_processed_png/c0845.png,0.037080694,0.073510505,0.17102128,0.06287881,0.0310864,0.002803651,0.002759636,0.06604446,0.17461169,0.007631658,0.024733039,0.01125443,0.021754844,5.3875905e-05,0.5,0.00090317,0.7923687,0.5,0
1242,NODE21_processed_png/c0437.png,0.039167672,0.034781203,0.12792648,0.07109483,0.004008349,0.015495225,0.001464503,0.028878894,0.04442463,0.010142385,0.004547944,0.005859944,0.042668328,1.9309604e-05,0.5,0.001632921,0.10434636,0.5,0
1243,NODE21_processed_png/n0046.png,0.051073946,0.11255955,0.23890352,0.08025198,0.044456113,0.008390226,0.001157344,0.040586963,0.1739824,0.004757696,0.004069344,0.012308918,0.06345972,5.966715e-05,0.5,0.001970453,0.38827202,0.5,1
1244,NODE21_processed_png/c0390.png,0.05830704,0.042299323,0.19863334,0.094711035,0.028833441,0.021159459,0.011230648,0.07048468,0.06366161,0.019105276,0.019765835,0.015289865,0.050052967,0.000770574,0.5,0.005777567,0.14261226,0.5,0
1245,NODE21_processed_png/c1277.png,0.029920392,0.04208167,0.19310135,0.15618147,0.017826794,0.024937112,0.006045536,0.050345458,0.079245195,0.021819962,0.006971638,0.00917374,0.03494988,1.48561985e-05,0.5,0.001112839,0.21718952,0.5,0
1246,NODE21_processed_png/c3143.png,0.066049956,0.05678521,0.16840376,0.0926568,0.02186742,0.006943913,0.002156004,0.0796844,0.043626845,0.012151691,0.010365727,0.007866934,0.049454827,3.9823954e-05,0.5,0.003413295,0.058061507,0.5,0
1247,NODE21_processed_png/c2703.png,0.05218979,0.10231054,0.21864727,0.072991334,0.035569534,0.009922637,0.003133555,0.14680769,0.11137779,0.012273947,0.007804903,0.010504935,0.03644083,4.2982232e-05,0.5,0.002401986,0.5272933,0.5,0
1248,NODE21_processed_png/c1616.png,0.053596392,0.035144404,0.16961968,0.055806886,0.012947165,0.008793921,0.004322479,0.057063725,0.0802396,0.012207899,0.04576672,0.00749804,0.018668758,5.6946134e-05,0.5,0.0014115,0.2702722,0.5,0
1249,NODE21_processed_png/c0056.png,0.06219176,0.029476346,0.13152252,0.046081603,0.009584711,0.016150966,0.001273503,0.037935957,0.04134876,0.006088087,0.019058106,0.005265266,0.028571174,5.5902732e-05,0.5,0.001638838,0.100508355,0.5,0
1250,NODE21_processed_png/n0855.png,0.040188566,0.04949238,0.1658641,0.12832232,0.023834271,0.03317453,0.002415248,0.05785838,0.07018395,0.014289563,0.017986758,0.008094374,0.039254237,0.000122284,0.5,0.003120205,0.17378825,0.5,1
1251,NODE21_processed_png/c1328.png,0.033479206,0.052538287,0.13661149,0.1279276,0.019190662,0.06151113,0.004851413,0.056013986,0.04295557,0.012503075,0.013468335,0.009654856,0.05904747,0.000329729,0.5,0.003236969,0.1292958,0.5,0
1252,NODE21_processed_png/c0568.png,0.035774823,0.052327517,0.20288472,0.051764958,0.048629884,0.007382259,0.002851578,0.055085573,0.076319315,0.009251033,0.012465537,0.009362559,0.03730146,0.000256843,0.5,0.003792255,0.25894502,0.5,0
1253,NODE21_processed_png/n0119.png,0.06339414,0.045363043,0.15933667,0.079395,0.01831815,0.017388863,0.004885677,0.061966803,0.033792194,0.018069936,0.014040909,0.013236332,0.0399343,0.000182245,0.5,0.004594128,0.037136983,0.5,1
1254,NODE21_processed_png/c0109.png,0.035121243,0.076333486,0.16683698,0.05900645,0.031951047,0.008177915,0.004389083,0.061751436,0.110330865,0.009610445,0.016532267,0.015997317,0.05156712,0.000115315,0.5,0.002429878,0.5547906,0.5,0
1255,NODE21_processed_png/c1749.png,0.027080538,0.026390757,0.14713326,0.066191524,0.011568547,0.01828879,0.006774739,0.03533554,0.029809797,0.015312408,0.015457688,0.005779928,0.02619474,6.579365e-05,0.5,0.003221256,0.04384056,0.5,0
1256,NODE21_processed_png/c1798.png,0.01604095,0.06503686,0.21719533,0.05937379,0.07600714,0.00335603,0.001787677,0.04855722,0.16426778,0.006323942,0.010645104,0.007273073,0.012691219,2.3052768e-05,0.5,0.000459951,0.5150442,0.5,0
1257,NODE21_processed_png/c2939.png,0.014235824,0.031573378,0.12867963,0.016769782,0.00688988,0.005684796,0.000638712,0.008599866,0.024415663,0.002239704,0.004638258,0.004505784,0.010806092,8.121643e-06,0.5,0.000423574,0.06824289,0.5,0
1258,NODE21_processed_png/c1167.png,0.02405592,0.048930574,0.14813106,0.060171444,0.023140738,0.01713455,0.002942544,0.058170497,0.058326986,0.008390036,0.024701415,0.009340872,0.02936213,0.000138177,0.5,0.001672747,0.111392364,0.5,0
1259,NODE21_processed_png/n0356.png,0.025205575,0.06464503,0.1900895,0.10570621,0.0181619,0.013335541,0.00439439,0.052506402,0.056398317,0.00918786,0.007964008,0.011676451,0.036696617,1.7596923e-05,0.5,0.001002006,0.10024568,0.5,1
1260,NODE21_processed_png/c0727.png,0.037078954,0.04354819,0.19944246,0.10631006,0.024324093,0.022228671,0.009296403,0.042986892,0.07247689,0.013329826,0.022526123,0.012587742,0.04390104,0.000148147,0.5,0.004395815,0.13101502,0.5,0
1261,NODE21_processed_png/n0883.png,0.06716602,0.06252223,0.2604902,0.017277475,0.06775725,0.002294711,0.000936285,0.113227814,0.16529886,0.004874079,0.05708294,0.008146954,0.024667487,0.000339581,0.5,0.003794157,0.5705236,0.5,1
1262,NODE21_processed_png/c0080.png,0.061019648,0.050057564,0.1400315,0.04291744,0.004761872,0.008635659,0.002523927,0.055457044,0.03499448,0.011695976,0.007788567,0.009513851,0.031694733,0.000162858,0.5,0.004154195,0.0665238,0.5,0
1263,NODE21_processed_png/c3632.png,0.04403542,0.07221925,0.21614118,0.07405309,0.017533978,0.052259225,0.00284223,0.037448574,0.08263332,0.0058633,0.015634771,0.007331439,0.025082257,2.861493e-05,0.5,0.001346957,0.25388604,0.5,0
1264,NODE21_processed_png/c3195.png,0.11356898,0.06277405,0.14051352,0.090768315,0.012203027,0.017361967,0.004730478,0.084393196,0.051112287,0.015037435,0.017784888,0.010425044,0.064116634,0.000288482,0.5,0.008381967,0.14571497,0.5,0
1265,NODE21_processed_png/c2072.png,0.044000275,0.08038304,0.19982198,0.1552129,0.021502808,0.010757342,0.006246682,0.07348502,0.09467365,0.008648776,0.01875624,0.010261859,0.0344408,4.0827523e-05,0.5,0.001073251,0.3096303,0.5,0
1266,NODE21_processed_png/n0737.png,0.059242386,0.09140108,0.2789867,0.065370284,0.06326032,0.01259506,0.006901211,0.071652025,0.16166894,0.011681393,0.021430625,0.025244748,0.041091308,0.000351567,0.5,0.003945717,0.33700782,0.5,1
1267,NODE21_processed_png/c0346.png,0.03474688,0.06606341,0.17079827,0.17563218,0.026847644,0.035254404,0.025332555,0.1041174,0.053327527,0.04156726,0.013767639,0.017572721,0.05335177,0.000182144,0.5,0.003703281,0.14020595,0.5,0
1268,NODE21_processed_png/c0893.png,0.03171125,0.037346113,0.18037435,0.1498501,0.007384001,0.040638033,0.006307911,0.03248029,0.02960692,0.009312368,0.001316021,0.01325306,0.035070125,4.9775117e-05,0.5,0.002504564,0.037456978,0.5,0
1269,NODE21_processed_png/c1506.png,0.033163946,0.11204826,0.21036035,0.036528047,0.086005166,0.002241534,0.002654311,0.08470481,0.21848102,0.006564405,0.051568236,0.010994026,0.01351985,0.000129048,0.5,0.000635952,0.8177193,0.5,0
1270,NODE21_processed_png/c1974.png,0.053509094,0.027081931,0.15625095,0.028651599,0.007267847,0.006039282,0.001956817,0.029329924,0.04284024,0.004728211,0.011799016,0.00581253,0.034933794,7.414062e-05,0.5,0.000942077,0.08234497,0.5,0
1271,NODE21_processed_png/c2413.png,0.05233012,0.07181531,0.15941283,0.02730476,0.018342528,0.003470073,0.000599493,0.057544965,0.06973195,0.003064048,0.004222679,0.007369746,0.036850695,5.4417873e-05,0.5,0.002375461,0.17947946,0.5,0
1272,NODE21_processed_png/c3253.png,0.031126045,0.06731398,0.15625285,0.038292725,0.013904978,0.005262639,0.002650111,0.10747652,0.048848614,0.006336592,0.010224725,0.006860154,0.02207009,2.1829343e-05,0.5,0.001335569,0.13906127,0.5,0
1273,NODE21_processed_png/c3282.png,0.017763818,0.038403124,0.17476554,0.09847634,0.02436458,0.016161015,0.001800154,0.02777107,0.054169267,0.006485042,0.02815006,0.005601384,0.017761305,1.0661946e-05,0.5,0.000519282,0.10793929,0.5,0
1274,NODE21_processed_png/c3525.png,0.035444587,0.041791208,0.12968425,0.042527076,0.005629762,0.005531978,0.002238007,0.047331315,0.0282739,0.007966787,0.012693555,0.009848881,0.030328596,9.183637e-05,0.5,0.003014219,0.060503207,0.5,0
1275,NODE21_processed_png/c2365.png,0.027628884,0.075157195,0.20774932,0.07837528,0.017946072,0.033188492,0.005013577,0.04747826,0.07262652,0.008224965,0.008453882,0.00889055,0.029910821,2.9008906e-05,0.5,0.001022421,0.25592682,0.5,0
1276,NODE21_processed_png/c1270.png,0.041213077,0.11179915,0.19975047,0.090800375,0.03242885,0.011794114,0.000974659,0.07718877,0.16812994,0.00505741,0.005033422,0.00695079,0.024935717,1.1681548e-05,0.5,0.000982892,0.6832699,0.5,0
1277,NODE21_processed_png/c0397.png,0.02833519,0.07525129,0.25190416,0.09848416,0.07715017,0.010725529,0.003822234,0.08868624,0.17005014,0.011111463,0.013353132,0.009095357,0.020685451,2.6919663e-05,0.5,0.000785548,0.46417472,0.5,0
1278,NODE21_processed_png/c0430.png,0.06072994,0.04627333,0.15313959,0.062939174,0.0088415,0.019230947,0.004212362,0.068795614,0.048536677,0.018537244,0.012094759,0.009679595,0.05426085,3.176794e-05,0.5,0.00273527,0.16303383,0.5,0
1279,NODE21_processed_png/c0842.png,0.050773777,0.03707979,0.18558942,0.06317821,0.006829732,0.010153344,0.008788677,0.035616003,0.047313508,0.008448207,0.005775865,0.009017898,0.037131034,0.000176503,0.5,0.001914523,0.04622673,0.5,0
1280,NODE21_processed_png/n0041.png,0.04079608,0.056677137,0.21085483,0.02398856,0.018679548,0.005489558,0.001308078,0.039912004,0.06702355,0.005746274,0.003433575,0.006324701,0.031005302,2.0137899e-05,0.5,0.001043267,0.18455842,0.5,1
1281,NODE21_processed_png/c2704.png,0.054883227,0.04397465,0.15319154,0.14262316,0.021155072,0.14997849,0.004219063,0.03654254,0.032426137,0.007202799,0.012456806,0.007776885,0.037603136,0.000171211,0.5,0.002783744,0.020649984,0.5,0
1282,NODE21_processed_png/c3144.png,0.04131956,0.030213134,0.15640287,0.049644038,0.007236536,0.014226918,0.004627897,0.01692582,0.03690593,0.008464445,0.002075453,0.016527578,0.059071902,6.269239e-05,0.5,0.003210478,0.05377109,0.5,0
1283,NODE21_processed_png/c0051.png,0.040111996,0.06006067,0.1817101,0.03848001,0.027737396,0.004600466,0.002964519,0.059538893,0.055149157,0.007809205,0.013418419,0.009519752,0.033357702,8.4804e-05,0.5,0.001521668,0.15911762,0.5,0
1284,NODE21_processed_png/n0420.png,0.074439906,0.0683898,0.16961256,0.14653525,0.026329402,0.011840851,0.001462617,0.085724145,0.06274595,0.008673075,0.016815104,0.0114783,0.053270046,0.00017567,0.5,0.013543963,0.08915164,0.5,1
1285,NODE21_processed_png/c1611.png,0.048450053,0.032918394,0.13815685,0.09011102,0.013534604,0.066560864,0.002642649,0.03201533,0.023011826,0.007913239,0.006318203,0.008856343,0.047446646,0.000107336,0.5,0.005251505,0.024115326,0.5,0
1286,NODE21_processed_png/c3873.png,0.051365282,0.082814634,0.19517495,0.12603433,0.018935265,0.05070298,0.003279338,0.06414086,0.10378251,0.01146661,0.004359454,0.011536334,0.050853413,2.1027392e-05,0.5,0.002805395,0.5127462,0.5,0
1287,NODE21_processed_png/c2241.png,0.10960231,0.065472886,0.16153234,0.1723282,0.008847493,0.045591146,0.003848397,0.24588636,0.076951385,0.035168923,0.008111595,0.011586049,0.049110446,0.000119029,0.5,0.006898226,0.3729174,0.5,0
1288,NODE21_processed_png/c2994.png,0.044421043,0.060161233,0.2627358,0.031249274,0.040749904,0.002977078,0.001587612,0.075121745,0.111744225,0.006615655,0.012466459,0.007508839,0.041890007,8.370227e-05,0.5,0.001599521,0.3927278,0.5,0
1289,NODE21_processed_png/c1354.png,0.059234835,0.039553657,0.21001995,0.06911418,0.026054945,0.020468885,0.003331963,0.034868035,0.05908583,0.008426636,0.002837196,0.006627057,0.040830344,6.70076e-05,0.5,0.001930211,0.10128484,0.5,0
1290,NODE21_processed_png/n1082.png,0.047154937,0.14941959,0.27833444,0.032333642,0.10196872,0.011038353,0.001685779,0.27190587,0.21516478,0.02085241,0.020683583,0.018302979,0.088517934,0.000162556,0.5,0.006491831,0.7729144,0.5,1
1291,NODE21_processed_png/c1881.png,0.05251788,0.031311676,0.1617881,0.0399776,0.02419125,0.013989032,0.005136515,0.042839374,0.053135518,0.016933797,0.025642134,0.007687459,0.034558002,0.000610224,0.5,0.006178027,0.06775188,0.5,0
1292,NODE21_processed_png/c0966.png,0.07459345,0.080878496,0.20414895,0.17170383,0.020134872,0.026135327,0.001384502,0.17573608,0.14863317,0.006965675,0.012564991,0.008432857,0.026300447,2.6200565e-05,0.5,0.004269372,0.4778019,0.5,0
1293,NODE21_processed_png/c0514.png,0.06841262,0.045456577,0.18672468,0.021605367,0.016424326,0.005485162,0.001444552,0.07443308,0.07100774,0.006919202,0.030011117,0.005737654,0.027729543,0.00045425,0.5,0.002790785,0.18169916,0.5,0
1294,NODE21_processed_png/c2620.png,0.032267552,0.12563619,0.23421904,0.08099142,0.05279816,0.016457796,0.005455487,0.084938966,0.113175996,0.011381613,0.004519011,0.011782179,0.049545076,1.2559179e-05,0.5,0.001323654,0.26403815,0.5,0
1295,NODE21_processed_png/c2187.png,0.08249479,0.07411933,0.1930238,0.040989935,0.027669959,0.013077739,0.003864928,0.12221546,0.052029468,0.024488533,0.021096876,0.010464783,0.08529334,0.000695145,0.5,0.00905524,0.19125694,0.5,0
1296,NODE21_processed_png/c0175.png,0.03674953,0.06025646,0.21828793,0.061007295,0.041420024,0.008835606,0.00445734,0.04682269,0.07644147,0.010343244,0.006289179,0.005786079,0.048435926,3.3299453e-05,0.5,0.000671668,0.10836141,0.5,0
1297,NODE21_processed_png/n0504.png,0.030556535,0.10509781,0.22133987,0.100783415,0.031887587,0.025566464,0.002261389,0.04166423,0.112526424,0.006895878,0.002953565,0.011874067,0.053300384,3.9784394e-05,0.5,0.00192788,0.36451575,0.5,1
1298,NODE21_processed_png/c1735.png,0.017655978,0.082162134,0.19609208,0.15296452,0.06559056,0.007937055,0.004981592,0.040623244,0.1122085,0.008823108,0.006189038,0.015104906,0.019169223,7.348454e-05,0.5,0.000678111,0.38198912,0.5,0
1299,NODE21_processed_png/c1092.png,0.045608345,0.02246201,0.13161857,0.027952997,0.004653323,0.019870322,0.000692341,0.036396522,0.036384482,0.006602292,0.020791274,0.00385743,0.021822788,6.62194e-05,0.5,0.000897837,0.030992424,0.5,0
1300,NODE21_processed_png/c1043.png,0.037831027,0.035980888,0.15888761,0.018345887,0.012950245,0.00705565,0.002942941,0.047527015,0.036800485,0.011259191,0.021421587,0.006448843,0.03613878,0.001228204,0.5,0.006424321,0.059117235,0.5,0
1301,NODE21_processed_png/c0603.png,0.040978868,0.075474046,0.22360805,0.058876254,0.062066283,0.01263473,0.003213413,0.08563808,0.1464469,0.011849744,0.021078682,0.012610277,0.025683543,0.000392995,0.5,0.004765211,0.4205487,0.5,0
1302,NODE21_processed_png/c3716.png,0.06890403,0.09606963,0.2097461,0.049304683,0.031591963,0.004791978,0.001237229,0.12103987,0.14682142,0.006584275,0.023115538,0.003883928,0.0171637,3.3704815e-05,0.5,0.001388648,0.4067928,0.5,0
1303,NODE21_processed_png/c2156.png,0.02899322,0.07816433,0.22834413,0.053162377,0.07139718,0.006366425,0.002676255,0.040089194,0.15283678,0.005893923,0.007114431,0.00750619,0.02915033,5.2141273e-05,0.5,0.001248009,0.36523232,0.5,0
1304,NODE21_processed_png/c0262.png,0.028146975,0.07235151,0.20970972,0.07399845,0.023050774,0.009638377,0.004109608,0.038680192,0.10802863,0.009053512,0.004728916,0.00963504,0.038281217,2.4986528e-05,0.5,0.002442535,0.4381163,0.5,0
1305,NODE21_processed_png/c1385.png,0.07016815,0.036711924,0.13861887,0.06431904,0.004989379,0.017184017,0.002678165,0.062297728,0.034976706,0.005519356,0.011094056,0.008844203,0.02867527,0.00048945,0.5,0.003334114,0.07064338,0.5,0
1306,NODE21_processed_png/c1850.png,0.036411904,0.05113673,0.15672089,0.1551679,0.009054922,0.045053255,0.004574956,0.056833792,0.050129723,0.012657505,0.018327653,0.011335446,0.042038374,9.956306e-05,0.5,0.000971903,0.16774876,0.5,0
1307,NODE21_processed_png/c1422.png,0.03865488,0.06531312,0.17610171,0.065776505,0.014953541,0.021153169,0.006740586,0.0856158,0.06757723,0.008128552,0.013520695,0.018432977,0.038896963,0.000223645,0.5,0.002330664,0.1741751,0.5,0
1308,NODE21_processed_png/n1053.png,0.037470963,0.091395736,0.20520087,0.052506924,0.03684779,0.008988258,0.003905687,0.08139698,0.1590631,0.010202777,0.01715176,0.012538115,0.042034633,8.247793e-06,0.5,0.000599703,0.5738889,0.5,1
1309,NODE21_processed_png/c2290.png,0.06961602,0.03493598,0.12436632,0.062059026,0.016263928,0.013957527,0.001671059,0.06935371,0.034105826,0.0127099,0.021657947,0.006406174,0.031164344,0.000191725,0.5,0.009214175,0.06499146,0.5,0
1310,NODE21_processed_png/c2537.png,0.025984386,0.043444943,0.1996836,0.02653162,0.025366267,0.003911125,0.001448073,0.04089907,0.09039991,0.005407666,0.006243683,0.004489879,0.018451707,3.4695116e-05,0.5,0.000899777,0.29418945,0.5,0
1311,NODE21_processed_png/c3377.png,0.029717283,0.04232472,0.16000405,0.09141088,0.022152418,0.010857175,0.007293277,0.039938595,0.055650562,0.009635592,0.013487118,0.008565708,0.022483528,0.000286543,0.5,0.002489188,0.06744394,0.5,0
1312,NODE21_processed_png/c3588.png,0.049600184,0.091900565,0.23056911,0.070188485,0.03485767,0.0240095,0.001836056,0.08660957,0.09555053,0.006485874,0.012085283,0.014759418,0.058022153,0.000295288,0.5,0.003035873,0.25365362,0.5,0
1313,NODE21_processed_png/c1908.png,0.051088132,0.060368415,0.19328967,0.25396454,0.011024326,0.047660574,0.008402331,0.05876626,0.05462685,0.01041535,0.00492181,0.024436947,0.039588872,0.000534683,0.5,0.007912024,0.04594077,0.5,0
1314,NODE21_processed_png/c3559.png,0.021477213,0.09164004,0.22398342,0.05974301,0.03485397,0.010015341,0.002498679,0.029711762,0.10212137,0.004722163,0.002708526,0.007784828,0.020010732,1.1177465e-05,0.5,0.00051669,0.29089013,0.5,0
1315,NODE21_processed_png/c2319.png,0.070256226,0.07651038,0.19623977,0.039469834,0.029629152,0.019181618,0.00072428,0.08609428,0.06672823,0.005754022,0.016509384,0.005481428,0.03103674,0.000181877,0.5,0.003629979,0.17669228,0.5,0
1316,NODE21_processed_png/c2778.png,0.040897984,0.021923618,0.11413195,0.049799744,0.011428825,0.03156607,0.000843389,0.04876898,0.03358497,0.007857436,0.008983924,0.006051787,0.035717443,1.8222907e-05,0.5,0.002412353,0.08965549,0.5,0
1317,NODE21_processed_png/c3138.png,0.059134483,0.047281694,0.15134205,0.050251,0.01593136,0.008557035,0.001623725,0.08360443,0.04809658,0.007337827,0.010133295,0.010328074,0.02940199,0.000292695,0.5,0.004710733,0.11539167,0.5,0
1318,NODE21_processed_png/c3499.png,0.034721997,0.09551019,0.224695,0.087769,0.059994403,0.011807642,0.006782171,0.07936468,0.14613964,0.013576634,0.008503264,0.010274636,0.04072235,3.13126e-05,0.5,0.001053949,0.59176385,0.5,0
1319,NODE21_processed_png/c1819.png,0.0640445,0.04525562,0.19240081,0.055518314,0.025601448,0.011164322,0.003198796,0.049182326,0.07605002,0.012764702,0.019027106,0.010622378,0.045955677,0.00018472,0.5,0.00377962,0.25019044,0.5,0
1320,NODE21_processed_png/c2669.png,0.07428384,0.042875268,0.112752624,0.09923329,0.012284124,0.029121274,0.009128338,0.14155984,0.031248888,0.013732084,0.03117123,0.010237103,0.01685005,0.000856942,0.5,0.005296805,0.028690284,0.5,0
1321,NODE21_processed_png/c3029.png,0.054436516,0.06970907,0.19090763,0.07926752,0.03342983,0.01200016,0.001531179,0.0720904,0.12594958,0.008315492,0.026189977,0.007998937,0.023645181,9.389691e-05,0.5,0.001704848,0.56524926,0.5,0
1322,NODE21_processed_png/c3448.png,0.037147544,0.07533764,0.22751682,0.0505919,0.039474677,0.008078358,0.004551385,0.04989376,0.096992515,0.007266507,0.016862964,0.008305543,0.02474636,0.0001364,0.5,0.001557787,0.202617,0.5,0
1323,NODE21_processed_png/c2208.png,0.027854735,0.032649186,0.14920658,0.04356551,0.013953211,0.015605439,0.007616018,0.024458675,0.02481828,0.014817885,0.005126489,0.007286401,0.032969993,0.000213513,0.5,0.002317117,0.024048287,0.5,0
1324,NODE21_processed_png/c2731.png,0.047766168,0.03531636,0.15184714,0.06663731,0.021816257,0.016140394,0.006907367,0.05986057,0.054579496,0.021888591,0.050959345,0.010535454,0.02901675,0.000198966,0.5,0.005827053,0.13823694,0.5,0
1325,NODE21_processed_png/c2096.png,0.024658563,0.05557372,0.14960572,0.039683975,0.010780185,0.005547838,0.002090121,0.03983798,0.0477485,0.006955989,0.00920912,0.006505339,0.020858472,9.735655e-06,0.5,0.001042887,0.16552468,0.5,0
1326,NODE21_processed_png/c3171.png,0.040185954,0.07974426,0.19704145,0.06926705,0.01804311,0.026991773,0.001759416,0.030304076,0.10974485,0.011642997,0.009292518,0.009757271,0.05853159,3.528734e-05,0.5,0.001307029,0.5760957,0.5,0
1327,NODE21_processed_png/n0867.png,0.07770734,0.06026595,0.16761228,0.097083844,0.027374046,0.06094619,0.006926708,0.04971082,0.0560445,0.010487041,0.003780019,0.021124689,0.03545893,0.000937202,0.5,0.014312418,0.0894997,0.5,1
1328,NODE21_processed_png/c0064.png,0.052322026,0.06928194,0.18416454,0.117315374,0.026224887,0.02809986,0.00286106,0.055359676,0.07714601,0.01464294,0.013655491,0.010582331,0.038864598,0.000172653,0.5,0.002420933,0.26788825,0.5,0
1329,NODE21_processed_png/c1624.png,0.05633156,0.04360888,0.2614315,0.035845313,0.037661918,0.021239834,0.010396737,0.08678969,0.08940927,0.012961049,0.011889896,0.010724043,0.017758511,0.000407853,0.5,0.002457341,0.19379112,0.5,0
1330,NODE21_processed_png/c1183.png,0.040475473,0.12254145,0.17995088,0.03796614,0.022847096,0.005366501,0.002441407,0.14888096,0.07708297,0.007282921,0.005295449,0.007064174,0.028207788,1.3951355e-05,0.5,0.00086354,0.46222785,0.5,0
1331,NODE21_processed_png/c3510.png,0.06784349,0.09379526,0.18129215,0.032076698,0.027300987,0.00725184,0.003788337,0.08383283,0.10012663,0.00704325,0.038852904,0.008700116,0.02458757,5.425511e-05,0.5,0.00098433,0.4272664,0.5,0
1332,NODE21_processed_png/c2350.png,0.030728059,0.051513154,0.23392478,0.04798845,0.0676427,0.004072999,0.001442326,0.094858706,0.11600003,0.006170267,0.031026479,0.005786534,0.019420959,4.629393e-05,0.5,0.001640712,0.2581378,0.5,0
1333,NODE21_processed_png/c2885.png,0.038023554,0.05987967,0.20281489,0.043269847,0.018060124,0.003721509,0.003762526,0.04774856,0.06122311,0.008627222,0.006981197,0.008986315,0.03783454,2.8303179e-05,0.5,0.00102045,0.15686661,0.5,0
1334,NODE21_processed_png/c1245.png,0.037574437,0.049420837,0.19649342,0.08265492,0.022476213,0.015953291,0.005705157,0.055182733,0.06755522,0.016792124,0.006550849,0.01388659,0.044250626,0.000258237,0.5,0.005624532,0.1223572,0.5,0
1335,NODE21_processed_png/c1990.png,0.07847672,0.044800434,0.17717122,0.112519674,0.009053406,0.07865984,0.009308161,0.04343402,0.03914316,0.008068751,0.005130836,0.014565786,0.031852603,0.000419537,0.5,0.006880466,0.03525515,0.5,0
1336,NODE21_processed_png/c0405.png,0.027546503,0.030789478,0.12003169,0.09346366,0.005709822,0.029400742,0.004872384,0.029861648,0.020841831,0.011793643,0.004719789,0.012769179,0.0511683,9.35845e-05,0.5,0.002438152,0.036839265,0.5,0
1337,NODE21_processed_png/c0877.png,0.048520636,0.05808526,0.12770809,0.13457564,0.008626699,0.044755474,0.003125416,0.066186935,0.02256321,0.010314836,0.005517122,0.013515917,0.056620892,4.3780612e-05,0.5,0.002430236,0.048282668,0.5,0
1338,NODE21_processed_png/c0373.png,0.040446576,0.04940086,0.15740067,0.09959868,0.03419067,0.011773503,0.005427899,0.053833384,0.05377314,0.014212968,0.025528898,0.012716316,0.05563316,0.000312873,0.5,0.002942608,0.1607037,0.5,0
1339,NODE21_processed_png/c1294.png,0.023808965,0.096651934,0.20860961,0.06299205,0.04672645,0.012786122,0.002551019,0.088239945,0.094182916,0.006474338,0.00772225,0.009070075,0.026577603,2.0505915e-05,0.5,0.000742293,0.33747363,0.5,0
1340,NODE21_processed_png/c1533.png,0.03423592,0.0405709,0.17428857,0.07422424,0.019840075,0.07208646,0.002560976,0.035813138,0.020778773,0.007762667,0.006591405,0.007878089,0.04357552,0.000339275,0.5,0.002657951,0.019521367,0.5,0
1341,NODE21_processed_png/c1941.png,0.038082894,0.028418986,0.13489719,0.09509688,0.004027009,0.018302139,0.002474722,0.03292847,0.017108941,0.008197228,0.001926534,0.010777685,0.038916603,0.000148377,0.5,0.00409038,0.023403076,0.5,0
1342,NODE21_processed_png/c2854.png,0.008177579,0.08207147,0.22098373,0.075047575,0.06807854,0.001682754,0.002277549,0.024061555,0.17683671,0.003863025,0.008725539,0.008996297,0.008961744,8.577e-06,0.5,0.000216555,0.47214216,0.5,0
1343,NODE21_processed_png/c2426.png,0.043312,0.038430136,0.19453715,0.09950557,0.032156996,0.01574174,0.00117105,0.09279447,0.055458162,0.016144402,0.013579629,0.012085225,0.0526514,5.941494e-05,0.5,0.004191992,0.15941165,0.5,0
1344,NODE21_processed_png/c3266.png,0.029585617,0.049766887,0.17868951,0.046054482,0.033896144,0.013700985,0.002275414,0.05926835,0.039588444,0.006435096,0.041267373,0.004504818,0.021619774,0.000313043,0.5,0.000998717,0.04586574,0.5,0
1345,NODE21_processed_png/c1152.png,0.075010374,0.062381495,0.14433864,0.064659625,0.01789283,0.017344227,0.00118253,0.07309008,0.090491116,0.010416023,0.019854257,0.009578757,0.044114426,0.000540434,0.5,0.009885491,0.37932232,0.5,0
1346,NODE21_processed_png/c0712.png,0.04574919,0.024829963,0.15524265,0.018454732,0.012617358,0.007210006,0.000427712,0.03318592,0.031073937,0.004511958,0.008245598,0.009261876,0.033404537,0.000194886,0.5,0.004101283,0.033464514,0.5,0
1347,NODE21_processed_png/c3607.png,0.036505096,0.08401793,0.1410599,0.055848077,0.011422099,0.007919122,0.003369984,0.072846435,0.05547388,0.008200755,0.003826875,0.013834225,0.06636323,2.5969694e-05,0.5,0.000830704,0.23924223,0.5,0
1348,NODE21_processed_png/c2047.png,0.036584917,0.037570853,0.14790013,0.10247565,0.009613968,0.059781022,0.004431676,0.037384916,0.03918433,0.011459328,0.008379269,0.012108764,0.03031584,0.00027825,0.5,0.004267589,0.06576895,0.5,0
1349,NODE21_processed_png/c0257.png,0.0661851,0.15138546,0.15411283,0.09154596,0.022868425,0.01761423,0.004493796,0.18854523,0.11808959,0.009227203,0.013719042,0.01391911,0.037241757,5.1482653e-05,0.5,0.001503164,0.52416587,0.5,0
1350,NODE21_processed_png/c0982.png,0.03915799,0.07230687,0.2364312,0.08672169,0.05515335,0.013530757,0.004449484,0.074509196,0.1311433,0.008463249,0.013541499,0.007777687,0.024145437,9.137202e-05,0.5,0.001928245,0.28133044,0.5,0
1351,NODE21_processed_png/n0181.png,0.035458952,0.089511916,0.19015297,0.03717008,0.034903523,0.004319521,0.002555007,0.07425242,0.08556818,0.010559659,0.0193206,0.013176539,0.044674616,5.6207366e-05,0.5,0.001998416,0.4298722,0.5,1
1352,NODE21_processed_png/n1066.png,0.07509684,0.09176394,0.23209713,0.07595841,0.037448633,0.010008112,0.003999059,0.10651228,0.08572314,0.009108148,0.022276416,0.014670732,0.0371,0.000260302,0.5,0.002859521,0.22264351,0.5,1
1353,NODE21_processed_png/c1865.png,0.055780757,0.023321912,0.12880594,0.016403353,0.007384847,0.003661857,0.00026897,0.03855001,0.0193993,0.004077615,0.013134808,0.004133445,0.023167433,0.00036092,0.5,0.002232384,0.03297362,0.5,0
1354,NODE21_processed_png/c1417.png,0.037034754,0.058804844,0.113548175,0.06678701,0.006613222,0.007265611,0.001707952,0.07719412,0.035857,0.012532664,0.006820574,0.009185564,0.036125068,3.6389527e-05,0.5,0.004276322,0.09971103,0.5,0
1355,NODE21_processed_png/c2502.png,0.06499416,0.038091354,0.158311,0.067275636,0.010556085,0.02936821,0.006164957,0.024548555,0.035689168,0.012669386,0.003178418,0.010884482,0.0505962,3.7954676e-05,0.5,0.002759015,0.07172794,0.5,0
1356,NODE21_processed_png/c2970.png,0.043138504,0.07133315,0.18577442,0.078004934,0.021733312,0.031245857,0.008732016,0.07015913,0.06641659,0.012892037,0.014881617,0.013805833,0.050286323,0.000364033,0.5,0.004120976,0.19235583,0.5,0
1357,NODE21_processed_png/c3342.png,0.036124676,0.027490798,0.14133601,0.024619022,0.009224768,0.008830759,0.003842813,0.040032804,0.045104,0.009798333,0.014497667,0.006192192,0.044364747,0.000145932,0.5,0.001227117,0.13587824,0.5,0
1358,NODE21_processed_png/c1076.png,0.032528777,0.069136634,0.1912435,0.067991294,0.042671748,0.012316321,0.00120422,0.041757796,0.07215803,0.005354457,0.004259547,0.00646887,0.03390117,9.384481e-05,0.5,0.001184008,0.102672674,0.5,0
1359,NODE21_processed_png/c0636.png,0.03445431,0.06051663,0.17814301,0.05458673,0.036998298,0.011398293,0.002416286,0.05866614,0.062897645,0.007420965,0.012067473,0.007641118,0.03510884,0.000111728,0.5,0.001523663,0.2479401,0.5,0
1360,NODE21_processed_png/c0191.png,0.03435077,0.079241954,0.20023085,0.033894997,0.0291351,0.004888401,0.001882139,0.03500814,0.09198369,0.005363065,0.009048751,0.006944469,0.022430167,2.3458118e-05,0.5,0.001230342,0.2920846,0.5,0
1361,NODE21_processed_png/c3723.png,0.027790908,0.049900286,0.16974738,0.11487915,0.018462451,0.007535079,0.005173815,0.038633,0.06447801,0.021213535,0.009912608,0.007269509,0.02720567,4.0293824e-05,0.5,0.000784434,0.1970096,0.5,0
1362,NODE21_processed_png/c3084.png,0.034274273,0.0677592,0.16919895,0.06938183,0.018201387,0.014186526,0.007235643,0.052130446,0.046286006,0.014693341,0.005927087,0.010554486,0.038999245,4.7511305e-05,0.5,0.002887106,0.11134944,0.5,0
1363,NODE21_processed_png/c2163.png,0.03782716,0.091202535,0.190228,0.041806903,0.03857855,0.003263974,0.0017659,0.07313982,0.17592953,0.008422589,0.016025538,0.008593056,0.025331995,5.2101255e-05,0.5,0.00172428,0.83095497,0.5,0
1364,NODE21_processed_png/c2615.png,0.049008247,0.03204973,0.15945072,0.051590305,0.02108942,0.015121018,0.001414456,0.06560751,0.054146525,0.011584194,0.01994452,0.006958462,0.029808957,0.00016078,0.5,0.00740789,0.15265577,0.5,0
1365,NODE21_processed_png/c3055.png,0.060501568,0.03839452,0.17106198,0.028136468,0.02234497,0.004101207,0.001748418,0.058185093,0.09002739,0.007550213,0.028098097,0.005663666,0.027309034,9.8885415e-05,0.5,0.001051194,0.24276902,0.5,0
1366,NODE21_processed_png/n0296.png,0.04039513,0.11127559,0.27628472,0.15596437,0.054533053,0.091497704,0.008406734,0.07389567,0.16812602,0.020569079,0.012786768,0.01828553,0.042743623,0.000101139,0.5,0.002589456,0.64580804,0.5,1
1367,NODE21_processed_png/c0140.png,0.052720893,0.07134701,0.22235297,0.089670405,0.04204038,0.013983023,0.006516877,0.09895153,0.13970286,0.017787464,0.021818334,0.01049894,0.032285217,0.000125057,0.5,0.002631436,0.39241943,0.5,0
1368,NODE21_processed_png/c1700.png,0.061228555,0.051493436,0.16679597,0.10597292,0.014414383,0.022855489,0.008020682,0.07847815,0.04604265,0.013269917,0.017067187,0.013011887,0.027364543,0.000236063,0.5,0.002791103,0.1228293,0.5,0
1369,NODE21_processed_png/c3393.png,0.0615255,0.053293083,0.1981862,0.039435152,0.018809717,0.005413191,0.002148245,0.115641065,0.04852442,0.011926311,0.051465932,0.007548606,0.02830112,0.00015892,0.5,0.002277259,0.08766082,0.5,0
1370,NODE21_processed_png/c3434.png,0.03442292,0.10136695,0.24518012,0.08444747,0.04927407,0.015378846,0.005766109,0.0583899,0.06866867,0.009316366,0.012676311,0.012631105,0.04368621,0.000112713,0.5,0.002035096,0.12442521,0.5,0
1371,NODE21_processed_png/c3846.png,0.04823158,0.042783722,0.16041005,0.05453393,0.011898008,0.006808315,0.00204641,0.09056037,0.03347783,0.008904862,0.016089384,0.005311389,0.021316465,3.2490614e-05,0.5,0.001007622,0.079856105,0.5,0
1372,NODE21_processed_png/c2274.png,0.036138363,0.059285223,0.16824791,0.09657674,0.008463212,0.011109469,0.002993396,0.046679053,0.044337757,0.016798666,0.002526386,0.010037776,0.055198222,1.0580347e-05,0.5,0.001946315,0.16824438,0.5,0
1373,NODE21_processed_png/c1361.png,0.050637253,0.07211736,0.20059021,0.08500407,0.041463975,0.013208134,0.008464923,0.04972958,0.10836192,0.009379906,0.007184717,0.012705253,0.05243215,0.000114507,0.5,0.002515684,0.486796,0.5,0
1374,NODE21_processed_png/c0286.png,0.088107504,0.081163,0.21416754,0.04941934,0.023100426,0.007444283,0.001950231,0.19900802,0.08228711,0.018910417,0.011983418,0.007631391,0.05323868,3.86117e-05,0.5,0.003703757,0.26731074,0.5,0
1375,NODE21_processed_png/c0953.png,0.02233676,0.10190813,0.1985214,0.057244156,0.03899148,0.011059489,0.002536156,0.040066957,0.09109336,0.005583729,0.004563487,0.006305323,0.02109297,4.702812e-05,0.5,0.000699069,0.40930456,0.5,0
1376,NODE21_processed_png/c0521.png,0.03343434,0.06387945,0.16769771,0.027373068,0.007981945,0.009216398,0.006257504,0.039242443,0.05957779,0.011137824,0.013959551,0.008051798,0.030610321,2.5321546e-05,0.5,0.0014365,0.33391407,0.5,0
1377,NODE21_processed_png/n0469.png,0.067184985,0.07843545,0.18405202,0.045520913,0.026741615,0.008318855,0.001403314,0.09864699,0.094506264,0.007245333,0.021924999,0.006371815,0.030706078,0.000936321,0.5,0.006272087,0.36404884,0.5,1
1378,NODE21_processed_png/c0018.png,0.045065,0.08676534,0.216578,0.07046538,0.0831947,0.0128129,0.004680061,0.08136842,0.11323458,0.009211791,0.023756163,0.011193587,0.05074779,0.000158646,0.5,0.004664773,0.32830346,0.5,0
1379,NODE21_processed_png/c1658.png,0.046333015,0.06730467,0.18476813,0.055998266,0.015501437,0.008541402,0.001595596,0.06742549,0.086500764,0.011195241,0.008476963,0.008035786,0.043702763,6.818936e-05,0.5,0.001265026,0.33635616,0.5,0
1380,NODE21_processed_png/c1239.png,0.040169355,0.084838025,0.19586618,0.060219865,0.018675353,0.009761157,0.004291345,0.082280464,0.08610199,0.015237809,0.007275325,0.007605508,0.045639236,1.1791662e-05,0.5,0.003399078,0.24561954,0.5,0
1381,NODE21_processed_png/c0479.png,0.045172982,0.07056795,0.17162389,0.06576647,0.011124606,0.005542274,0.002740203,0.06307569,0.07404763,0.014632294,0.024170384,0.005796879,0.021486524,3.578942e-05,0.5,0.000883573,0.28594643,0.5,0
1382,NODE21_processed_png/c2828.png,0.031952962,0.03647743,0.13544293,0.087532185,0.002673933,0.059372082,0.007896661,0.03213091,0.037535127,0.008728289,0.004874267,0.010574538,0.03149646,0.000254577,0.5,0.001767432,0.05864131,0.5,0
1383,NODE21_processed_png/c1689.png,0.031717572,0.078408904,0.2295636,0.108608894,0.046772316,0.007912801,0.003467609,0.0415699,0.14379048,0.007215081,0.006047729,0.008806533,0.03441005,1.2684712e-05,0.5,0.001285489,0.3372633,0.5,0
1384,NODE21_processed_png/c1410.png,0.022442726,0.12463957,0.18721414,0.09257919,0.055524208,0.013314885,0.006707755,0.06680931,0.1432014,0.014918746,0.024018299,0.015084171,0.028666893,0.000109014,0.5,0.00353672,0.69900566,0.5,0
1385,NODE21_processed_png/c1862.png,0.061620146,0.05825027,0.15990417,0.068412304,0.02532918,0.013757723,0.004761021,0.06588635,0.061100956,0.013480347,0.015999952,0.010561378,0.04158942,0.000515624,0.5,0.005152149,0.104521506,0.5,0
1386,NODE21_processed_png/c0985.png,0.050666627,0.049957752,0.18150716,0.055232465,0.02385602,0.012094442,0.005200205,0.040344115,0.068874985,0.011931132,0.00915041,0.012945714,0.05376573,0.000165751,0.5,0.003259455,0.0976699,0.5,0
1387,NODE21_processed_png/c0250.png,0.015585517,0.08282151,0.22657447,0.059450872,0.06858857,0.003616277,0.000460373,0.035703182,0.18039608,0.002194146,0.008692762,0.005060571,0.008381761,6.425948e-06,0.5,0.000482361,0.6442994,0.5,0
1388,NODE21_processed_png/n0621.png,0.035314713,0.032805398,0.20336439,0.018271059,0.032559622,0.003805174,0.001971123,0.05205415,0.050795563,0.008143411,0.031309836,0.005669931,0.025484405,0.000387328,0.5,0.002039055,0.1145858,0.5,1
1389,NODE21_processed_png/c3890.png,0.0750174,0.067568816,0.23192452,0.04407711,0.03623454,0.007236258,0.002767974,0.05495661,0.08854143,0.009567034,0.016715486,0.009036334,0.03701837,0.000243697,0.5,0.005890932,0.2650495,0.5,0
1390,NODE21_processed_png/c3345.png,0.07046539,0.07112895,0.21706353,0.06346804,0.037422474,0.005892333,0.004232481,0.10826905,0.13164702,0.009948611,0.024548262,0.010152518,0.03953103,5.3135296e-05,0.5,0.001851174,0.46498847,0.5,0
1391,NODE21_processed_png/c2977.png,0.068572864,0.058361743,0.19709297,0.033887222,0.045716092,0.012763219,0.001392575,0.054722495,0.10022359,0.008107253,0.016827371,0.006965761,0.04504504,0.000117535,0.5,0.003538774,0.29831523,0.5,0
1392,NODE21_processed_png/c2505.png,0.03202254,0.07567957,0.2585336,0.12243151,0.0456287,0.015416318,0.011565399,0.062819995,0.139374,0.020886734,0.009469866,0.0133603,0.028150078,5.715815e-05,0.5,0.0023641,0.31119844,0.5,0
1393,NODE21_processed_png/c0196.png,0.0651895,0.052684687,0.15874068,0.042115614,0.018411275,0.008026631,0.001710895,0.12420453,0.05190129,0.015368094,0.026151258,0.009448307,0.044348776,0.000293133,0.5,0.00189682,0.13656823,0.5,0
1394,NODE21_processed_png/c0631.png,0.06511984,0.039181557,0.15813069,0.07465644,0.01502534,0.06178855,0.002804034,0.027028207,0.0396537,0.005654118,0.002787063,0.00684478,0.03861034,0.000301126,0.5,0.002030326,0.04871987,0.5,0
1395,NODE21_processed_png/n0240.png,0.029803734,0.09762662,0.3315939,0.053810857,0.13890891,0.005439993,0.00183113,0.061254434,0.24186002,0.005965975,0.013046635,0.016616512,0.043809745,0.000121391,0.5,0.002497712,0.68804204,0.5,1
1396,NODE21_processed_png/c1071.png,0.068407945,0.034367062,0.15052088,0.077855974,0.007681738,0.013726318,0.002406506,0.109456934,0.037975192,0.019075043,0.03518204,0.005160212,0.026051126,6.511058e-05,0.5,0.001726065,0.087503426,0.5,0
1397,NODE21_processed_png/c2164.png,0.048493385,0.07085805,0.20510289,0.08513886,0.033692937,0.011780928,0.005808719,0.057013676,0.08533152,0.00870858,0.011325031,0.013253135,0.051530357,5.5182554e-05,0.5,0.001383351,0.19211356,0.5,0
1398,NODE21_processed_png/c3083.png,0.025803823,0.03857432,0.16554628,0.094457746,0.009424592,0.03365178,0.003331807,0.025393322,0.041132513,0.004961163,0.010488475,0.013706296,0.031402074,2.9849227e-05,0.5,0.002029217,0.1165951,0.5,0
1399,NODE21_processed_png/c3724.png,0.063042656,0.06146872,0.14137293,0.23263758,0.009983811,0.04964516,0.004807498,0.075494036,0.092867024,0.020199137,0.014439869,0.013344135,0.05693177,0.000308653,0.5,0.002078663,0.76725304,0.5,0
1400,NODE21_processed_png/c3052.png,0.038502812,0.074844815,0.24581464,0.085967965,0.055602804,0.012202864,0.004889789,0.09611447,0.1093649,0.014065135,0.013178195,0.01420391,0.039134998,0.000106431,0.5,0.002905607,0.31163123,0.5,0
1401,NODE21_processed_png/c2612.png,0.066039056,0.040294774,0.14404368,0.027971582,0.00887169,0.009351603,0.001445194,0.036699895,0.049465746,0.008755168,0.008857863,0.00645805,0.050901473,0.000164349,0.5,0.002656472,0.08182332,0.5,0
1402,NODE21_processed_png/c1707.png,0.08226188,0.0417825,0.15926012,0.076209426,0.009984206,0.019686366,0.00517515,0.08042607,0.047146466,0.012388915,0.021373672,0.008703818,0.027668715,0.00016565,0.5,0.003226978,0.06575851,0.5,0
1403,NODE21_processed_png/n0536.png,0.0926756,0.07730745,0.1880227,0.13185468,0.02782929,0.016789453,0.004315916,0.13773452,0.056537054,0.016180092,0.039892726,0.009757143,0.031584878,0.000330853,0.5,0.005938871,0.09014454,0.5,1
1404,NODE21_processed_png/c0147.png,0.058225367,0.06343426,0.2023399,0.072824955,0.046080783,0.016356785,0.006199813,0.074018314,0.08968872,0.013485509,0.012202217,0.013697632,0.0560512,0.000259101,0.5,0.006873342,0.2704145,0.5,0
1405,NODE21_processed_png/n0291.png,0.055449482,0.09383844,0.18874411,0.09637279,0.039641455,0.025948059,0.010973656,0.043822322,0.104453444,0.006783941,0.006965148,0.016745236,0.034316823,0.000181097,0.5,0.002458681,0.33705357,0.5,1
1406,NODE21_processed_png/c2273.png,0.06117931,0.039542902,0.16883968,0.0505044,0.006628199,0.013729494,0.001123926,0.07058398,0.053647324,0.010008418,0.028446704,0.003445342,0.021319348,6.585453e-06,0.5,0.001036219,0.12606092,0.5,0
1407,NODE21_processed_png/c3841.png,0.023920095,0.09859387,0.22434607,0.09809289,0.04603296,0.006669253,0.002468829,0.04451313,0.14426091,0.005393204,0.002689561,0.01444309,0.022764834,1.473737e-05,0.5,0.001000035,0.65911305,0.5,0
1408,NODE21_processed_png/c3433.png,0.07134128,0.042490963,0.1676094,0.021660967,0.024402767,0.00489877,0.000768552,0.09479225,0.051450554,0.005908688,0.094822384,0.00377049,0.01882294,0.000655236,0.5,0.002162032,0.07815495,0.5,0
1409,NODE21_processed_png/c3394.png,0.07314102,0.0675111,0.14390278,0.052494302,0.018878033,0.026490495,0.002855156,0.11521197,0.028696176,0.018034251,0.030159067,0.00963857,0.035645753,0.000288496,0.5,0.005329407,0.32034364,0.5,0
1410,NODE21_processed_png/c0526.png,0.019882932,0.12131403,0.15172942,0.09785286,0.014252787,0.013742172,0.002589779,0.061235175,0.079614595,0.005218926,0.005318575,0.012130293,0.021533825,8.0167265e-06,0.5,0.000726541,0.41489106,0.5,0
1411,NODE21_processed_png/c0954.png,0.040540896,0.026395002,0.12312138,0.044946257,0.010094601,0.030321553,0.003678078,0.028827801,0.023415398,0.02054186,0.016201936,0.008777648,0.043173857,0.00044351,0.5,0.004190185,0.040741615,0.5,0
1412,NODE21_processed_png/c0281.png,0.041706447,0.06967991,0.18179722,0.05164821,0.027595239,0.026566058,0.003230159,0.08896836,0.07892976,0.009055193,0.016848965,0.008718662,0.038078062,3.251197e-05,0.5,0.003146603,0.31524533,0.5,0
1413,NODE21_processed_png/c1366.png,0.0352299,0.063898005,0.2097222,0.091181196,0.024749938,0.027284902,0.003967214,0.032564096,0.08610244,0.011141325,0.008219052,0.008648927,0.033091146,3.286613e-05,0.5,0.000972129,0.16764478,0.5,0
1414,NODE21_processed_png/c1599.png,0.050451823,0.046595916,0.18537772,0.05938376,0.018460495,0.01665297,0.005121725,0.04026339,0.058840107,0.009744687,0.012519253,0.005391819,0.02863203,0.000150028,0.5,0.001819914,0.09027095,0.5,0
1415,NODE21_processed_png/c1548.png,0.07031561,0.055312242,0.25677776,0.020759443,0.033964567,0.003445965,0.001509992,0.13988979,0.0680472,0.010359665,0.029808138,0.005803742,0.021574141,7.579901e-05,0.5,0.001626699,0.103713006,0.5,0
1416,NODE21_processed_png/c0308.png,0.07413775,0.034216907,0.12190712,0.18261199,0.007493328,0.043017715,0.001665905,0.08665277,0.016743017,0.016588815,0.024104495,0.00733003,0.03560868,0.000155628,0.5,0.010973621,0.011572965,0.5,0
1417,NODE21_processed_png/c0769.png,0.024463698,0.06487203,0.24119948,0.0331066,0.023040082,0.006001669,0.002629011,0.035988316,0.055613987,0.006201511,0.003623112,0.006797347,0.02537419,2.0707124e-05,0.5,0.001016333,0.12591837,0.5,0
1418,NODE21_processed_png/n0318.png,0.072673514,0.14081317,0.23085302,0.06530834,0.023427168,0.018740915,0.003565342,0.09319897,0.19298938,0.009995153,0.006766248,0.011720899,0.048457377,9.274407e-05,0.5,0.001624925,0.7051332,0.5,1
1419,NODE21_processed_png/c1129.png,0.055508286,0.02358041,0.11378013,0.025867531,0.008430604,0.00410464,0.000817681,0.05008254,0.034585323,0.008503843,0.02934366,0.005816382,0.019780947,0.000615469,0.5,0.002108293,0.10692541,0.5,0
1420,NODE21_processed_png/c3339.png,0.028338326,0.067451455,0.19282909,0.12369356,0.025295632,0.00999099,0.004108307,0.036578834,0.08436941,0.012804722,0.011433558,0.008038809,0.042413592,1.9607416e-05,0.5,0.000668526,0.2928503,0.5,0
1421,NODE21_processed_png/c2579.png,0.030765282,0.12916972,0.18098086,0.05260892,0.019369183,0.009293441,0.002687123,0.11927961,0.111953564,0.00585375,0.003582693,0.009832473,0.03343447,2.8926559e-05,0.5,0.000887364,0.45197645,0.5,0
1422,NODE21_processed_png/c2118.png,0.034115367,0.059834458,0.1650343,0.029797463,0.020514369,0.010355353,0.001298193,0.081090935,0.03793947,0.005896952,0.016917016,0.005892586,0.029849054,0.000372362,0.5,0.002484012,0.09327655,0.5,0
1423,NODE21_processed_png/n0938.png,0.040869266,0.030476466,0.18775311,0.096823104,0.012503773,0.032024678,0.009549374,0.032998133,0.038213514,0.011795366,0.006873079,0.008261343,0.0379519,0.000455276,0.5,0.001359606,0.022860765,0.5,1
1424,NODE21_processed_png/c0928.png,0.06865806,0.042970363,0.13593215,0.13852908,0.006036829,0.02411486,0.006324119,0.09263173,0.035724152,0.027272118,0.008707347,0.008235961,0.04478427,0.000187218,0.5,0.004121622,0.12275398,0.5,0
1425,NODE21_processed_png/c3176.png,0.028319877,0.086402014,0.20110102,0.06254799,0.02842548,0.009740136,0.002382851,0.063564464,0.14728306,0.005854571,0.01864961,0.006553125,0.014797064,8.631888e-06,0.5,0.000476239,0.76438826,0.5,0
1426,NODE21_processed_png/c2091.png,0.040503666,0.046970047,0.18525292,0.030924445,0.02843205,0.006006462,0.005479941,0.06530465,0.051674847,0.014100483,0.01952957,0.018154275,0.071556024,0.000469811,0.5,0.005018008,0.11738999,0.5,0
1427,NODE21_processed_png/c2736.png,0.05273036,0.06265874,0.19512786,0.056207422,0.037332814,0.007919324,0.001839906,0.07866013,0.09826523,0.011159756,0.008050594,0.011475916,0.041337445,0.000260336,0.5,0.004499744,0.37521827,0.5,0
1428,NODE21_processed_png/c1184.png,0.07437161,0.034693796,0.1612279,0.05408653,0.010113224,0.012700063,0.004037912,0.0515665,0.06328599,0.009893575,0.019017722,0.00980964,0.023232207,0.000262379,0.5,0.006912789,0.11514032,0.5,0
1429,NODE21_processed_png/c1623.png,0.034059692,0.06788098,0.19629031,0.06658653,0.04621589,0.012342198,0.006063197,0.03632666,0.11228157,0.00878139,0.025292369,0.010030729,0.02445308,1.9754449e-05,0.5,0.000506168,0.47424677,0.5,0
1430,NODE21_processed_png/c2882.png,0.033321586,0.083863966,0.22638369,0.122063905,0.05551127,0.01498162,0.004615063,0.07216384,0.16259657,0.01299578,0.011669315,0.006828989,0.025986303,1.4683877e-05,0.5,0.000573039,0.33627906,0.5,0
1431,NODE21_processed_png/c3517.png,0.045859084,0.047313232,0.22829679,0.054362673,0.052570578,0.009655674,0.002775902,0.100284606,0.16580586,0.011965267,0.015625456,0.008210633,0.026242532,0.000128957,0.5,0.002117157,0.3187675,0.5,0
1432,NODE21_processed_png/c0870.png,0.09005477,0.05165418,0.19524129,0.055517744,0.02344923,0.00823631,0.002121477,0.102112226,0.09603972,0.007980869,0.015879966,0.006284271,0.027429106,0.000139113,0.5,0.002715607,0.19353484,0.5,0
1433,NODE21_processed_png/c0402.png,0.04402479,0.10391047,0.26674017,0.19337842,0.07551299,0.015853856,0.007976707,0.059109643,0.20638205,0.007025231,0.009970895,0.011079945,0.022374103,8.728848e-05,0.5,0.001283345,0.400994,0.5,0
1434,NODE21_processed_png/c1997.png,0.029148336,0.05218215,0.18089907,0.1478722,0.012342338,0.02702023,0.011750061,0.03049955,0.039391715,0.008819152,0.005721286,0.01772637,0.04256173,0.000185188,0.5,0.001319375,0.06797834,0.5,0
1435,NODE21_processed_png/c1242.png,0.05248621,0.053408068,0.25142425,0.029971724,0.04280363,0.003477587,0.000927064,0.072318524,0.063762754,0.007538076,0.01205082,0.004624595,0.03473659,5.1097817e-05,0.5,0.000860057,0.09493524,0.5,0
1436,NODE21_processed_png/c1946.png,0.09086046,0.04768024,0.17096724,0.08756303,0.004725404,0.021621266,0.001842725,0.066542745,0.061371055,0.010105261,0.001937438,0.006700371,0.0355822,2.5944715e-05,0.5,0.002765112,0.10657956,0.5,0
1437,NODE21_processed_png/c1534.png,0.038934793,0.066177435,0.19094409,0.12686022,0.013746667,0.015451711,0.003481304,0.056375835,0.088513546,0.014410789,0.007122903,0.006933338,0.029002035,1.6434487e-05,0.5,0.001455968,0.39161372,0.5,0
1438,NODE21_processed_png/c1293.png,0.046755563,0.08760826,0.2475059,0.07732192,0.056774087,0.005969617,0.003711013,0.08553136,0.22951126,0.007609894,0.023675578,0.013490845,0.026295455,9.6995915e-05,0.5,0.001514073,0.70829034,0.5,0
1439,NODE21_processed_png/c0374.png,0.059327435,0.04393612,0.15765475,0.0652606,0.014980287,0.012481047,0.004081069,0.05123065,0.08435228,0.01271731,0.030177925,0.011908256,0.040532254,0.000464354,0.5,0.00881212,0.23314926,0.5,0
1440,NODE21_processed_png/n0705.png,0.04868836,0.064396776,0.22975716,0.04455832,0.041480035,0.005222648,0.005985128,0.080961406,0.08794096,0.016573073,0.030847322,0.011873004,0.052224305,0.000479117,0.5,0.005747104,0.24001643,0.5,1
1441,NODE21_processed_png/c3261.png,0.03834156,0.05176643,0.20630793,0.04188718,0.03482936,0.006702718,0.002443773,0.062545255,0.1200297,0.009171476,0.012024589,0.004431657,0.033047758,3.825479e-05,0.5,0.000982877,0.3395623,0.5,0
1442,NODE21_processed_png/c2421.png,0.042364903,0.07209039,0.17297292,0.09945671,0.01642161,0.010816982,0.005390086,0.07497854,0.11436528,0.012781215,0.032642484,0.010384846,0.02139869,9.763344e-05,0.5,0.001776058,0.41475487,0.5,0
1443,NODE21_processed_png/c2853.png,0.044903327,0.050446674,0.19944258,0.122693315,0.019585915,0.04022572,0.00882862,0.042632475,0.09447203,0.013767021,0.006741945,0.00782425,0.042172667,4.3005282e-05,0.5,0.001549368,0.25539377,0.5,0
1444,NODE21_processed_png/c2386.png,0.020942774,0.07051803,0.18795803,0.091866694,0.02107407,0.015969617,0.001432746,0.048594147,0.05988919,0.004565509,0.001533428,0.009399322,0.020939438,1.5006809e-05,0.5,0.000999129,0.3453458,0.5,0
1445,NODE21_processed_png/c0715.png,0.049129225,0.109788954,0.20840152,0.090030886,0.017080178,0.007805548,0.003326947,0.20051244,0.08187561,0.011503915,0.009298485,0.015648376,0.0391011,3.633623e-05,0.5,0.0008805,0.22603922,0.5,0
1446,NODE21_processed_png/n0364.png,0.07370997,0.046190273,0.18561266,0.045324862,0.019663494,0.018898683,0.003511152,0.060298532,0.07260314,0.01715508,0.059798677,0.008562811,0.040350683,0.000481082,0.5,0.006399686,0.2099588,0.5,1
1447,NODE21_processed_png/c1155.png,0.06293542,0.051001668,0.23658697,0.0820672,0.031344306,0.018228943,0.011566485,0.06570639,0.0703574,0.016329205,0.016711004,0.011161867,0.036035918,0.000347404,0.5,0.007065862,0.1193308,0.5,0
1448,NODE21_processed_png/c2040.png,0.036889248,0.058220576,0.15592761,0.04912962,0.016269064,0.014262415,0.001722737,0.076619476,0.076129876,0.011890448,0.005795901,0.009924102,0.035914548,4.7235146e-05,0.5,0.002621928,0.28611383,0.5,0
1449,NODE21_processed_png/c2979.png,0.016173063,0.062011622,0.17508787,0.060011342,0.01877916,0.011330475,0.002330357,0.023109348,0.10187635,0.004158023,0.01534122,0.008602396,0.027098503,1.6531554e-05,0.5,0.000764337,0.5667472,0.5,0
1450,NODE21_processed_png/c0198.png,0.116104685,0.0409727,0.13013512,0.04479107,0.010419893,0.011875859,0.001689552,0.05511208,0.03993298,0.007877059,0.01569428,0.009754425,0.044571914,0.000119024,0.5,0.007006329,0.1538947,0.5,0
1451,NODE21_processed_png/c0149.png,0.060858868,0.051049694,0.2158723,0.09054756,0.036093574,0.025883906,0.00365601,0.08495785,0.087593436,0.013924783,0.050356127,0.00801556,0.022086179,0.000274893,0.5,0.002163979,0.21011436,0.5,0
1452,NODE21_processed_png/c1709.png,0.022488508,0.030460931,0.12600277,0.028898146,0.004389792,0.007924795,0.002311031,0.02260398,0.020626513,0.008020269,0.015042014,0.005096998,0.027270945,0.000116766,0.5,0.000573101,0.011494963,0.5,0
1453,NODE21_processed_png/c1368.png,0.04090514,0.06354179,0.19731188,0.04587476,0.018879263,0.006262984,0.003135544,0.038265318,0.064587474,0.007127158,0.004249354,0.006056796,0.022431014,4.924655e-05,0.5,0.001518579,0.13381374,0.5,0
1454,NODE21_processed_png/c0528.png,0.032330975,0.09415639,0.26426506,0.11292648,0.06057118,0.011003016,0.005209436,0.07303331,0.12440243,0.011604481,0.012120233,0.010635302,0.027960585,8.779435e-05,0.5,0.002565197,0.30690017,0.5,0
1455,NODE21_processed_png/c2744.png,0.029560942,0.059326436,0.18839666,0.038800545,0.019327484,0.015594674,0.00586654,0.086486526,0.036929347,0.020353891,0.013447141,0.005029521,0.027662959,5.9425136e-05,0.5,0.001420317,0.10128558,0.5,0
1456,NODE21_processed_png/c3104.png,0.0353879,0.10009913,0.21874826,0.15421268,0.033936244,0.017171156,0.00182544,0.040009793,0.11480159,0.003186254,0.003971975,0.00816034,0.028837934,2.0756534e-05,0.5,0.00101397,0.23580031,0.5,0
1457,NODE21_processed_png/c0011.png,0.033557918,0.07018754,0.17211895,0.1375528,0.023660613,0.017592777,0.005525759,0.06741015,0.083925106,0.015440683,0.011335322,0.011152567,0.031487394,7.743274e-05,0.5,0.001346115,0.3282718,0.5,0
1458,NODE21_processed_png/n0812.png,0.047661938,0.09979822,0.23807786,0.071530335,0.115820795,0.005562668,0.002008197,0.10661953,0.13584335,0.009325264,0.015714271,0.011597137,0.039458256,0.000105568,0.5,0.001167248,0.55654633,0.5,1
1459,NODE21_processed_png/c1651.png,0.055858295,0.075444765,0.17396623,0.10159074,0.018220628,0.017324166,0.007248674,0.13991192,0.085105725,0.015665762,0.053498667,0.013382969,0.024488574,7.427324e-05,0.5,0.003605394,0.3523642,0.5,0
1460,NODE21_processed_png/c3565.png,0.06272144,0.034994945,0.2266999,0.0463719,0.035590045,0.008541152,0.002463562,0.051061254,0.12550686,0.00654843,0.018287119,0.011005165,0.04719073,6.925333e-05,0.5,0.002050398,0.19867072,0.5,0
1461,NODE21_processed_png/c2325.png,0.045697093,0.025425985,0.12932263,0.15213771,0.00537897,0.027550522,0.005117542,0.04859124,0.031626895,0.019556947,0.01109401,0.008754434,0.03034204,6.678463e-05,0.5,0.002650166,0.053345233,0.5,0
1462,NODE21_processed_png/c2482.png,0.021883415,0.06610831,0.1948445,0.14985667,0.027095445,0.010874722,0.00504419,0.055258594,0.0682638,0.008883734,0.014721965,0.009066498,0.026093166,1.2692273e-05,0.5,0.000692311,0.28500658,0.5,0
1463,NODE21_processed_png/c1230.png,0.041718055,0.091515474,0.23205492,0.114278466,0.03797612,0.016940061,0.015436172,0.10298214,0.16181703,0.020741783,0.015558264,0.012034697,0.027791632,8.861976e-05,0.5,0.001087218,0.68471414,0.5,0
1464,NODE21_processed_png/c1597.png,0.056901477,0.057538595,0.13906454,0.056685064,0.007731902,0.021789512,0.001348358,0.062304694,0.048175517,0.006867386,0.005555238,0.008167126,0.053886596,0.000134405,0.5,0.003713284,0.16027677,0.5,0
1465,NODE21_processed_png/c0802.png,0.045959815,0.122911446,0.24395193,0.034270182,0.047374528,0.003605452,0.005397417,0.06942371,0.148421,0.006906584,0.003613382,0.013613701,0.039924268,5.0901774e-05,0.5,0.001652453,0.55493665,0.5,0
1466,NODE21_processed_png/c0470.png,0.08683213,0.07285449,0.20208596,0.15602252,0.0210832,0.027748277,0.005729092,0.09319706,0.07663753,0.014491984,0.007501818,0.012000307,0.05311788,0.000126867,0.5,0.004712057,0.10008488,0.5,0
1467,NODE21_processed_png/n0777.png,0.07529125,0.055184778,0.23385532,0.047632333,0.04459338,0.007883495,0.003541441,0.110896,0.09334986,0.010818498,0.03824485,0.012325492,0.02430015,0.000660585,0.5,0.007216387,0.12134716,0.5,1
1468,NODE21_processed_png/c0306.png,0.057756014,0.04350999,0.20303403,0.04834812,0.019844448,0.011185638,0.003328862,0.06816408,0.109542884,0.014509036,0.014589816,0.007547145,0.03921656,4.657925e-05,0.5,0.001626052,0.46617833,0.5,0
1469,NODE21_processed_png/c1934.png,0.052004267,0.033074923,0.14534967,0.030369775,0.00545169,0.00857543,0.003669688,0.043384306,0.036570735,0.009740326,0.006703093,0.007775825,0.046010487,4.6843266e-05,0.5,0.001296507,0.07754502,0.5,0
1470,NODE21_processed_png/c1546.png,0.06373053,0.084640644,0.18109262,0.064381465,0.013369829,0.009961742,0.003610021,0.07554412,0.06500952,0.013640489,0.012382645,0.010775092,0.049580257,0.000204232,0.5,0.00410665,0.28144768,0.5,0
1471,NODE21_processed_png/c2453.png,0.0445346,0.046299994,0.14298597,0.057462636,0.013170286,0.026168244,0.003757363,0.08221132,0.03993126,0.013929936,0.01003472,0.009621357,0.05692157,0.000159039,0.5,0.00394126,0.12356667,0.5,0
1472,NODE21_processed_png/c2821.png,0.06524297,0.07418135,0.15924199,0.10134796,0.01034338,0.029491711,0.005446686,0.069373965,0.05282861,0.022352297,0.015455286,0.01177343,0.056896023,0.000117477,0.5,0.004601111,0.17446934,0.5,0
1473,NODE21_processed_png/c3213.png,0.047210716,0.10656923,0.23464975,0.21204631,0.06369302,0.018669823,0.014086097,0.08400984,0.15167673,0.016466802,0.013297937,0.013074948,0.033016376,8.238223e-05,0.5,0.001088263,0.5481692,0.5,0
1474,NODE21_processed_png/c1680.png,0.045160603,0.0626056,0.23447427,0.058803823,0.058814824,0.007916372,0.002782541,0.058661938,0.11798863,0.007088692,0.015301853,0.008573174,0.0344831,4.5043827e-05,0.5,0.001469668,0.2077702,0.5,0
1475,NODE21_processed_png/c1127.png,0.032616645,0.09016465,0.20408948,0.07771536,0.026554264,0.013320311,0.00143348,0.0481514,0.08078672,0.006138649,0.002305978,0.011068516,0.038720075,0.000143244,0.5,0.004686407,0.18340318,0.5,0
1476,NODE21_processed_png/c0767.png,0.04763882,0.0360679,0.16741385,0.14084433,0.016091462,0.06224616,0.0025163,0.025893705,0.03699562,0.010300434,0.003243023,0.007008319,0.0433879,7.919466e-05,0.5,0.001935557,0.051121425,0.5,0
1477,NODE21_processed_png/c3672.png,0.05066698,0.044241767,0.20759283,0.043406364,0.022628104,0.028173165,0.011034251,0.04261637,0.055323612,0.012282736,0.013471388,0.014151789,0.058669258,0.000562197,0.5,0.002650287,0.12161339,0.5,0
1478,NODE21_processed_png/c2795.png,0.040634617,0.05791337,0.15327844,0.09700559,0.006749235,0.039860684,0.005164311,0.023828914,0.048043076,0.006514125,0.004107065,0.005742339,0.01958213,3.399573e-05,0.5,0.00065077,0.11819663,0.5,0
1479,NODE21_processed_png/c2032.png,0.03545581,0.07081939,0.19073331,0.16119495,0.04986312,0.048892222,0.009635567,0.04027579,0.09017043,0.011027125,0.004795445,0.013227188,0.037653722,0.000208932,0.5,0.001916042,0.3103376,0.5,0
1480,NODE21_processed_png/n0653.png,0.025039699,0.057636056,0.26046145,0.044122666,0.11383538,0.001947061,0.001144111,0.062568575,0.20242798,0.005069124,0.010442102,0.017821953,0.03043561,0.000110907,0.5,0.001720125,0.75459087,0.5,1
1481,NODE21_processed_png/c0222.png,0.06309314,0.033595275,0.13573673,0.17404766,0.013291376,0.14969033,0.004474666,0.037624463,0.052809447,0.00622835,0.008758518,0.011456296,0.047990512,0.000214742,0.5,0.00403027,0.1346713,0.5,0
1482,NODE21_processed_png/c0585.png,0.024414126,0.120698914,0.26614815,0.07302492,0.056915373,0.016816676,0.013397257,0.056657713,0.13326943,0.009568787,0.002750021,0.017450323,0.032587882,8.940841e-06,0.5,0.000615616,0.41699216,0.5,0
1483,NODE21_processed_png/c1462.png,0.02432521,0.108769506,0.1701331,0.053631563,0.01950934,0.002119329,0.002150967,0.05507131,0.14176466,0.006156927,0.006779616,0.006753804,0.012821162,1.7244467e-05,0.5,0.000198338,0.43560517,0.5,0
1484,NODE21_processed_png/c1810.png,0.043055445,0.107142545,0.21105301,0.1282803,0.024465445,0.032494783,0.004018096,0.06472932,0.1199877,0.00726036,0.003385153,0.013802055,0.030411437,1.6681084e-05,0.5,0.001880975,0.64567316,0.5,0
1485,NODE21_processed_png/n1013.png,0.098475255,0.05781502,0.18023396,0.22834422,0.02721813,0.061153565,0.004116354,0.054636657,0.07194313,0.009667277,0.018263716,0.012108662,0.04722404,0.000687996,0.5,0.006761363,0.20958848,0.5,1
1486,NODE21_processed_png/c2905.png,0.03144376,0.051375408,0.22501336,0.047464315,0.052920893,0.008677186,0.002541368,0.07992991,0.0964003,0.008912974,0.020174814,0.009316785,0.026825339,0.000101312,0.5,0.001563703,0.16283888,0.5,0
1487,NODE21_processed_png/c2577.png,0.040821373,0.08412134,0.2369543,0.10630163,0.024292868,0.021820208,0.004848746,0.051304832,0.07027532,0.00760687,0.003627064,0.010012369,0.046645083,5.1543077e-05,0.5,0.00137287,0.10233292,0.5,0
1488,NODE21_processed_png/c3337.png,0.046272043,0.05203698,0.19981362,0.06426353,0.008951942,0.011955821,0.00486024,0.057140958,0.05615881,0.013601398,0.0118631,0.00595514,0.029717678,2.257148e-05,0.5,0.00101413,0.095157504,0.5,0
1489,NODE21_processed_png/c3490.png,0.037882965,0.06984844,0.17055121,0.12334163,0.02231005,0.020114847,0.009314755,0.090885766,0.052226074,0.026483104,0.015514936,0.010422866,0.057732306,0.000250385,0.5,0.004047009,0.13835919,0.5,0
1490,NODE21_processed_png/c1003.png,0.023303952,0.041524902,0.15189777,0.10200169,0.021473756,0.015785962,0.003321593,0.025593566,0.044544842,0.007497819,0.011294227,0.007750912,0.045473084,5.7144527e-05,0.5,0.001190931,0.029714359,0.5,0
1491,NODE21_processed_png/c0643.png,0.049975004,0.0556947,0.1790109,0.059108555,0.042784687,0.009416875,0.004239224,0.0909055,0.094211996,0.012669742,0.019943152,0.009761703,0.04106797,1.592025e-05,0.5,0.000906679,0.27767238,0.5,0
1492,NODE21_processed_png/c3756.png,0.048497245,0.08537983,0.23285079,0.10856229,0.055924725,0.05351196,0.002678967,0.04421256,0.12976255,0.008928064,0.004084719,0.009160496,0.06912645,0.000112026,0.5,0.002318281,0.29663447,0.5,0
1493,NODE21_processed_png/c2116.png,0.043434888,0.040359516,0.137451,0.2812336,0.012069243,0.13044576,0.006381336,0.0340095,0.052906092,0.008274314,0.003152752,0.016582556,0.046652544,7.4900985e-05,0.5,0.002004548,0.18247378,0.5,0
1494,NODE21_processed_png/c2660.png,0.08274715,0.073505126,0.16732055,0.06543188,0.014555842,0.011858594,0.001770502,0.091398366,0.075517274,0.009830906,0.010069549,0.008258711,0.036574252,0.000165672,0.5,0.00401931,0.38840073,0.5,0
1495,NODE21_processed_png/c3787.png,0.028511519,0.10002776,0.22326806,0.16550958,0.041810337,0.008569129,0.008929252,0.059379824,0.15552978,0.01366626,0.011511923,0.016993236,0.025402194,5.6321765e-05,0.5,0.000949347,0.46529594,0.5,0
1496,NODE21_processed_png/c3020.png,0.0454643,0.06624329,0.14952375,0.12266673,0.022463314,0.011277688,0.003620232,0.073773585,0.072973445,0.014770211,0.024428079,0.009741742,0.032089897,0.000195937,0.5,0.001870658,0.27782863,0.5,0
1497,NODE21_processed_png/c0692.png,0.034284145,0.075877346,0.18956804,0.08456187,0.026658587,0.009651822,0.006584521,0.09456803,0.06687476,0.015332736,0.03567674,0.0129308,0.03903958,0.000114487,0.5,0.001654216,0.08411068,0.5,0
1498,NODE21_processed_png/c0135.png,0.016923461,0.039976742,0.1561519,0.024208475,0.01120125,0.007589827,0.004218162,0.017951032,0.030279817,0.008785607,0.006904451,0.005824504,0.029279156,4.0874856e-05,0.5,0.000603874,0.066955864,0.5,0
1499,NODE21_processed_png/n0936.png,0.059728447,0.08326399,0.2539026,0.08861441,0.054488886,0.01186596,0.005140264,0.09071492,0.14362633,0.011303675,0.014628236,0.024282642,0.039967902,0.000389654,0.5,0.005047873,0.512722,0.5,1
1500,NODE21_processed_png/c1775.png,0.042447474,0.058532115,0.18156488,0.10107693,0.01423953,0.013085605,0.00213138,0.071696535,0.06698679,0.009433725,0.00852412,0.006758055,0.036801953,2.5884367e-05,0.5,0.001383045,0.16368607,0.5,0
1501,NODE21_processed_png/c3833.png,0.054410886,0.058758657,0.19626608,0.10833563,0.025829751,0.018448347,0.006281593,0.06940692,0.0657863,0.007633128,0.016127206,0.007198081,0.026919676,7.77865e-05,0.5,0.001988827,0.11921497,0.5,0
1502,NODE21_processed_png/c3441.png,0.061329342,0.06607228,0.19954948,0.24570462,0.006834711,0.08334413,0.007142712,0.059282225,0.061435446,0.017067846,0.003707146,0.021767914,0.06334876,3.895225e-05,0.5,0.00663104,0.19610181,0.5,0
1503,NODE21_processed_png/c2201.png,0.039627444,0.0573077,0.18972269,0.08416703,0.030001782,0.01964729,0.013708756,0.06219599,0.06706667,0.021500118,0.033685513,0.009515042,0.025491413,0.000421803,0.5,0.001902796,0.20710799,0.5,0
1504,NODE21_processed_png/c1314.png,0.04365883,0.081786394,0.16832979,0.060800936,0.010485813,0.007528153,0.002682376,0.05956772,0.07364609,0.010723514,0.004231094,0.006763707,0.02393343,7.4417644e-06,0.5,0.000950339,0.28600213,0.5,0
1505,NODE21_processed_png/c0554.png,0.03158591,0.061244596,0.18656436,0.042770278,0.01664038,0.004294195,0.001000471,0.029908054,0.075669095,0.004044216,0.002601546,0.004959914,0.025630048,7.3178303e-06,0.5,0.000891158,0.3049348,0.5,0
1506,NODE21_processed_png/c0926.png,0.037720878,0.0701103,0.17241527,0.070554644,0.019735597,0.004312697,0.003132082,0.09483646,0.039460097,0.008567335,0.02418759,0.006147137,0.029597757,0.00015998,0.5,0.002235327,0.044813827,0.5,0
1507,NODE21_processed_png/n0125.png,0.060866836,0.06042246,0.1863557,0.17233436,0.021034688,0.032158043,0.007177724,0.10705866,0.08523477,0.014464924,0.01639299,0.01042681,0.032523237,5.7682948e-05,0.5,0.003046929,0.25819,0.5,1
1508,NODE21_processed_png/c2738.png,0.012324856,0.09226469,0.18038155,0.069964975,0.03153514,0.005632998,0.002669343,0.035461914,0.10162359,0.008837776,0.006636191,0.015208963,0.025865603,1.4852842e-05,0.5,0.000554715,0.63968873,0.5,0
1509,NODE21_processed_png/c3178.png,0.09296376,0.050989546,0.13482615,0.06698913,0.006204833,0.016522393,0.002046208,0.06111249,0.04785333,0.007911406,0.008580232,0.007946508,0.0515417,0.000340238,0.5,0.002271725,0.10975285,0.5,0
1510,NODE21_processed_png/c1999.png,0.040095445,0.06252267,0.17923822,0.06201678,0.016473595,0.009897649,0.002147791,0.05722424,0.074786924,0.009595075,0.009989923,0.004339332,0.041434955,3.4311106e-05,0.5,0.000991562,0.29733482,0.5,0
1511,NODE21_processed_png/c3519.png,0.024967141,0.044630628,0.16626558,0.017024038,0.009819653,0.002071877,0.002487227,0.020880016,0.03992092,0.006085296,0.003354187,0.005859733,0.025497466,6.070609e-05,0.5,0.00092444,0.054767348,0.5,0
1512,NODE21_processed_png/c2359.png,0.022273283,0.08751533,0.20909947,0.047368508,0.008003317,0.003033231,0.004140742,0.052005,0.05993481,0.005263716,0.008598463,0.005403219,0.012453029,1.7940734e-05,0.5,0.000393051,0.09785985,0.5,0
1513,NODE21_processed_png/c2388.png,0.06483029,0.070736304,0.16131693,0.0897506,0.018079324,0.007320724,0.000853492,0.057183392,0.04799479,0.008062922,0.006104189,0.008137898,0.074317895,2.482803e-05,0.5,0.00194199,0.115996756,0.5,0
1514,NODE21_processed_png/c1948.png,0.05839213,0.061046116,0.21704455,0.17086278,0.050099637,0.025861925,0.01862376,0.07801543,0.09523466,0.022290234,0.016795615,0.01655607,0.06593639,0.000360871,0.5,0.003249698,0.21456711,0.5,0
1515,NODE21_processed_png/c1817.png,0.024525255,0.0545968,0.24396892,0.0676189,0.046618707,0.005996819,0.004411715,0.044931494,0.13512756,0.007553178,0.010848738,0.008219288,0.018604105,5.7474732e-05,0.5,0.000581866,0.4390475,0.5,0
1516,NODE21_processed_png/c1465.png,0.035285566,0.09478499,0.22861345,0.07239887,0.033027776,0.005579728,0.006565169,0.10713643,0.077913076,0.009047161,0.011025401,0.012241264,0.023917777,1.8750714e-05,0.5,0.000569319,0.27559775,0.5,0
1517,NODE21_processed_png/c0582.png,0.12773086,0.031569667,0.104082435,0.03642167,0.004731773,0.021408353,0.002701473,0.08306815,0.021959614,0.026425468,0.030696318,0.009535733,0.046102144,0.001707442,0.5,0.011176774,0.052243005,0.5,0
1518,NODE21_processed_png/c0225.png,0.053295717,0.078940414,0.2470099,0.07078221,0.058976244,0.008537179,0.002493869,0.09204885,0.1096049,0.009478365,0.010162927,0.010039149,0.02692982,0.000308286,0.5,0.002984107,0.30383158,0.5,0
1519,NODE21_processed_png/c3497.png,0.014090549,0.06601237,0.2037398,0.06478451,0.05961614,0.01844974,0.010063777,0.02636945,0.10381466,0.0130673,0.003760746,0.012329075,0.036088787,4.634022e-05,0.5,0.001101482,0.28599772,0.5,0
1520,NODE21_processed_png/c3330.png,0.03806781,0.098645635,0.21831395,0.20745826,0.029765958,0.011011513,0.003116148,0.09240774,0.11668702,0.011149003,0.012143116,0.009134306,0.033437517,2.6876696e-05,0.5,0.00100873,0.3380559,0.5,0
1521,NODE21_processed_png/c2570.png,0.052512493,0.042416733,0.17326339,0.07846735,0.012933079,0.009504127,0.002500082,0.043152563,0.054600865,0.011206372,0.009496097,0.006387594,0.05183935,0.00019316,0.5,0.000912101,0.15357691,0.5,0
1522,NODE21_processed_png/n0592.png,0.050731488,0.10388814,0.24261235,0.12181598,0.07094759,0.021515552,0.014842735,0.07091167,0.14506316,0.014381797,0.009827236,0.022970404,0.039646633,0.000186803,0.5,0.002851739,0.38117597,0.5,1
1523,NODE21_processed_png/n0235.png,0.039101373,0.058567658,0.15778254,0.23750569,0.026763082,0.04595489,0.007385964,0.06514534,0.05399164,0.015380139,0.014821843,0.013459162,0.04033129,0.000245496,0.5,0.003345205,0.12728211,0.5,1
1524,NODE21_processed_png/c0644.png,0.046916097,0.06859051,0.22561851,0.047973692,0.03965701,0.006395853,0.00342295,0.09984044,0.11232663,0.01199594,0.012092292,0.013264185,0.026034983,0.000101552,0.5,0.002363581,0.4279458,0.5,0
1525,NODE21_processed_png/c1004.png,0.019298067,0.07268332,0.2047417,0.05013083,0.005580301,0.006492665,0.005843858,0.049768075,0.057205092,0.021844639,0.010482455,0.004518226,0.022128794,4.465406e-06,0.5,0.000395579,0.12796977,0.5,0
1526,NODE21_processed_png/c2111.png,0.059973273,0.033829786,0.14890584,0.06339369,0.020755598,0.017124258,0.005909022,0.05805602,0.0696163,0.017409753,0.030971345,0.011655851,0.036026724,0.000682662,0.5,0.006283026,0.29802948,0.5,0
1527,NODE21_processed_png/c3751.png,0.031727802,0.076647714,0.20436478,0.12567684,0.031958256,0.012136614,0.002221438,0.07104018,0.05834154,0.005777404,0.004752114,0.00904098,0.05097467,1.9848265e-05,0.5,0.000783006,0.08614307,0.5,0
1528,NODE21_processed_png/c3027.png,0.0512321,0.043893985,0.10829285,0.04243736,0.003041315,0.02401027,0.00107813,0.08100958,0.021503208,0.013312726,0.02042015,0.008700325,0.044076975,0.000165788,0.5,0.002797446,0.053187363,0.5,0
1529,NODE21_processed_png/c3780.png,0.055290185,0.1055784,0.225698,0.069982626,0.043464735,0.004759132,0.003086065,0.11114575,0.1892625,0.005520572,0.011090134,0.011623308,0.02276949,5.563215e-05,0.5,0.002531412,0.6551415,0.5,0
1530,NODE21_processed_png/c2667.png,0.032847293,0.09565354,0.16300237,0.05331372,0.03230817,0.00660377,0.003062367,0.119596295,0.11285745,0.009042052,0.011077399,0.007909685,0.02721502,9.114531e-06,0.5,0.000635608,0.6388056,0.5,0
1531,NODE21_processed_png/c1772.png,0.06434045,0.06377556,0.18239254,0.1566971,0.022967035,0.03716582,0.002464334,0.04848732,0.052393056,0.010177625,0.006780027,0.014263605,0.05585993,0.000396612,0.5,0.006840782,0.042480886,0.5,0
1532,NODE21_processed_png/c0132.png,0.020383371,0.103521995,0.20372128,0.06100737,0.01603656,0.009502987,0.003522233,0.043556668,0.094780214,0.007256388,0.004830284,0.011022094,0.026467508,2.3782455e-05,0.5,0.000879149,0.33599445,0.5,0
1533,NODE21_processed_png/n0931.png,0.062384088,0.124287,0.19291645,0.13974346,0.015629372,0.08056106,0.002243856,0.104106024,0.09628051,0.014221612,0.004770065,0.012817085,0.06511748,0.000185458,0.5,0.003635339,0.27467158,0.5,1
1534,NODE21_processed_png/n0543.png,0.03677599,0.09237063,0.21583873,0.1056946,0.047792148,0.00878392,0.005972589,0.06730075,0.120132476,0.008881648,0.019628245,0.009489672,0.025628442,9.610305e-05,0.5,0.001112333,0.3452246,0.5,1
1535,NODE21_processed_png/c0695.png,0.016344644,0.06767781,0.18571714,0.0444962,0.017859839,0.022507355,0.002946272,0.015057657,0.06794568,0.003145921,0.004427401,0.005086669,0.019213105,2.3763278e-05,0.5,0.000420775,0.18166314,0.5,0
1536,NODE21_processed_png/c2206.png,0.0428212,0.09041982,0.2073291,0.11456796,0.039242707,0.014060674,0.011441083,0.044771153,0.1301945,0.014399222,0.008239927,0.011318958,0.054556306,0.000325018,0.5,0.001638292,0.17177153,0.5,0
1537,NODE21_processed_png/c3446.png,0.054901954,0.07567816,0.20115939,0.050370075,0.026161034,0.006673977,0.004313365,0.074370764,0.07288008,0.008796966,0.018968761,0.01088518,0.028005848,0.000605029,0.5,0.003508568,0.21604207,0.5,0
1538,NODE21_processed_png/c3834.png,0.06655187,0.047128536,0.17642212,0.05815615,0.012238586,0.006933911,0.003682636,0.072418325,0.055874042,0.008114229,0.015062101,0.007351167,0.035901975,1.9521905e-05,0.5,0.000857562,0.28399566,0.5,0
1539,NODE21_processed_png/c0921.png,0.044390935,0.040067885,0.16142084,0.025721539,0.007762591,0.007484624,0.003935901,0.028502258,0.045841638,0.009734332,0.007340172,0.009573024,0.02822754,0.000141144,0.5,0.003876941,0.1385241,0.5,0
1540,NODE21_processed_png/c0553.png,0.04187824,0.08908733,0.19059837,0.07911827,0.022861095,0.018851947,0.002984431,0.105615415,0.084823556,0.008450772,0.005414758,0.00696326,0.028554417,1.0021043e-05,0.5,0.001143954,0.41151148,0.5,0
1541,NODE21_processed_png/n0122.png,0.035304036,0.10438721,0.1969502,0.19359022,0.051632386,0.020286608,0.003182785,0.054903705,0.1477013,0.008725101,0.007173132,0.01607901,0.032658026,0.000130535,0.5,0.001181319,0.70969236,0.5,1
1542,NODE21_processed_png/n0685.png,0.03290924,0.1297762,0.2507736,0.17996763,0.046036284,0.011171745,0.002645284,0.13155176,0.19441493,0.020550812,0.002145167,0.014127091,0.047686327,3.7828424e-05,0.5,0.002042131,0.8199398,0.5,1
1543,NODE21_processed_png/c1313.png,0.0450882,0.04308335,0.11480227,0.0926084,0.010535358,0.030466467,0.001154453,0.037335154,0.021926774,0.008813952,0.006579925,0.006610033,0.04469979,0.000487052,0.5,0.006295756,0.03662154,0.5,0
1544,NODE21_processed_png/n0869.png,0.04833746,0.09528576,0.27190182,0.105713494,0.08375699,0.021471199,0.007594994,0.07241012,0.16420971,0.010303468,0.005703336,0.015107303,0.04814329,0.000125918,0.5,0.003631797,0.36683345,0.5,1
1545,NODE21_processed_png/c2098.png,0.09747086,0.044390637,0.18448247,0.03396144,0.008471967,0.015861621,0.000703124,0.09303282,0.0957933,0.008618096,0.018354185,0.006062746,0.027900947,3.257845e-05,0.5,0.002056172,0.49067214,0.5,0
1546,NODE21_processed_png/c0879.png,0.03668298,0.07708554,0.21595196,0.13440487,0.053643003,0.02518111,0.005338911,0.044604115,0.13759454,0.012816279,0.00398545,0.013448216,0.050989162,5.877667e-05,0.5,0.002550841,0.45793754,0.5,0
1547,NODE21_processed_png/c3268.png,0.062519886,0.052183326,0.15679587,0.12150538,0.010986119,0.116340615,0.002306392,0.04844564,0.029584525,0.010940272,0.007300849,0.008152897,0.04556686,9.957132e-05,0.5,0.003064759,0.070451505,0.5,0
1548,NODE21_processed_png/c2428.png,0.119494475,0.05560317,0.13884363,0.029064454,0.011335608,0.011201534,0.002700343,0.0536582,0.05741216,0.008242178,0.012101665,0.011178643,0.067091614,0.000396782,0.5,0.004642511,0.44150513,0.5,0
1549,NODE21_processed_png/c2049.png,0.024651632,0.06762188,0.18556148,0.11926421,0.0275008,0.04934036,0.014220205,0.03704207,0.05153406,0.010041526,0.003117491,0.018521985,0.02730207,9.887692e-05,0.5,0.001881636,0.044900488,0.5,0
1550,NODE21_processed_png/c3609.png,0.03069013,0.06571989,0.22458501,0.124453746,0.0538264,0.010711812,0.00567035,0.034441624,0.14610597,0.011500727,0.011693529,0.010754842,0.021534348,9.2413815e-05,0.5,0.001254277,0.47786152,0.5,0
1551,NODE21_processed_png/c1419.png,0.034140892,0.069233514,0.1960463,0.0313758,0.015201189,0.010664405,0.002885217,0.05527986,0.051603917,0.007517351,0.015913192,0.005667734,0.0417849,1.2052735e-05,0.5,0.000540204,0.11038105,0.5,0
1552,NODE21_processed_png/n1068.png,0.04573674,0.054694653,0.18899004,0.12706225,0.023451539,0.03874348,0.011791442,0.03592668,0.08052944,0.012457673,0.026670057,0.012882191,0.029955946,0.000260532,0.5,0.001528615,0.28590828,0.5,1
1553,NODE21_processed_png/n0628.png,0.044672392,0.045969162,0.16792013,0.08293759,0.023886664,0.02477626,0.010419779,0.039914593,0.03639459,0.013646975,0.012930349,0.013331274,0.041585874,0.00073963,0.5,0.003976014,0.044325907,0.5,1
1554,NODE21_processed_png/c0259.png,0.026722701,0.056019325,0.19042033,0.09646842,0.03250974,0.01911959,0.009423517,0.050269313,0.110012315,0.015491678,0.009436244,0.010537284,0.028515592,2.7503891e-05,0.5,0.001076234,0.40026447,0.5,0
1555,NODE21_processed_png/n0249.png,0.04566303,0.053118553,0.19873431,0.056881014,0.033531595,0.016344277,0.003224261,0.058321062,0.08206355,0.009107514,0.024226855,0.009414394,0.029360784,0.000146101,0.5,0.002869112,0.19231166,0.5,1
1556,NODE21_processed_png/c0638.png,0.031320997,0.02728048,0.12480634,0.08024144,0.010156626,0.043485384,0.002945189,0.04793558,0.023494085,0.007377815,0.009055443,0.007133945,0.014099319,0.000326221,0.5,0.002407959,0.022272097,0.5,0
1557,NODE21_processed_png/c1078.png,0.07893923,0.08025224,0.1534771,0.07922939,0.006052385,0.022938976,0.000869322,0.08806225,0.041469924,0.008429118,0.00358374,0.005457304,0.03830256,1.07651795e-05,0.5,0.002035362,0.10798871,0.5,0
1558,NODE21_processed_png/n0298.png,0.04683097,0.081808746,0.21018417,0.0298944,0.017050074,0.006940162,0.001450347,0.047654252,0.09792272,0.008872093,0.003805925,0.008821651,0.041909084,3.33804e-05,0.5,0.002202568,0.32856798,0.5,1
1559,NODE21_processed_png/c0288.png,0.045201045,0.061611883,0.16675588,0.06141844,0.011936788,0.020042494,0.004494831,0.08715869,0.045792393,0.008804033,0.015235854,0.007331245,0.024079567,5.031449e-05,0.5,0.001811409,0.09780346,0.5,0
1560,NODE21_processed_png/c3848.png,0.017670076,0.11155905,0.20444638,0.076957226,0.034892544,0.011195399,0.002892745,0.038454693,0.14607532,0.008315921,0.013295285,0.011979547,0.01623417,9.041308e-06,0.5,0.000204881,0.59912026,0.5,0
1561,NODE21_processed_png/c3103.png,0.025382025,0.062980875,0.20345747,0.065813676,0.034835357,0.006626182,0.005015842,0.030363347,0.091519676,0.007342605,0.007678494,0.012237024,0.038502,9.907739e-05,0.5,0.001497386,0.48191875,0.5,0
1562,NODE21_processed_png/c2743.png,0.06380535,0.073436335,0.19645527,0.05300796,0.044201657,0.005214687,0.005808411,0.062381748,0.09518722,0.008549062,0.019488852,0.011884722,0.04911419,0.000865357,0.5,0.002974722,0.41134223,0.5,0
1563,NODE21_processed_png/c1656.png,0.07750899,0.0338944,0.1345762,0.03057459,0.005046855,0.009367934,0.001600247,0.112692885,0.045058336,0.014991489,0.021580111,0.007404062,0.031980824,0.000107719,0.5,0.002555137,0.16613407,0.5,0
1564,NODE21_processed_png/c2485.png,0.110680796,0.052536603,0.18349624,0.09075307,0.019757949,0.027634202,0.004426117,0.03875372,0.07539434,0.007631763,0.012358908,0.008607877,0.03504223,0.000198734,0.5,0.003146812,0.26813442,0.5,0
1565,NODE21_processed_png/c2322.png,0.04377073,0.07915585,0.18389177,0.06752984,0.022410195,0.014601242,0.003891395,0.089954816,0.06240959,0.008762519,0.012544919,0.009702508,0.029174933,9.703366e-05,0.5,0.002201866,0.32484564,0.5,0
1566,NODE21_processed_png/c3562.png,0.0454435,0.0887868,0.20071739,0.05059626,0.020503389,0.004725145,0.002002021,0.11424943,0.14153041,0.006687209,0.008152951,0.005954429,0.023804145,1.0160723e-05,0.5,0.000778617,0.59886634,0.5,0
1567,NODE21_processed_png/c0477.png,0.0325851,0.07997147,0.18746017,0.07485096,0.030198326,0.007247172,0.009893829,0.08755662,0.13668786,0.00870716,0.034445867,0.010953905,0.01592106,3.1786552e-05,0.5,0.000887112,0.64103657,0.5,0
1568,NODE21_processed_png/c0805.png,0.04524424,0.06063244,0.14621182,0.039759338,0.008377784,0.008194395,0.001401796,0.040812396,0.0469742,0.005526298,0.003264254,0.010160287,0.03552116,0.000105851,0.5,0.003469927,0.14889152,0.5,0
1569,NODE21_processed_png/n0006.png,0.035434265,0.1768652,0.27207795,0.03332959,0.07952763,0.025198326,0.001829038,0.07785353,0.27705714,0.005093161,0.032968648,0.01412853,0.029834112,1.1007137e-05,0.5,0.001594476,0.92124534,0.5,1
1570,NODE21_processed_png/c1590.png,0.057418793,0.06210038,0.17594469,0.10679243,0.0288084,0.015249626,0.008387836,0.088089004,0.07827387,0.01242793,0.019286655,0.01296676,0.026020665,0.000182936,0.5,0.001863964,0.34940332,0.5,0
1571,NODE21_processed_png/c1237.png,0.053185713,0.039746366,0.17984395,0.028811716,0.017779037,0.006414236,0.002290774,0.11248711,0.05196662,0.009515971,0.024865817,0.006951515,0.026523825,0.000579725,0.5,0.002416395,0.067423776,0.5,0
1572,NODE21_processed_png/c1541.png,0.04448032,0.15023951,0.24736457,0.0770256,0.058253355,0.009971809,0.003668555,0.09548333,0.1294232,0.005892587,0.007869278,0.009775335,0.049978737,2.1651353e-05,0.5,0.001007192,0.3561002,0.5,0
1573,NODE21_processed_png/c1933.png,0.051573228,0.060520206,0.25211397,0.20844346,0.058522105,0.02942342,0.009823522,0.04791972,0.13351566,0.013114808,0.00759256,0.016735038,0.053421345,3.7537702e-05,0.5,0.002535128,0.30599785,0.5,0
1574,NODE21_processed_png/c0301.png,0.0591531,0.021361355,0.094025366,0.02472295,0.001928089,0.008733731,0.002038813,0.03776398,0.014565382,0.008028838,0.026634257,0.00495053,0.016549291,0.000928436,0.5,0.001636205,0.016585246,0.5,0
1575,NODE21_processed_png/c3214.png,0.03205579,0.11716137,0.20312671,0.06304568,0.048579928,0.006803937,0.00220536,0.09519087,0.16214658,0.006548449,0.009308007,0.011971965,0.04530204,2.5669275e-05,0.5,0.000861122,0.85155857,0.5,0
1576,NODE21_processed_png/c2826.png,0.09451314,0.032156263,0.15882936,0.07075502,0.005446449,0.010059905,0.004575312,0.13322636,0.038998153,0.020737212,0.02651612,0.005861528,0.028047662,9.667964e-05,0.5,0.001127523,0.05909358,0.5,0
1577,NODE21_processed_png/c2454.png,0.014011322,0.06106225,0.20246384,0.08292253,0.024126977,0.007181481,0.003350447,0.029320434,0.098035574,0.008103301,0.002168639,0.007512522,0.021682978,8.112532e-06,0.5,0.000578007,0.41381574,0.5,0
1578,NODE21_processed_png/n0311.png,0.08455338,0.0954453,0.20324528,0.116313286,0.048938047,0.020124292,0.003659761,0.12615825,0.120271124,0.011479673,0.06017103,0.011052284,0.033686657,0.00016186,0.5,0.007022415,0.55593145,0.5,1
1579,NODE21_processed_png/c0760.png,0.03635116,0.049166374,0.19835238,0.027511263,0.02439989,0.012631322,0.001578758,0.05099774,0.06936301,0.009294468,0.005616684,0.010924005,0.053344447,7.723922e-05,0.5,0.00570898,0.19958723,0.5,0
1580,NODE21_processed_png/c1120.png,0.034656145,0.068803705,0.18838057,0.059797827,0.021576237,0.010705058,0.003575962,0.025910446,0.1319025,0.006389097,0.007656184,0.007464713,0.02837256,1.7426417e-05,0.5,0.000861752,0.42534018,0.5,0
1581,NODE21_processed_png/c1687.png,0.023536006,0.026600508,0.13445593,0.030539244,0.015165479,0.008795776,0.002856409,0.04898992,0.023300325,0.014065837,0.01241403,0.006158356,0.032115757,0.000166284,0.5,0.002034498,0.018404666,0.5,0
1582,NODE21_processed_png/c2035.png,0.05509173,0.037913434,0.15093093,0.09684819,0.008055753,0.017017419,0.00909442,0.06652045,0.041633606,0.02683445,0.007998428,0.012103724,0.045746196,0.000248574,0.5,0.003836699,0.09506453,0.5,0
1583,NODE21_processed_png/c2792.png,0.051049635,0.06417556,0.17975947,0.0280296,0.020061864,0.018047474,0.002599243,0.10494947,0.040146925,0.005542981,0.013027771,0.005849177,0.017473541,5.6890985e-05,0.5,0.001482847,0.14088991,0.5,0
1584,NODE21_processed_png/c3675.png,0.03937105,0.095869,0.26283407,0.08812174,0.08570343,0.010792652,0.009530713,0.113054566,0.13343832,0.01084751,0.024026223,0.010571726,0.02387942,0.000125087,0.5,0.001944633,0.34389043,0.5,0
1585,NODE21_processed_png/c3279.png,0.06165743,0.070107006,0.1890295,0.05498184,0.03955442,0.007572013,0.005445428,0.110080376,0.08701282,0.010710604,0.039076354,0.008954231,0.035147805,8.994997e-05,0.5,0.001873946,0.27438805,0.5,0
1586,NODE21_processed_png/c2439.png,0.038712293,0.052623834,0.17610292,0.044198785,0.023672402,0.01560015,0.004795648,0.044806708,0.068133354,0.013079578,0.023911878,0.00743676,0.035629977,7.477139e-05,0.5,0.002261786,0.22657093,0.5,0
1587,NODE21_processed_png/c2058.png,0.05435004,0.03972064,0.20939045,0.021033956,0.03904287,0.005462481,0.000466011,0.061394326,0.072735555,0.005413065,0.02548887,0.006217139,0.023048263,5.9511847e-05,0.5,0.002973682,0.14227234,0.5,0
1588,NODE21_processed_png/c3618.png,0.044497054,0.052434154,0.1536954,0.034114383,0.003658484,0.011350735,0.001444997,0.039177947,0.033737235,0.00531301,0.002965682,0.005996184,0.02341461,2.2867243e-05,0.5,0.001416951,0.12601705,0.5,0
1589,NODE21_processed_png/c2089.png,0.04964079,0.05202158,0.18391778,0.16834457,0.036472116,0.045555413,0.008221555,0.04221412,0.07327772,0.015429772,0.010973204,0.013151377,0.07051884,0.00013075,0.5,0.003236827,0.16555314,0.5,0
1590,NODE21_processed_png/n0878.png,0.05631614,0.093865074,0.22554246,0.113613546,0.04798215,0.023734638,0.008356292,0.077764265,0.12389903,0.009231135,0.017538177,0.015909659,0.041627135,0.000360427,0.5,0.002158919,0.2966606,0.5,1
1591,NODE21_processed_png/c0868.png,0.047687817,0.04863598,0.229546,0.039847404,0.03875381,0.007027059,0.002507537,0.082871266,0.098901264,0.009056783,0.020670995,0.007226202,0.024434231,0.00029006,0.5,0.003773392,0.18284015,0.5,0
1592,NODE21_processed_png/c1763.png,0.060364146,0.06095148,0.20258771,0.11273,0.023314739,0.02248365,0.010639957,0.091920696,0.04117033,0.024752803,0.017956974,0.017048871,0.0430706,0.000199789,0.5,0.004385955,0.030507548,0.5,0
1593,NODE21_processed_png/c0684.png,0.037169132,0.12852688,0.23181172,0.043095976,0.041296974,0.013737799,0.000999411,0.097207546,0.14602387,0.004206284,0.005114067,0.006501953,0.041762434,1.0120106e-05,0.5,0.000554909,0.45004237,0.5,0
1594,NODE21_processed_png/c0123.png,0.05095003,0.08356781,0.23982967,0.096274056,0.037336227,0.010238417,0.005217198,0.08257936,0.110331476,0.021292407,0.012877752,0.011964209,0.058088224,0.000112094,0.5,0.003906667,0.2603512,0.5,0
1595,NODE21_processed_png/n0552.png,0.07225624,0.03703706,0.17607611,0.04802222,0.01961269,0.04701149,0.00612178,0.056657612,0.03075454,0.012828566,0.015831009,0.024792144,0.08127013,0.000464084,0.5,0.004071938,0.035532713,0.5,1
1596,NODE21_processed_png/n0920.png,0.029703578,0.08672577,0.2335061,0.063961424,0.040070157,0.009195845,0.007330288,0.06367463,0.127803,0.007256762,0.013657129,0.017043065,0.021450272,0.00014017,0.5,0.002042876,0.34614196,0.5,1
1597,NODE21_processed_png/c3791.png,0.050374452,0.0704934,0.17126943,0.091944054,0.009745817,0.07003941,0.00337906,0.06740719,0.045543946,0.010168336,0.006339174,0.006821481,0.027066965,9.484658e-05,0.5,0.004117158,0.12853812,0.5,0
1598,NODE21_processed_png/c3036.png,0.03984404,0.058936153,0.18681003,0.065284826,0.029017169,0.015171905,0.00370652,0.06260049,0.06414061,0.016878841,0.012608342,0.012784692,0.04154145,5.5299082e-05,0.5,0.002594093,0.08710142,0.5,0
1599,NODE21_processed_png/c2676.png,0.03293261,0.031077323,0.12672025,0.044847973,0.008685194,0.015454721,0.001956618,0.044206165,0.029972102,0.0119317,0.010509248,0.007478511,0.049460944,0.000144815,0.5,0.002670349,0.18390004,0.5,0
1600,NODE21_processed_png/n0694.png,0.04440332,0.050545193,0.22920582,0.058542415,0.10714801,0.009304237,0.002919484,0.03476744,0.1480677,0.005998361,0.02991293,0.046747997,0.083920814,0.000122929,0.5,0.003307032,0.33136046,0.5,1
1601,NODE21_processed_png/c0542.png,0.048060615,0.05731222,0.18916267,0.021445757,0.019237515,0.005591916,0.001662923,0.052736178,0.06001561,0.00710054,0.011486323,0.00631544,0.026359778,5.8874277e-05,0.5,0.004262879,0.15252832,0.5,0
1602,NODE21_processed_png/c0930.png,0.036054824,0.069259025,0.18781313,0.2618237,0.030709123,0.04971294,0.005860037,0.05914053,0.06945964,0.012139587,0.005632399,0.014943929,0.04645923,0.00013535,0.5,0.003144246,0.14353725,0.5,0
1603,NODE21_processed_png/c1302.png,0.07339176,0.05147863,0.20888174,0.02257154,0.028886676,0.005613588,0.001871938,0.120702974,0.08583161,0.010448596,0.038176764,0.007072981,0.035971645,0.00033699,0.5,0.003177826,0.20023106,0.5,0
1604,NODE21_processed_png/c2217.png,0.04391123,0.06601485,0.20534503,0.04408717,0.048852134,0.002587688,0.002101987,0.06446323,0.10306526,0.007115137,0.02268953,0.009625518,0.028721228,0.00016121,0.5,0.001592376,0.21575333,0.5,0
1605,NODE21_processed_png/c3825.png,0.05828016,0.04905654,0.20025109,0.07268332,0.025337152,0.020946646,0.001946729,0.0846874,0.07823612,0.009324026,0.016857985,0.00925387,0.035004552,0.000102439,0.5,0.00261382,0.22026633,0.5,0
1606,NODE21_processed_png/c3457.png,0.029535381,0.044905152,0.2019512,0.029396847,0.025161415,0.005594125,0.001667519,0.07906999,0.06777632,0.006685144,0.010298113,0.006757499,0.016845945,9.054897e-06,0.5,0.001201883,0.1086889,0.5,0
1607,NODE21_processed_png/c3321.png,0.0737174,0.06097859,0.15720543,0.17624916,0.002856048,0.050287794,0.010108474,0.054032665,0.050223157,0.012084966,0.004301364,0.01519559,0.032781202,0.000150363,0.5,0.004383599,0.11610367,0.5,0
1608,NODE21_processed_png/c3486.png,0.045449656,0.03280282,0.11912404,0.033310935,0.008118524,0.006180414,0.007484337,0.03217436,0.02468182,0.007974167,0.030358987,0.004898903,0.023443306,0.000100709,0.5,0.000815239,0.020504992,0.5,0
1609,NODE21_processed_png/c2913.png,0.0398947,0.06059707,0.24610323,0.070488274,0.042985827,0.010002104,0.003841058,0.09467503,0.11440846,0.015534444,0.024188988,0.011028882,0.026330005,9.101825e-05,0.5,0.001520107,0.24465437,0.5,0
1610,NODE21_processed_png/c2561.png,0.04110789,0.07016731,0.16732638,0.06832721,0.022130515,0.006682292,0.005497239,0.05185981,0.08651682,0.012742654,0.009487889,0.008396388,0.027299363,4.4275286e-05,0.5,0.000981015,0.28514698,0.5,0
1611,NODE21_processed_png/c1806.png,0.019979255,0.05158578,0.16915777,0.09409289,0.031210894,0.013382895,0.008485362,0.02957174,0.0848475,0.015983261,0.012119724,0.008763908,0.04337813,4.0788447e-05,0.5,0.001203326,0.20349717,0.5,0
1612,NODE21_processed_png/n1005.png,0.055519797,0.06377354,0.20787159,0.10287151,0.04358477,0.021371199,0.007768094,0.047152624,0.094134144,0.010958441,0.009356764,0.014636166,0.061904393,0.000412302,0.5,0.003285084,0.27909747,0.5,1
1613,NODE21_processed_png/c0234.png,0.049189854,0.070545405,0.15819918,0.10112647,0.020916797,0.016701125,0.003873825,0.07255757,0.044961628,0.023990562,0.004217045,0.007657983,0.08761963,7.09325e-05,0.5,0.003440113,0.067941986,0.5,0
1614,NODE21_processed_png/c0593.png,0.040873352,0.10575162,0.2521153,0.11620219,0.045448978,0.022365026,0.005982125,0.08908822,0.09583984,0.011413232,0.010535787,0.010266329,0.048089318,2.994674e-05,0.5,0.001990462,0.15579309,0.5,0
1615,NODE21_processed_png/c2100.png,0.03209023,0.092408046,0.16773735,0.122533835,0.026190156,0.008757209,0.002400917,0.10015109,0.123162895,0.008798829,0.004860905,0.010694118,0.025489481,3.3602984e-05,0.5,0.00134626,0.5272886,0.5,0
1616,NODE21_processed_png/c3740.png,0.039714456,0.04620294,0.16178782,0.1477607,0.009728323,0.03472678,0.003997807,0.016489618,0.055208743,0.009514389,0.001076752,0.007476314,0.074123204,2.0536874e-05,0.5,0.002201996,0.12475944,0.5,0
1617,NODE21_processed_png/n0224.png,0.06322083,0.08325327,0.21552485,0.051713508,0.04259249,0.007470938,0.003481676,0.11869977,0.06589113,0.014824185,0.07953304,0.008009376,0.033793196,0.000266353,0.5,0.004077042,0.08038021,0.5,1
1618,NODE21_processed_png/c0655.png,0.051599246,0.05359336,0.17541078,0.052486982,0.01955025,0.012141588,0.006728984,0.03836862,0.06215849,0.009388056,0.015170685,0.011137883,0.033049494,0.000535736,0.5,0.003541637,0.08965704,0.5,0
1619,NODE21_processed_png/n0583.png,0.03627078,0.08344531,0.24114008,0.09910567,0.024538005,0.019407593,0.00261667,0.042791285,0.09613309,0.007092797,0.002075014,0.006898582,0.041360855,1.6562451e-05,0.5,0.001156919,0.14665158,0.5,1
1620,NODE21_processed_png/c1015.png,0.031473283,0.09703331,0.19702147,0.16446091,0.024262289,0.008967876,0.003939047,0.051817473,0.13274519,0.014746227,0.003922512,0.01213923,0.048863724,6.228066e-06,0.5,0.000436716,0.54347,0.5,0
1621,NODE21_processed_png/c3205.png,0.0603334,0.060623012,0.22982094,0.058982912,0.036100775,0.013450361,0.003559992,0.07537279,0.10356243,0.011451175,0.018655341,0.017217688,0.049691163,0.000368014,0.5,0.00646857,0.2778982,0.5,0
1622,NODE21_processed_png/c2445.png,0.031683914,0.06554561,0.21079844,0.07543688,0.064102985,0.005633521,0.003441729,0.07129779,0.15573491,0.009998078,0.031145245,0.01113393,0.019349981,0.000105184,0.5,0.001832666,0.5474957,0.5,0
1623,NODE21_processed_png/c2837.png,0.062572025,0.025795031,0.13098979,0.10304544,0.001926979,0.048989624,0.005397832,0.040135317,0.021166563,0.011143742,0.012256718,0.012401069,0.042968508,0.000316623,0.5,0.001996264,0.011554108,0.5,0
1624,NODE21_processed_png/c1922.png,0.05527288,0.061020814,0.18806711,0.06326877,0.02241757,0.015026963,0.00169326,0.07022054,0.0700495,0.007726288,0.009221146,0.007287222,0.03378346,7.076495e-05,0.5,0.003055978,0.20121887,0.5,0
1625,NODE21_processed_png/c1550.png,0.026911162,0.048050445,0.14866139,0.020590255,0.008626423,0.003199221,0.000675884,0.027796123,0.039832655,0.006884088,0.00409467,0.006191482,0.032048896,5.621879e-05,0.5,0.001059782,0.07747786,0.5,0
1626,NODE21_processed_png/c0310.png,0.07096706,0.054884076,0.13113235,0.04830398,0.004575156,0.018568013,0.001438727,0.067289054,0.028570214,0.007373752,0.005664983,0.007480685,0.031263486,0.000119681,0.5,0.003153085,0.051868577,0.5,0
1627,NODE21_processed_png/c2783.png,0.03349805,0.116339654,0.21792698,0.051307842,0.02313951,0.012580937,0.002006054,0.107097834,0.097698055,0.00726135,0.004268612,0.011969412,0.037082568,3.183223e-05,0.5,0.002353147,0.43601575,0.5,0
1628,NODE21_processed_png/c2024.png,0.07600963,0.065725125,0.19729388,0.04337427,0.030818256,0.008037785,0.001778048,0.05642212,0.07686416,0.007991876,0.022123344,0.009256913,0.047882076,0.000445013,0.5,0.006180668,0.16646734,0.5,0
1629,NODE21_processed_png/c3664.png,0.07087955,0.058293886,0.19119279,0.048907742,0.038185872,0.014553443,0.007648545,0.05223164,0.061040152,0.009784105,0.014117458,0.017922418,0.039215244,0.000740497,0.5,0.014838097,0.072947465,0.5,0
1630,NODE21_processed_png/n0300.png,0.04808462,0.087224245,0.22401896,0.20618948,0.043080267,0.017501347,0.004435008,0.12850107,0.10302383,0.012494778,0.013354142,0.013458028,0.038486928,0.000313327,0.5,0.003308192,0.16509166,0.5,1
1631,NODE21_processed_png/c0771.png,0.05024517,0.044458047,0.20488788,0.026966715,0.02389675,0.00526637,0.001100307,0.060989648,0.06489269,0.009104159,0.017558511,0.00673006,0.039900105,0.000163998,0.5,0.002618506,0.09782964,0.5,0
1632,NODE21_processed_png/c1696.png,0.04299402,0.059702653,0.2546343,0.0653249,0.078551225,0.004388764,0.004715588,0.06852025,0.11961572,0.008829352,0.01940529,0.009627818,0.021561464,0.00011357,0.5,0.001082243,0.24578136,0.5,0
1633,NODE21_processed_png/c1131.png,0.03539878,0.10059288,0.30448067,0.17318375,0.074021555,0.018170772,0.005981217,0.048985537,0.1358787,0.010056717,0.002566157,0.017086279,0.06091106,6.8608824e-05,0.5,0.001374301,0.30121368,0.5,0
1634,NODE21_processed_png/c1647.png,0.03180051,0.024155878,0.12364204,0.023253178,0.00586061,0.007790627,0.002012715,0.023599101,0.027072007,0.004830074,0.011370861,0.003947967,0.016218074,0.000142817,0.5,0.000638412,0.041075297,0.5,0
1635,NODE21_processed_png/c0007.png,0.061639506,0.041260947,0.18854144,0.033503387,0.012240385,0.007340644,0.002179063,0.09381594,0.057300046,0.008627908,0.016395086,0.005848684,0.020708632,0.000136926,0.5,0.002635772,0.14267786,0.5,0
1636,NODE21_processed_png/n0804.png,0.03839313,0.036785852,0.17834839,0.02528315,0.032395944,0.008606457,0.002185508,0.04347664,0.06265009,0.0102297,0.028276999,0.00551816,0.027555788,0.000105459,0.5,0.001584886,0.12327233,0.5,1
1637,NODE21_processed_png/n0476.png,0.031492732,0.068087436,0.23758037,0.05738199,0.06968542,0.005374615,0.003644071,0.07112058,0.060395353,0.009552773,0.009582588,0.009977362,0.0266085,4.6733865e-05,0.5,0.00081212,0.038112506,0.5,1
1638,NODE21_processed_png/c3112.png,0.090765245,0.052951314,0.23188919,0.05281347,0.06434537,0.012178875,0.000904938,0.108799286,0.113263674,0.005828809,0.022046162,0.009463292,0.03307264,0.000254524,0.5,0.00396653,0.14852725,0.5,0
1639,NODE21_processed_png/c2752.png,0.032268327,0.08491724,0.2071252,0.24561363,0.04019007,0.011196445,0.005996716,0.073127486,0.20038751,0.016470188,0.020381005,0.015998617,0.024378704,0.000111803,0.5,0.001462523,0.7796534,0.5,0
1640,NODE21_processed_png/c0814.png,0.025026921,0.077459484,0.15836252,0.10278345,0.010833629,0.012198594,0.004161486,0.023805667,0.05270954,0.006804085,0.002387425,0.008208742,0.047072813,8.850121e-06,0.5,0.001414,0.25534305,0.5,0
1641,NODE21_processed_png/c0466.png,0.055184323,0.0707147,0.2233339,0.029913502,0.03152859,0.003280976,0.001146061,0.17759605,0.099597596,0.006740317,0.007681974,0.0046416,0.022392055,1.0542788e-05,0.5,0.000776956,0.2563793,0.5,0
1642,NODE21_processed_png/c1581.png,0.068479344,0.13848825,0.21147944,0.07476805,0.03178996,0.023428638,0.006411336,0.09375163,0.10266304,0.007389812,0.005086032,0.017161883,0.041273993,5.1587238e-05,0.5,0.002485671,0.15206446,0.5,0
1643,NODE21_processed_png/c2333.png,0.051384132,0.035665907,0.13210076,0.046141565,0.006981218,0.017936904,0.003014915,0.04276006,0.029045442,0.011904212,0.00751949,0.009496795,0.046540897,0.00035717,0.5,0.004155868,0.0532344,0.5,0
1644,NODE21_processed_png/c2494.png,0.015712636,0.09162914,0.20221666,0.02078689,0.03342443,0.003741945,0.001995827,0.027847838,0.11162853,0.003674758,0.005517847,0.008782818,0.03439839,1.9212905e-06,0.5,0.000419607,0.29154834,0.5,0
1645,NODE21_processed_png/c3573.png,0.022096856,0.08570683,0.20903037,0.071992256,0.033434134,0.015605964,0.005572632,0.045803003,0.08413537,0.008708893,0.005477048,0.010325253,0.024010165,2.7798671e-05,0.5,0.00070659,0.21724768,0.5,0
1646,NODE21_processed_png/c3859.png,0.028903913,0.107646115,0.21128753,0.084734075,0.024460394,0.011185354,0.003769804,0.04551293,0.13075064,0.008302332,0.005606943,0.009738091,0.029158723,2.5289233e-05,0.5,0.001122873,0.4340262,0.5,0
1647,NODE21_processed_png/c0299.png,0.046731975,0.10682029,0.21723935,0.27232724,0.03884476,0.06983824,0.005618856,0.058292255,0.12697229,0.010889774,0.002311489,0.011161666,0.07743155,3.64711e-05,0.5,0.001750757,0.3984267,0.5,0
1648,NODE21_processed_png/c1408.png,0.062199373,0.04142207,0.17147979,0.04473768,0.010113911,0.012619001,0.002381374,0.03621443,0.062064048,0.006456706,0.008218126,0.006412988,0.028770167,5.9490056e-05,0.5,0.002401997,0.1441899,0.5,0
1649,NODE21_processed_png/n1079.png,0.04455689,0.099725336,0.20078526,0.06746277,0.026435906,0.009729278,0.007054149,0.07387309,0.17692198,0.012699275,0.007977482,0.010615491,0.039136108,3.1712607e-05,0.5,0.003058056,0.75530094,0.5,1
1650,NODE21_processed_png/n0639.png,0.042870563,0.062407702,0.19520904,0.041347984,0.0577183,0.005575237,0.004390922,0.07392834,0.09568262,0.012970151,0.020754145,0.01282506,0.04722402,0.000441236,0.5,0.004708056,0.51065445,0.5,1
1651,NODE21_processed_png/c0248.png,0.05456156,0.04700667,0.18808235,0.04030337,0.028543407,0.009953036,0.002317796,0.088144965,0.095882244,0.009130596,0.029038949,0.00558534,0.024523092,8.6622385e-05,0.5,0.001806596,0.27525148,0.5,0
1652,NODE21_processed_png/c3888.png,0.034734983,0.04481176,0.21912889,0.05126781,0.03143599,0.006601503,0.003224562,0.06583844,0.074093655,0.008201763,0.013969419,0.004043208,0.019142745,0.000100034,0.5,0.000598579,0.09743446,0.5,0
1653,NODE21_processed_png/n0258.png,0.03174365,0.099074244,0.28121462,0.123939455,0.053298566,0.04863566,0.005212498,0.061847523,0.10264414,0.007591456,0.006129561,0.011623034,0.033038493,0.000122591,0.5,0.001650006,0.13070978,0.5,1
1654,NODE21_processed_png/c0629.png,0.058354773,0.055249322,0.20139891,0.043126136,0.01991331,0.011386834,0.004902785,0.08110549,0.0886267,0.013067394,0.010445566,0.008421429,0.04026316,0.000101732,0.5,0.00408249,0.2835954,0.5,0
1655,NODE21_processed_png/c2830.png,0.019336145,0.06018804,0.18594775,0.0558066,0.041151468,0.003452301,0.006407287,0.026065996,0.09792548,0.007026658,0.008491546,0.009923451,0.023776764,3.160501e-05,0.5,0.000919509,0.37725806,0.5,0
1656,NODE21_processed_png/c2442.png,0.025833784,0.12277558,0.24626571,0.32481387,0.04888149,0.016173344,0.006882433,0.059642274,0.18675679,0.006404113,0.002263247,0.014865681,0.033113364,1.6207852e-05,0.5,0.000890807,0.60858107,0.5,0
1657,NODE21_processed_png/c3202.png,0.10092784,0.05087729,0.14721243,0.08392383,0.007453064,0.014885643,0.005646668,0.09586619,0.040113207,0.01532967,0.013318548,0.008004097,0.025697753,0.000163513,0.5,0.004083323,0.070164256,0.5,0
1658,NODE21_processed_png/c0317.png,0.043714847,0.060429152,0.18691227,0.049529094,0.020094726,0.014201529,0.002572456,0.05952836,0.060534947,0.007349485,0.0169958,0.005507517,0.028567115,2.2472444e-05,0.5,0.00080718,0.19377796,0.5,0
1659,NODE21_processed_png/c1557.png,0.05675334,0.052566126,0.1708427,0.14101218,0.010095631,0.06338305,0.004910943,0.04714172,0.036346253,0.007002422,0.004049156,0.008812161,0.043140978,0.000311879,0.5,0.005419873,0.04813927,0.5,0
1660,NODE21_processed_png/c1925.png,0.025711643,0.07311239,0.20433949,0.07689195,0.030306721,0.019317443,0.012526886,0.06375501,0.10078909,0.01688036,0.010604437,0.012934207,0.044361293,3.635498e-05,0.5,0.001338355,0.28065652,0.5,0
1661,NODE21_processed_png/c3663.png,0.05147039,0.064116456,0.20324652,0.059056096,0.016129097,0.011776665,0.005730888,0.07295475,0.0511828,0.014130138,0.006313236,0.009136681,0.053666785,0.000100727,0.5,0.00355298,0.13105232,0.5,0
1662,NODE21_processed_png/c2023.png,0.044961765,0.043509267,0.19290851,0.22871852,0.009863753,0.042820897,0.012196413,0.08104268,0.048281856,0.027869374,0.00652104,0.008682576,0.033649605,4.4195942e-05,0.5,0.001724343,0.12524997,0.5,0
1663,NODE21_processed_png/c2784.png,0.038754977,0.039040014,0.155682,0.044841707,0.02129515,0.018554717,0.002886376,0.034597345,0.08219203,0.008175341,0.010621959,0.007621534,0.033407893,3.4600755e-05,0.5,0.001563656,0.22601882,0.5,0
1664,NODE21_processed_png/c1136.png,0.057678055,0.031965904,0.13617942,0.20275809,0.003469844,0.18702546,0.006104129,0.022363637,0.027007328,0.017521912,0.0018562,0.011859052,0.08061187,3.6765337e-05,0.5,0.001969388,0.06484958,0.5,0
1665,NODE21_processed_png/c1691.png,0.026766393,0.065497026,0.21765223,0.059547525,0.074902624,0.004790486,0.003154366,0.05977175,0.11638969,0.007201204,0.019903505,0.009560294,0.016726078,0.000126117,0.5,0.002054829,0.36876395,0.5,0
1666,NODE21_processed_png/n0307.png,0.0484514,0.037532125,0.17069605,0.057674333,0.016202055,0.008479772,0.010036059,0.045400035,0.036698494,0.013373879,0.015618879,0.018872691,0.04156357,0.000741695,0.5,0.004286319,0.045264166,0.5,1
1667,NODE21_processed_png/c0776.png,0.024546487,0.042259272,0.17398809,0.035724018,0.01425993,0.005061372,0.003141322,0.033474088,0.061368436,0.005227885,0.018318169,0.005459762,0.022606779,6.0669052e-05,0.5,0.0008297,0.1204914,0.5,0
1668,NODE21_processed_png/n0803.png,0.07675897,0.1389705,0.21066783,0.040540747,0.040509347,0.002924734,0.002323018,0.11248595,0.15830635,0.006165957,0.042224333,0.012283144,0.027511781,0.000411257,0.5,0.003516078,0.66670066,0.5,1
1669,NODE21_processed_png/c1640.png,0.03492942,0.050742052,0.15031092,0.12665023,0.010237566,0.030123372,0.001632872,0.10250045,0.049692336,0.009470043,0.011015435,0.006065499,0.025990294,2.9251536e-05,0.5,0.001471403,0.16761684,0.5,0
1670,NODE21_processed_png/c2755.png,0.054859657,0.08104779,0.19388403,0.052624464,0.04801747,0.004684878,0.002856186,0.0965724,0.10434357,0.009873583,0.031594362,0.014266548,0.041445713,0.000499518,0.5,0.004682437,0.48149678,0.5,0
1671,NODE21_processed_png/c3115.png,0.056321036,0.030175066,0.12717164,0.13891219,0.003313689,0.042062767,0.003741964,0.056986053,0.03433934,0.009668469,0.00636455,0.007204584,0.035335355,4.5449553e-05,0.5,0.001643027,0.18334721,0.5,0
1672,NODE21_processed_png/c1586.png,0.03982874,0.059223484,0.15391393,0.033032764,0.011596506,0.01515242,0.002830653,0.038168732,0.05665851,0.011337382,0.00530443,0.013676073,0.055431023,4.9133367e-05,0.5,0.001502759,0.39640868,0.5,0
1673,NODE21_processed_png/c1221.png,0.05383525,0.08515183,0.18519025,0.041341357,0.034075346,0.006050025,0.00408055,0.12560125,0.07677026,0.006250564,0.04070766,0.008093379,0.02827756,7.720263e-05,0.5,0.002352431,0.34907523,0.5,0
1674,NODE21_processed_png/c0461.png,0.049842823,0.04381344,0.1108637,0.035411607,0.003241312,0.010170317,0.000739404,0.07912127,0.020514186,0.005356261,0.008267758,0.006502258,0.031515837,0.000110952,0.5,0.000989363,0.036008917,0.5,0
1675,NODE21_processed_png/c0813.png,0.04450967,0.047336645,0.18591635,0.025810834,0.015437976,0.009595281,0.005479977,0.041917015,0.069891825,0.010847863,0.0096451,0.01126908,0.040366348,0.000137457,0.5,0.001478472,0.16157775,0.5,0
1676,NODE21_processed_png/c3574.png,0.06495482,0.029258564,0.15793617,0.05057569,0.01200407,0.02544249,0.004260049,0.06874789,0.03510289,0.0166001,0.017475585,0.007630938,0.038128704,0.000230413,0.5,0.00338363,0.0702339,0.5,0
1677,NODE21_processed_png/c2493.png,0.066860035,0.03286235,0.20134705,0.031000022,0.023358619,0.00551593,0.00120466,0.08372394,0.044963818,0.009170406,0.024079466,0.00847828,0.025994446,0.000321079,0.5,0.006863878,0.04633886,0.5,0
1678,NODE21_processed_png/c0158.png,0.04389318,0.06671829,0.2219738,0.025939884,0.036967736,0.002312399,0.000941999,0.11399015,0.14888659,0.006020097,0.03242792,0.006914135,0.019084923,0.000116443,0.5,0.001421601,0.7016906,0.5,0
1679,NODE21_processed_png/c1718.png,0.040663067,0.046920225,0.13052978,0.1252038,0.012806505,0.08778753,0.008373722,0.06254565,0.04032008,0.02809211,0.011141243,0.010715139,0.05620906,0.000201044,0.5,0.005424136,0.046401598,0.5,0
1680,NODE21_processed_png/c0539.png,0.052773435,0.029009132,0.12098496,0.036545794,0.009147191,0.020414218,0.000833113,0.02911947,0.029007694,0.003685738,0.005591918,0.005981066,0.031659987,0.00027825,0.5,0.001930616,0.044895526,0.5,0
1681,NODE21_processed_png/n0148.png,0.04962992,0.15451294,0.2778435,0.11034077,0.100004144,0.0133836,0.008165071,0.1446528,0.19278353,0.017136024,0.02705151,0.024025818,0.038075358,0.000343577,0.5,0.002623898,0.77473384,0.5,1
1682,NODE21_processed_png/c2968.png,0.023745915,0.05198304,0.18114345,0.061374795,0.017661784,0.024968386,0.00263309,0.031007478,0.048925422,0.007374034,0.00850901,0.017169282,0.03313415,9.7058924e-05,0.5,0.003911189,0.13422057,0.5,0
1683,NODE21_processed_png/c0189.png,0.06735962,0.04348559,0.13648379,0.043551873,0.004911089,0.01068568,0.001689838,0.06276765,0.03217246,0.00892639,0.003767741,0.007998277,0.058312476,6.970905e-05,0.5,0.001926348,0.05506444,0.5,0
1684,NODE21_processed_png/c1959.png,0.064698145,0.06163281,0.16442662,0.06819946,0.023559391,0.010688988,0.008330408,0.0848171,0.08065206,0.011122732,0.029402722,0.008457569,0.024537362,0.000116903,0.5,0.002460321,0.25665447,0.5,0
1685,NODE21_processed_png/c2399.png,0.037449908,0.047878854,0.19242619,0.1468338,0.0261749,0.019866074,0.016492378,0.044691805,0.05701737,0.014579003,0.006772361,0.010370209,0.028985433,0.000100259,0.5,0.002365549,0.124607906,0.5,0
1686,NODE21_processed_png/c2729.png,0.027947662,0.062972695,0.21657786,0.04456688,0.023212789,0.004497084,0.003137314,0.038735114,0.07353263,0.007445923,0.008088289,0.004489074,0.019902395,1.9239884e-05,0.5,0.000545511,0.09868293,0.5,0
1687,NODE21_processed_png/c3508.png,0.030993411,0.123560145,0.25137815,0.09384625,0.049403306,0.008593615,0.010467443,0.089763865,0.15974933,0.007536902,0.008327886,0.017084863,0.028851476,2.3424944e-05,0.5,0.000577602,0.5880374,0.5,0
1688,NODE21_processed_png/c2348.png,0.041061494,0.054103095,0.18613285,0.23872495,0.029367726,0.041338127,0.014720013,0.052287526,0.08346326,0.017283568,0.014060935,0.015583799,0.04050079,8.2116414e-05,0.5,0.002456539,0.17195985,0.5,0
1689,NODE21_processed_png/c1988.png,0.06984819,0.06930521,0.21428403,0.06400363,0.030031642,0.007460626,0.001126765,0.08664032,0.10796029,0.008056022,0.012580648,0.012383577,0.049978036,5.9518883e-05,0.5,0.004504564,0.5045557,0.5,0
1690,NODE21_processed_png/c0124.png,0.0386212,0.08480849,0.20372319,0.05050276,0.046163626,0.005177962,0.002089236,0.041325912,0.101808205,0.005631773,0.010933885,0.007960953,0.027701309,1.1350983e-05,0.5,0.000825822,0.4152798,0.5,0
1691,NODE21_processed_png/n0555.png,0.04043159,0.03425763,0.1900156,0.11703316,0.047793318,0.048404485,0.012574341,0.0561828,0.074310385,0.013433859,0.04234419,0.014124042,0.018720226,0.000398323,0.5,0.00466213,0.10538781,0.5,1
1692,NODE21_processed_png/c0683.png,0.05005887,0.055834033,0.18349537,0.08206209,0.021260288,0.008290369,0.003602611,0.06579956,0.067538135,0.015297902,0.009392164,0.007141641,0.049175337,5.9120586e-05,0.5,0.003837191,0.19669594,0.5,0
1693,NODE21_processed_png/c2671.png,0.04605391,0.07145893,0.17752494,0.15282673,0.017092036,0.017019005,0.007277725,0.08435117,0.114135854,0.01829352,0.008503751,0.008328327,0.03008665,2.0918627e-05,0.5,0.000894019,0.39433572,0.5,0
1694,NODE21_processed_png/c3031.png,0.08673935,0.093954965,0.19957599,0.041654233,0.029512826,0.005217142,0.001964459,0.10577335,0.11678957,0.006721048,0.010283677,0.00857758,0.027801398,0.000229758,0.5,0.002422624,0.25348616,0.5,0
1695,NODE21_processed_png/c3796.png,0.055447217,0.03400365,0.17822969,0.029050818,0.018202042,0.00829194,0.003770221,0.053608276,0.060615737,0.012273837,0.020449972,0.008079315,0.030866276,0.000314041,0.5,0.001924733,0.14077866,0.5,0
1696,NODE21_processed_png/c1305.png,0.04273574,0.035505295,0.16827223,0.020358242,0.017773874,0.003634835,0.000486508,0.1492683,0.053470932,0.010586297,0.09246386,0.002855688,0.016911702,2.5622705e-05,0.5,0.000840349,0.1833912,0.5,0
1697,NODE21_processed_png/c0937.png,0.059374984,0.04459076,0.16813676,0.07423001,0.021765817,0.04215268,0.003814449,0.041702967,0.04703806,0.008418991,0.004836414,0.011811896,0.04917476,0.000560381,0.5,0.00543411,0.05589164,0.5,0
1698,NODE21_processed_png/c0545.png,0.041737195,0.1005096,0.2458061,0.059224013,0.05846354,0.005871221,0.00740795,0.091531776,0.18318377,0.012550938,0.03075988,0.011805887,0.018703114,9.814964e-05,0.5,0.001912158,0.8277491,0.5,0
1699,NODE21_processed_png/n0134.png,0.046045963,0.08524327,0.17355563,0.10808179,0.029896598,0.025665477,0.012044854,0.07983211,0.07083622,0.017052729,0.004292871,0.04270174,0.055471364,0.001086412,0.5,0.007085028,0.0665242,0.5,1
1700,NODE21_processed_png/n0693.png,0.055483244,0.077823594,0.20994067,0.06380127,0.05533709,0.008069922,0.002740572,0.06147874,0.07990057,0.005910795,0.01015994,0.014311202,0.03136236,0.000307029,0.5,0.002135268,0.11086437,0.5,1
1701,NODE21_processed_png/c3450.png,0.032816738,0.07936608,0.163571,0.035922118,0.017885927,0.015283193,0.002252935,0.0376226,0.056533765,0.008019085,0.004668417,0.017624514,0.047882445,6.990783e-05,0.5,0.002100842,0.22712399,0.5,0
1702,NODE21_processed_png/c3822.png,0.07168419,0.045375783,0.15603794,0.053169876,0.004531589,0.020138655,0.001013103,0.04443094,0.04125941,0.01218069,0.003014924,0.010457569,0.04507244,6.417007e-05,0.5,0.003875987,0.09972165,0.5,0
1703,NODE21_processed_png/c2566.png,0.05109761,0.050325062,0.15081374,0.11700945,0.013930583,0.024798216,0.01017782,0.061080776,0.05056037,0.017461427,0.012512554,0.012254534,0.029802464,0.000412426,0.5,0.004835292,0.08459577,0.5,0
1704,NODE21_processed_png/c2914.png,0.031105626,0.049960956,0.17877938,0.050265487,0.03302523,0.007967531,0.002930067,0.0501985,0.061463043,0.007063111,0.012474597,0.007804982,0.022609191,6.191284e-05,0.5,0.00105316,0.20049806,0.5,0
1705,NODE21_processed_png/c3481.png,0.036345705,0.046486735,0.18337095,0.09038136,0.020071687,0.010843819,0.003707163,0.034738064,0.05810404,0.008762859,0.005753661,0.016110653,0.055313475,0.000125819,0.5,0.00192331,0.11709655,0.5,0
1706,NODE21_processed_png/c3326.png,0.03802744,0.03450591,0.15857607,0.02573804,0.020002952,0.006394041,0.001885585,0.046541,0.069645576,0.01479942,0.008713477,0.008883024,0.049051873,0.000330079,0.5,0.002640199,0.15737739,0.5,0
1707,NODE21_processed_png/c0594.png,0.02110047,0.08888512,0.17199707,0.079986565,0.021476382,0.004012977,0.001835613,0.07096099,0.10309066,0.006555447,0.003010965,0.008642079,0.026455153,1.1980184e-05,0.5,0.000460708,0.35489658,0.5,0
1708,NODE21_processed_png/n0642.png,0.03382039,0.06761226,0.2726359,0.1964349,0.08921186,0.03125537,0.010795235,0.07637424,0.09739909,0.010716628,0.01381391,0.024358792,0.03132626,0.000320587,0.5,0.005996877,0.066939145,0.5,1
1709,NODE21_processed_png/c0233.png,0.06586134,0.028396385,0.12907122,0.09526868,0.004864166,0.026010914,0.003634954,0.033827305,0.043655027,0.010956582,0.014814022,0.008735375,0.03164624,0.000462709,0.5,0.001988323,0.0862975,0.5,0
1710,NODE21_processed_png/c1801.png,0.059812717,0.04715921,0.20028144,0.12292962,0.034238406,0.024997676,0.021903291,0.077407956,0.064828366,0.01731647,0.030097991,0.020867335,0.034049615,0.00154966,0.5,0.008977667,0.13325308,0.5,0
1711,NODE21_processed_png/c1473.png,0.06541115,0.033193022,0.1532539,0.034112107,0.013141438,0.010091312,0.000940423,0.054153003,0.06832927,0.006778726,0.010246669,0.005935512,0.029790886,7.265952e-05,0.5,0.002888781,0.18544117,0.5,0
1712,NODE21_processed_png/c3747.png,0.027423855,0.059862312,0.17039868,0.06982129,0.018763829,0.019469254,0.00465609,0.045542963,0.054581996,0.00624728,0.01887082,0.006977074,0.022428589,3.5954483e-05,0.5,0.000764355,0.10315652,0.5,0
1713,NODE21_processed_png/c2107.png,0.07104092,0.060740612,0.1275192,0.0647438,0.011689371,0.009550769,0.003913027,0.12487499,0.04345294,0.015006864,0.010427019,0.01780574,0.03863354,7.862699e-05,0.5,0.007397688,0.13420661,0.5,0
1714,NODE21_processed_png/c1012.png,0.07830743,0.054497857,0.20920207,0.047350783,0.025317876,0.009887155,0.003600878,0.101852514,0.07260861,0.014485381,0.020730237,0.013810921,0.053107288,0.000805893,0.5,0.002608136,0.12769797,0.5,0
1715,NODE21_processed_png/n0584.png,0.026548643,0.050787363,0.24365886,0.09116714,0.054421756,0.005391286,0.001476615,0.040602725,0.09392035,0.005027139,0.011148769,0.006278878,0.030270599,0.000185646,0.5,0.001850747,0.1179178,0.5,1
1716,NODE21_processed_png/c0652.png,0.032520052,0.042364825,0.16914524,0.07826436,0.024845278,0.020456394,0.0036736,0.03522941,0.048936244,0.01128917,0.004359247,0.012705684,0.055179663,0.000168414,0.5,0.003680639,0.085539855,0.5,0
1717,NODE21_processed_png/n1128.png,0.04165602,0.040991265,0.13343652,0.1049574,0.006175306,0.035756867,0.004139602,0.05624659,0.026851417,0.021702444,0.013266234,0.014159572,0.05125639,3.1961757e-05,0.5,0.00296755,0.033486728,0.5,1
1718,NODE21_processed_png/c1559.png,0.03281045,0.04153232,0.16843976,0.07680131,0.01929385,0.009899654,0.00333264,0.06250494,0.055046055,0.009772375,0.010836282,0.005553494,0.025798835,5.6180896e-05,0.5,0.000875849,0.089978725,0.5,0
1719,NODE21_processed_png/c0319.png,0.027496263,0.06413187,0.21180247,0.11901112,0.049761035,0.015720477,0.013143379,0.07121082,0.13366474,0.019678371,0.014306867,0.020709597,0.032719024,9.91254e-05,0.5,0.002882692,0.4964648,0.5,0
1720,NODE21_processed_png/n0768.png,0.053092677,0.0670615,0.21826482,0.10377219,0.043709073,0.011766782,0.007689756,0.065908246,0.1085315,0.012214621,0.013729523,0.029273104,0.04595938,0.000273189,0.5,0.004768007,0.25204432,0.5,1
1721,NODE21_processed_png/c0778.png,0.040622443,0.042111825,0.16140851,0.06771077,0.009344379,0.03387301,0.003617096,0.0325301,0.029015535,0.005842933,0.003811532,0.009094987,0.03898317,0.000449872,0.5,0.003572269,0.027919345,0.5,0
1722,NODE21_processed_png/c1138.png,0.03371054,0.104307234,0.22547878,0.12093372,0.027132053,0.011031603,0.001584178,0.0456265,0.13036396,0.008942213,0.004799756,0.008126142,0.03167349,5.69649e-06,0.5,0.000611775,0.6372938,0.5,0
1723,NODE21_processed_png/c1716.png,0.1121934,0.043093584,0.13599317,0.04553137,0.006154512,0.017572567,0.000637384,0.07843305,0.07375649,0.008727786,0.012082454,0.010257226,0.06348722,3.1692718e-05,0.5,0.005613566,0.45020604,0.5,0
1724,NODE21_processed_png/n0280.png,0.06714141,0.056699432,0.15620106,0.040574066,0.01255975,0.011573953,0.003854103,0.13309346,0.03489842,0.015004271,0.016784668,0.008047017,0.031089837,0.000180537,0.5,0.005362462,0.07244454,0.5,1
1725,NODE21_processed_png/n0955.png,0.07902887,0.08093261,0.18340091,0.0788455,0.027776003,0.016556455,0.00443179,0.12296361,0.0968611,0.014228244,0.01652596,0.013947947,0.043655712,0.000323793,0.5,0.005879573,0.32282236,0.5,1
1726,NODE21_processed_png/c0156.png,0.018328615,0.042694498,0.15803394,0.031376265,0.008653292,0.003657444,0.002451361,0.041514307,0.040647935,0.008409857,0.011727326,0.004627506,0.02193082,1.3702485e-05,0.5,0.000430827,0.10751162,0.5,0
1727,NODE21_processed_png/c3043.png,0.06377706,0.09994054,0.25779897,0.04540218,0.0368543,0.012847007,0.006264761,0.10227668,0.1351218,0.007266132,0.020956853,0.018798286,0.044246715,0.000238992,0.5,0.00282399,0.31279477,0.5,0
1728,NODE21_processed_png/c2603.png,0.051409956,0.06637912,0.14221737,0.07039852,0.007222453,0.035088222,0.00249187,0.04849398,0.054255478,0.006290616,0.005853782,0.009485829,0.03920266,5.600951e-05,0.5,0.001767298,0.14265427,0.5,0
1729,NODE21_processed_png/c0290.png,0.046844196,0.08393853,0.19094624,0.08005559,0.03113078,0.013885204,0.002947967,0.08989431,0.09827205,0.013289095,0.005562115,0.006925916,0.029410735,2.234412e-05,0.5,0.001546176,0.3125709,0.5,0
1730,NODE21_processed_png/n0146.png,0.046437114,0.10479278,0.24644336,0.080790155,0.05954423,0.007950214,0.004728209,0.08343656,0.10106777,0.011787133,0.01454229,0.008173199,0.03595915,0.000107261,0.5,0.003253679,0.2859228,0.5,1
1731,NODE21_processed_png/c0945.png,0.034094162,0.028310934,0.14931375,0.12401274,0.023080464,0.024044335,0.007574471,0.03804358,0.059890505,0.015337213,0.02293222,0.012387199,0.030015122,0.000281122,0.5,0.006171286,0.09957375,0.5,0
1732,NODE21_processed_png/c0537.png,0.05284361,0.062738754,0.16277863,0.13339831,0.016360719,0.024777755,0.002649376,0.051223498,0.03804667,0.008977184,0.003554916,0.014366771,0.055435095,4.7554593e-05,0.5,0.002361701,0.050747238,0.5,0
1733,NODE21_processed_png/c1377.png,0.03252611,0.087174885,0.21058878,0.082834184,0.04889327,0.05959817,0.003358017,0.033042718,0.093591504,0.00824668,0.003658783,0.014849997,0.049524445,6.982827e-05,0.5,0.001929065,0.17491041,0.5,0
1734,NODE21_processed_png/c2262.png,0.06359605,0.055509795,0.18853797,0.14140995,0.021153059,0.02476548,0.00484135,0.075267464,0.063948795,0.013031793,0.018836623,0.009863679,0.034810107,0.000337914,0.5,0.004975373,0.108496286,0.5,0
1735,NODE21_processed_png/c3385.png,0.07543546,0.03886491,0.12385641,0.08763388,0.026156506,0.039948355,0.001976643,0.058641452,0.05971996,0.009843077,0.012584777,0.006788031,0.05064978,0.000450724,0.5,0.003873583,0.15169565,0.5,0
1736,NODE21_processed_png/c3422.png,0.032607615,0.08453581,0.1748409,0.1265814,0.026764084,0.018173242,0.002345074,0.052863,0.09504054,0.009376637,0.008499743,0.007388989,0.035358667,2.2199225e-05,0.5,0.000601563,0.3341291,0.5,0
1737,NODE21_processed_png/c3850.png,0.057288527,0.10852832,0.19995381,0.06968477,0.04099454,0.01970293,0.004036928,0.08637325,0.084858425,0.01720721,0.010481664,0.017734243,0.077543706,0.000216448,0.5,0.003333839,0.42927223,0.5,0
1738,NODE21_processed_png/c3354.png,0.06116248,0.058533527,0.19229603,0.084408365,0.023412896,0.033310913,0.004743421,0.055521403,0.0863851,0.010070867,0.009605527,0.008063692,0.034877144,0.000119962,0.5,0.002919921,0.22668727,0.5,0
1739,NODE21_processed_png/c2514.png,0.056327965,0.047880203,0.13443002,0.11803268,0.009776372,0.023177367,0.001648189,0.085882835,0.04448752,0.012670483,0.007056711,0.011742597,0.041550074,2.5731159e-05,0.5,0.002564847,0.16230848,0.5,0
1740,NODE21_processed_png/c2966.png,0.027917422,0.056651678,0.22676246,0.052066356,0.03342003,0.007212498,0.004073655,0.04777345,0.082862616,0.009258783,0.011005715,0.008710122,0.039269555,0.000217524,0.5,0.001436595,0.17388499,0.5,0
1741,NODE21_processed_png/n1070.png,0.0354983,0.07006855,0.18937318,0.16557175,0.05530433,0.031480778,0.010183563,0.08507105,0.14087228,0.017721431,0.022147194,0.021959515,0.037671536,0.000596489,0.5,0.002287158,0.50815576,0.5,1
1742,NODE21_processed_png/c1873.png,0.024054497,0.041615155,0.17912057,0.076342136,0.036956348,0.023505688,0.004852652,0.021177573,0.04932384,0.007547258,0.005802026,0.009194168,0.032856762,8.6706605e-05,0.5,0.001369018,0.041864004,0.5,0
1743,NODE21_processed_png/c1401.png,0.035074435,0.03221011,0.14462176,0.03572721,0.017199928,0.005069013,0.004097009,0.047058538,0.03735317,0.01550942,0.03842298,0.008895596,0.040136274,0.000310813,0.5,0.003224544,0.09583362,0.5,0
1744,NODE21_processed_png/c0241.png,0.038604476,0.03780876,0.1301616,0.092184454,0.011298833,0.032240402,0.001459236,0.03509163,0.03308407,0.006884714,0.006445276,0.007429584,0.041842803,0.000133529,0.5,0.009980747,0.055715214,0.5,0
1745,NODE21_processed_png/n0630.png,0.047768462,0.0534459,0.1585956,0.109413475,0.02715959,0.017112594,0.004529485,0.09061577,0.084148504,0.017763037,0.009965988,0.020473473,0.06831454,0.000173389,0.5,0.003972729,0.26778895,0.5,1
1746,NODE21_processed_png/c0994.png,0.10705425,0.06560485,0.13408028,0.028322222,0.003525952,0.009167697,0.002300326,0.18071546,0.0424726,0.013602107,0.013819043,0.00968489,0.0445377,8.965061e-05,0.5,0.003933394,0.15647794,0.5,0
1747,NODE21_processed_png/c2175.png,0.055284806,0.102230355,0.23912403,0.17125183,0.042335827,0.021992698,0.004462612,0.0828609,0.16177166,0.011819742,0.006286975,0.013473202,0.05002734,0.000196711,0.5,0.003714444,0.62385404,0.5,0
1748,NODE21_processed_png/c3735.png,0.027135246,0.048893247,0.14613007,0.035224445,0.011265878,0.003767106,0.003020662,0.017621856,0.040973134,0.004288389,0.006583361,0.00642383,0.014704702,2.4869758e-05,0.5,0.001134828,0.12685303,0.5,0
1749,NODE21_processed_png/c3092.png,0.020078707,0.06713587,0.18594475,0.08191133,0.02488674,0.006127391,0.004952629,0.02346712,0.08688441,0.008652631,0.007216108,0.008530795,0.02457212,9.373141e-05,0.5,0.00127403,0.22982979,0.5,0
1750,NODE21_processed_png/c0620.png,0.042562373,0.047493108,0.1958239,0.08840561,0.02536142,0.04448476,0.004686914,0.021347586,0.052728835,0.005613896,0.003981096,0.007577048,0.04047559,5.3158612e-05,0.5,0.001565208,0.056744438,0.5,0
1751,NODE21_processed_png/n0251.png,0.07162417,0.08896998,0.25028056,0.075745724,0.036144793,0.006449362,0.002813472,0.1433842,0.096797675,0.008694109,0.010466459,0.008884551,0.030748555,8.358772e-05,0.5,0.00319137,0.24545601,0.5,1
1752,NODE21_processed_png/c0187.png,0.051327072,0.06063156,0.18392296,0.05996671,0.011679917,0.008721191,0.003237407,0.06288724,0.060046684,0.010314827,0.00488954,0.004965838,0.028466906,5.3219173e-05,0.5,0.001180955,0.14952962,0.5,0
1753,NODE21_processed_png/c1060.png,0.024032844,0.07468209,0.14232501,0.13915226,0.012132432,0.08904909,0.004591458,0.03618268,0.0487149,0.009334898,0.011465742,0.011133541,0.034430306,1.8921814e-05,0.5,0.000471482,0.3940177,0.5,0
1754,NODE21_processed_png/c3270.png,0.097728096,0.097789146,0.13883457,0.091707535,0.008395974,0.01556316,0.00084405,0.12018269,0.06519831,0.012445045,0.002944425,0.006890904,0.07302076,0.000104413,0.5,0.002230456,0.4524271,0.5,0
1755,NODE21_processed_png/c2397.png,0.031412106,0.07205189,0.20062162,0.0633223,0.043322973,0.004890679,0.001974202,0.081507675,0.08370186,0.005058257,0.008771368,0.007647099,0.022242976,0.000114375,0.5,0.002234198,0.35255495,0.5,0
1756,NODE21_processed_png/c2842.png,0.04429711,0.06259613,0.23114724,0.06419103,0.046403095,0.018088752,0.007410134,0.059068862,0.076318145,0.01843636,0.00825906,0.01356881,0.0478886,0.000273235,0.5,0.0051968,0.14362867,0.5,0
1757,NODE21_processed_png/c2430.png,0.028580666,0.030293413,0.14726137,0.07418619,0.012086254,0.012144358,0.002630684,0.036225796,0.031449232,0.010281333,0.018786509,0.007525988,0.036930524,4.771431e-05,0.5,0.001683006,0.087430544,0.5,0
1758,NODE21_processed_png/c1282.png,0.038586307,0.037784055,0.1590325,0.042873666,0.00924171,0.007863917,0.00312259,0.016845474,0.028550787,0.00559876,0.004196958,0.007287015,0.03152847,7.456263e-05,0.5,0.001651552,0.04413981,0.5,0
1759,NODE21_processed_png/c1525.png,0.026490502,0.05006618,0.17315832,0.35927683,0.013342918,0.04967247,0.007670845,0.041617494,0.027973298,0.01659268,0.003784543,0.0128973,0.040835124,0.000105331,0.5,0.001695838,0.013408311,0.5,0
1760,NODE21_processed_png/c1957.png,0.04677412,0.046590433,0.15238126,0.11990453,0.014622875,0.023910593,0.006841151,0.039316036,0.057475857,0.016132185,0.013014592,0.011292124,0.03523243,0.000250856,0.5,0.003986617,0.1457104,0.5,0
1761,NODE21_processed_png/c0365.png,0.038615257,0.04713668,0.19130334,0.04604543,0.0404552,0.009781826,0.00563649,0.06848729,0.06669554,0.012408461,0.011764905,0.012080444,0.044298116,0.000260077,0.5,0.005711248,0.14961594,0.5,0
1762,NODE21_processed_png/c2051.png,0.10888636,0.049480982,0.19754156,0.03746581,0.031260345,0.003898484,0.001066297,0.2733545,0.11141837,0.01203922,0.038853507,0.006675865,0.03247703,0.000228439,0.5,0.003036759,0.41820604,0.5,0
1763,NODE21_processed_png/c3611.png,0.06435626,0.055645116,0.21844487,0.08653841,0.040879793,0.019428944,0.007240398,0.058974538,0.097812004,0.01652858,0.007447839,0.011235898,0.04456444,0.000146912,0.5,0.003271769,0.24333826,0.5,0
1764,NODE21_processed_png/c0704.png,0.053373627,0.050126396,0.20366699,0.05498923,0.052389227,0.011937743,0.005870006,0.051281463,0.12644409,0.009744232,0.029924361,0.00987279,0.020438176,0.000758104,0.5,0.006439708,0.38955498,0.5,0
1765,NODE21_processed_png/n0375.png,0.04323553,0.117321916,0.41143972,0.039615948,0.19902095,0.007808658,0.005168561,0.12281874,0.15724796,0.008303568,0.004987387,0.037988227,0.04360485,0.000224618,0.5,0.004448812,0.34188956,0.5,1
1766,NODE21_processed_png/c1144.png,0.103185445,0.06877667,0.15822318,0.07966207,0.027168222,0.016537586,0.006251924,0.058363218,0.05948539,0.013748173,0.018681422,0.01735167,0.058561534,0.001672069,0.5,0.013387185,0.2681052,0.5,0
1767,NODE21_processed_png/c1632.png,0.02552299,0.04815373,0.18685417,0.046063088,0.002930141,0.014219083,0.003425624,0.04938745,0.035942376,0.019129386,0.006079877,0.003599911,0.013268191,1.4162246e-05,0.5,0.001235923,0.1222634,0.5,0
1768,NODE21_processed_png/c1195.png,0.027795013,0.07147759,0.16263138,0.026067706,0.012781465,0.005453143,0.00303399,0.047300804,0.063648954,0.006993419,0.007791431,0.006098915,0.026588444,5.523952e-05,0.5,0.00050156,0.182433,0.5,0
1769,NODE21_processed_png/c0072.png,0.059012037,0.032335248,0.12861496,0.042802878,0.008857328,0.016043955,0.002491756,0.021302195,0.036047548,0.008722177,0.005146603,0.009534773,0.03608587,0.000200374,0.5,0.004262955,0.14371477,0.5,0
1770,NODE21_processed_png/c3167.png,0.048493344,0.058983047,0.14318308,0.10669468,0.008057976,0.015684847,0.002221395,0.04544771,0.044746768,0.009893127,0.00696809,0.008552181,0.041434713,9.4497664e-05,0.5,0.003139082,0.11455798,0.5,0
1771,NODE21_processed_png/c2727.png,0.05950917,0.049305134,0.17355269,0.1519316,0.006211628,0.10861695,0.005525932,0.030579586,0.05757982,0.008483081,0.002867454,0.010159736,0.038968977,0.000107052,0.5,0.003692587,0.089188986,0.5,0
1772,NODE21_processed_png/c2080.png,0.03854808,0.10585652,0.21423887,0.06770409,0.016180873,0.01195136,0.002652838,0.1004944,0.059883513,0.009830112,0.007560994,0.007276124,0.026201876,4.8395987e-06,0.5,0.001030434,0.070277065,0.5,0
1773,NODE21_processed_png/n0062.png,0.040900208,0.041645736,0.19495298,0.11695749,0.04580847,0.013663835,0.003946682,0.039100498,0.094910294,0.012959481,0.026222654,0.010955041,0.06263253,0.000114525,0.5,0.002677335,0.3256909,0.5,1
1774,NODE21_processed_png/c0413.png,0.036870606,0.07739861,0.15926108,0.10802749,0.012046506,0.073040426,0.009408521,0.06342257,0.09258465,0.012323254,0.010733944,0.016222617,0.036474973,0.000721108,0.5,0.002729669,0.26886058,0.5,0
1775,NODE21_processed_png/c0861.png,0.039014686,0.05448951,0.18765701,0.122054085,0.042861737,0.015096252,0.009837984,0.053675093,0.08383314,0.011312602,0.024809908,0.008876747,0.024112696,0.000208049,0.5,0.001650629,0.19177662,0.5,0
1776,NODE21_processed_png/c1253.png,0.041798577,0.0754682,0.17616749,0.22639658,0.009376443,0.10501446,0.003687927,0.027394107,0.05714085,0.01301943,0.002172825,0.009279369,0.066917606,5.2061176e-05,0.5,0.002176668,0.08786606,0.5,0
1777,NODE21_processed_png/c1986.png,0.035392664,0.09768776,0.2112094,0.05738431,0.020052778,0.007467662,0.002492051,0.09257529,0.16527194,0.007003114,0.010293746,0.007210349,0.040830642,4.1380838e-05,0.5,0.002051222,0.49557477,0.5,0
1778,NODE21_processed_png/c2346.png,0.052321646,0.04622298,0.13912629,0.058363236,0.01201753,0.006588717,0.002890885,0.06883391,0.044892907,0.010232405,0.014910476,0.00644741,0.02710973,0.000130862,0.5,0.001713446,0.0627735,0.5,0
1779,NODE21_processed_png/c2893.png,0.0743736,0.04716038,0.14461514,0.15658614,0.013168551,0.029586716,0.006708819,0.081799716,0.050072778,0.022064373,0.008853603,0.014021566,0.055547662,0.000431423,0.5,0.008628465,0.10227702,0.5,0
1780,NODE21_processed_png/c3506.png,0.041369844,0.050633702,0.18112965,0.09175509,0.013846195,0.011251322,0.002747631,0.04237674,0.05073739,0.004407471,0.003503312,0.006327554,0.022381226,8.197817e-05,0.5,0.001672376,0.11834863,0.5,0
1781,NODE21_processed_png/c3798.png,0.020815343,0.07168889,0.18542612,0.086975776,0.052707423,0.007799318,0.005058038,0.032494582,0.10551425,0.008370297,0.007227338,0.015398008,0.029258607,7.998421e-05,0.5,0.000981529,0.3337552,0.5,0
1782,NODE21_processed_png/n0929.png,0.087313674,0.037350077,0.13490607,0.10615615,0.012416518,0.06289731,0.00773118,0.03443689,0.029158913,0.01210426,0.00842134,0.01562608,0.057007235,0.000499294,0.5,0.007265233,0.036548465,0.5,1
1783,NODE21_processed_png/c0939.png,0.018741835,0.0680364,0.22522835,0.021149589,0.044006392,0.003712175,0.002602384,0.027540587,0.08847978,0.004813564,0.009076234,0.006546678,0.024097184,1.3396438e-05,0.5,0.00034808,0.22318624,0.5,0
1784,NODE21_processed_png/c3328.png,0.04058241,0.08707505,0.16777723,0.059805892,0.03452561,0.004469186,0.004568219,0.0837494,0.10953418,0.008403402,0.014812429,0.013098164,0.04040507,7.802088e-05,0.5,0.001216417,0.49474168,0.5,0
1785,NODE21_processed_png/c2568.png,0.031222293,0.08578127,0.19259208,0.05595664,0.046393413,0.005145158,0.002640775,0.09575288,0.15107107,0.011912308,0.029605096,0.008087376,0.020413967,8.504274e-05,0.5,0.001068385,0.68426096,0.5,0
1786,NODE21_processed_png/c2109.png,0.03961262,0.065130666,0.21542913,0.04646694,0.044069953,0.012449576,0.004782617,0.075387895,0.10597766,0.013056532,0.023396952,0.010889508,0.025010886,7.559127e-05,0.5,0.000827998,0.3161514,0.5,0
1787,NODE21_processed_png/c3749.png,0.023764621,0.09110998,0.23923208,0.13228549,0.06794894,0.009801501,0.005660146,0.047485776,0.19283515,0.008034206,0.005681993,0.013670178,0.038419876,6.819807e-05,0.5,0.000773657,0.5560745,0.5,0
1788,NODE21_processed_png/c2437.png,0.024829486,0.089271136,0.20432377,0.058808386,0.016041692,0.031464163,0.003303729,0.03898125,0.07096225,0.008150408,0.005022463,0.00872045,0.03199473,4.504215e-05,0.5,0.000509451,0.3081208,0.5,0
1789,NODE21_processed_png/c2845.png,0.06571018,0.056446657,0.16033904,0.045322943,0.012981669,0.01822699,0.003647453,0.09453849,0.061117653,0.015159043,0.007592673,0.009477629,0.05072848,6.169219e-05,0.5,0.003553071,0.26624325,0.5,0
1790,NODE21_processed_png/c2390.png,0.019577133,0.07523667,0.15862918,0.03271942,0.014470259,0.002959777,0.003249988,0.043477807,0.045249578,0.006419471,0.004827894,0.008214617,0.025157869,2.2478725e-05,0.5,0.000625236,0.10041763,0.5,0
1791,NODE21_processed_png/c3277.png,0.026404005,0.064503245,0.1667052,0.036121912,0.013830775,0.005146813,0.004238819,0.04272321,0.076107614,0.007277618,0.007275343,0.008875463,0.021111354,3.4734217e-05,0.5,0.001693824,0.3991511,0.5,0
1792,NODE21_processed_png/c0362.png,0.033672977,0.02317106,0.11207677,0.021031285,0.001734846,0.007333101,0.002075718,0.025112744,0.013221161,0.007886943,0.013337889,0.003067144,0.02279801,9.80072e-05,0.5,0.000540215,0.014573234,0.5,0
1793,NODE21_processed_png/n0713.png,0.055353235,0.09749864,0.22346921,0.03674085,0.04250848,0.004590119,0.001193618,0.1790705,0.12547405,0.006492824,0.017336946,0.006928508,0.019560507,0.000240161,0.5,0.00344065,0.33987433,0.5,1
1794,NODE21_processed_png/c1950.png,0.053907696,0.078561015,0.19123626,0.30977806,0.026243953,0.1357229,0.009079064,0.050462037,0.119307205,0.010291195,0.002860559,0.019189214,0.077461556,0.000138574,0.5,0.001598332,0.42791495,0.5,0
1795,NODE21_processed_png/c1522.png,0.035783038,0.028078541,0.13468702,0.20585944,0.012940879,0.078511395,0.001907517,0.031906147,0.048186727,0.012339308,0.007605958,0.006876524,0.035739858,2.3854507e-05,0.5,0.000646014,0.15121278,0.5,0
1796,NODE21_processed_png/c1285.png,0.051381502,0.048738003,0.19862728,0.17798534,0.010159655,0.06072489,0.010774969,0.09409449,0.037248302,0.02128128,0.007137097,0.019322623,0.03604501,0.000213793,0.5,0.004438311,0.015886566,0.5,0
1797,NODE21_processed_png/c3616.png,0.050777834,0.06704408,0.15236273,0.052821822,0.008268181,0.005009062,0.00436076,0.07888511,0.06557996,0.020134943,0.010464286,0.008265563,0.028333515,2.3075178e-05,0.5,0.000458937,0.30679822,0.5,0
1798,NODE21_processed_png/c2056.png,0.07329054,0.06524171,0.16501331,0.16593464,0.017055172,0.062230166,0.006508269,0.076414555,0.05644845,0.013914404,0.024211558,0.008994814,0.047163747,0.000241143,0.5,0.002903619,0.1267983,0.5,0
1799,NODE21_processed_png/c1143.png,0.037977364,0.062243093,0.17791328,0.14600606,0.010949252,0.03859153,0.032912035,0.03168881,0.07003753,0.015149081,0.001589287,0.0253592,0.03276345,0.000191963,0.5,0.003328618,0.18111901,0.5,0
1800,NODE21_processed_png/c0703.png,0.033954624,0.02017462,0.119578734,0.03056377,0.010962479,0.009592603,0.000500678,0.029969623,0.043986693,0.004891594,0.020831903,0.003888579,0.021322612,2.5121213e-05,0.5,0.001736917,0.12905788,0.5,0
1801,NODE21_processed_png/n0372.png,0.045680795,0.1658681,0.23528998,0.10076715,0.048103698,0.013073105,0.001313605,0.11373255,0.23181438,0.00908891,0.002520136,0.018347302,0.1394648,0.000130628,0.5,0.003639798,0.8906292,0.5,1
1802,NODE21_processed_png/n0876.png,0.06329211,0.03486974,0.1724331,0.05823572,0.028594274,0.017484317,0.005661123,0.04566789,0.073638804,0.018750597,0.01382963,0.011969377,0.056415558,0.000635689,0.5,0.006530762,0.14568518,0.5,1
1803,NODE21_processed_png/c0075.png,0.025315484,0.08928621,0.18602376,0.12261655,0.0640462,0.007159336,0.006827431,0.07230506,0.13888624,0.011221073,0.014891258,0.018360004,0.029002368,0.000153525,0.5,0.000858736,0.6262187,0.5,0
1804,NODE21_processed_png/c1192.png,0.045601156,0.034031566,0.13609755,0.11489704,0.009015539,0.03609382,0.006044413,0.05545655,0.028455723,0.012562087,0.019343708,0.012736092,0.03099263,0.000354276,0.5,0.003427928,0.04000147,0.5,0
1805,NODE21_processed_png/c1635.png,0.034188453,0.071457036,0.2450522,0.039646383,0.050344575,0.001824934,0.001493081,0.096897446,0.11900419,0.006473038,0.006837989,0.006322982,0.022948934,2.4443581e-05,0.5,0.000580469,0.27679268,0.5,0
1806,NODE21_processed_png/c2720.png,0.024460321,0.044356167,0.22664806,0.11909587,0.022667024,0.030820787,0.007209363,0.03356967,0.044956814,0.007308288,0.004251098,0.009033223,0.02158508,0.000159926,0.5,0.004216678,0.04686341,0.5,0
1807,NODE21_processed_png/c3160.png,0.04350668,0.11283347,0.23565131,0.2051078,0.04922713,0.016134232,0.005463876,0.09102548,0.1845015,0.012631454,0.010659454,0.012766114,0.03595046,9.713865e-05,0.5,0.001997412,0.77288496,0.5,0
1808,NODE21_processed_png/c1981.png,0.054940697,0.06531315,0.21887991,0.14918776,0.049467567,0.011766216,0.00935109,0.07375585,0.16456257,0.012247331,0.024211308,0.013138254,0.034698065,0.000184545,0.5,0.00188148,0.44915414,0.5,0
1809,NODE21_processed_png/c0866.png,0.045191754,0.04315853,0.15030394,0.026187524,0.008824304,0.008676874,0.004146696,0.027258836,0.037501384,0.008022549,0.010985749,0.008682158,0.033726662,8.0955746e-05,0.5,0.00156534,0.09869623,0.5,0
1810,NODE21_processed_png/c0414.png,0.03851438,0.059937116,0.1808437,0.044323865,0.025004692,0.01098945,0.004062545,0.039709717,0.051932972,0.006431165,0.011376324,0.006853069,0.024989635,6.01089e-05,0.5,0.002051093,0.19139493,0.5,0
1811,NODE21_processed_png/c3501.png,0.04112409,0.0584681,0.16302565,0.18659316,0.02140698,0.010807205,0.005287441,0.06617315,0.0690805,0.017326437,0.005812319,0.008367861,0.038250256,5.840133e-05,0.5,0.001181278,0.20869106,0.5,0
1812,NODE21_processed_png/c2894.png,0.043082584,0.08002503,0.23447303,0.13877526,0.045044187,0.011632534,0.005257985,0.06187825,0.15445809,0.010178759,0.009934532,0.007171455,0.023396423,2.4670626e-05,0.5,0.000794588,0.48393795,0.5,0
1813,NODE21_processed_png/c2341.png,0.030480402,0.05539982,0.19936559,0.08772579,0.03428921,0.005926915,0.005999462,0.068503186,0.13642871,0.014718673,0.014321948,0.010202156,0.026338657,5.9018348e-05,0.5,0.000673655,0.41388813,0.5,0
1814,NODE21_processed_png/c2678.png,0.037927374,0.053907562,0.19387212,0.07823494,0.020733949,0.011974061,0.002928797,0.048899427,0.052691225,0.00632354,0.007517248,0.00882136,0.025561197,7.05001e-05,0.5,0.00270229,0.08132779,0.5,0
1815,NODE21_processed_png/c3038.png,0.048324868,0.067717284,0.17742962,0.04193875,0.010127062,0.010445949,0.003691064,0.038367797,0.06241591,0.010288097,0.015314795,0.005879413,0.029851831,2.9084387e-05,0.5,0.000599113,0.1288967,0.5,0
1816,NODE21_processed_png/c3459.png,0.044643994,0.092064425,0.25303397,0.034058504,0.066786185,0.001802368,0.000676351,0.1294135,0.20017287,0.004582357,0.019224769,0.008999221,0.01625657,2.2349981e-05,0.5,0.000883695,0.7733483,0.5,0
1817,NODE21_processed_png/c2219.png,0.034650102,0.09197852,0.20276679,0.04898798,0.020442188,0.013178874,0.003715162,0.05876618,0.11216393,0.009101286,0.01242118,0.006603312,0.028997108,1.7679886e-05,0.5,0.001247647,0.38276398,0.5,0
1818,NODE21_processed_png/c1808.png,0.020486439,0.10508564,0.19544654,0.16099878,0.04477998,0.026580963,0.012889729,0.092672385,0.11502715,0.012381877,0.007498829,0.011469184,0.034405485,1.1974645e-05,0.5,0.000734185,0.44009256,0.5,0
1819,NODE21_processed_png/c3488.png,0.05553565,0.038724862,0.12303636,0.117030084,0.005921256,0.018013496,0.002294825,0.040171042,0.030231198,0.008777436,0.006435571,0.006449625,0.027200475,5.110742e-05,0.5,0.00176859,0.040187635,0.5,0
1820,NODE21_processed_png/c2839.png,0.01808534,0.06619748,0.20181672,0.08596041,0.059410036,0.00772578,0.005579861,0.054268397,0.07873282,0.013396777,0.007841297,0.016342822,0.04165697,6.62676e-05,0.5,0.001970408,0.22117755,0.5,0
1821,NODE21_processed_png/c1698.png,0.072255135,0.06410607,0.21873356,0.05372309,0.0323714,0.009523538,0.002157793,0.06615867,0.13135964,0.007940201,0.010146364,0.010971521,0.040567525,0.000168801,0.5,0.0056936,0.32375547,0.5,0
1822,NODE21_processed_png/n0478.png,0.031944904,0.04321146,0.25753194,0.04753341,0.06562477,0.007575224,0.000806595,0.052555878,0.106549166,0.005643628,0.014570888,0.006029453,0.032352626,7.586503e-05,0.5,0.001051082,0.17189588,0.5,1
1823,NODE21_processed_png/c0009.png,0.051567104,0.05913657,0.1900309,0.12693396,0.03623406,0.022785317,0.007010529,0.055284858,0.07077218,0.012787185,0.012670727,0.013229865,0.050229378,0.000159409,0.5,0.003072189,0.21504243,0.5,0
1824,NODE21_processed_png/c1649.png,0.015848817,0.05689666,0.21984792,0.029908847,0.038936228,0.008563744,0.002248809,0.024850668,0.07825796,0.004860509,0.009062848,0.009176128,0.02050898,2.2335791e-05,0.5,0.00070784,0.252688,0.5,0
1825,NODE21_processed_png/c1228.png,0.041960668,0.060704626,0.16260813,0.049944464,0.005532602,0.021819642,0.001697616,0.049518798,0.051953267,0.009590662,0.005243514,0.010645671,0.052554503,5.4523994e-06,0.5,0.003478732,0.23675299,0.5,0
1826,NODE21_processed_png/n0019.png,0.05363424,0.050196704,0.2340265,0.04728698,0.05071701,0.012634189,0.006125465,0.053720094,0.08141024,0.010470293,0.023632696,0.014625954,0.041038904,0.000520478,0.5,0.00262858,0.12814705,0.5,1
1827,NODE21_processed_png/c0468.png,0.030379174,0.052203074,0.16986191,0.10951258,0.024987705,0.013722574,0.005249999,0.03007544,0.09296751,0.009736023,0.009821026,0.012298652,0.021587849,0.000114792,0.5,0.002191707,0.37937152,0.5,0
1828,NODE21_processed_png/c0151.png,0.0355212,0.06359137,0.23823245,0.08729648,0.05166104,0.023941237,0.010857469,0.049896155,0.08315246,0.015601376,0.019455057,0.009216473,0.04786452,0.000411714,0.5,0.002417807,0.16132866,0.5,0
1829,NODE21_processed_png/n0287.png,0.05713344,0.07304712,0.22252893,0.10460523,0.021306138,0.044305477,0.003333949,0.07102372,0.15361825,0.016556881,0.006447399,0.012575429,0.08434872,0.000265159,0.5,0.011428633,0.5615466,0.5,1
1830,NODE21_processed_png/c1711.png,0.060788654,0.053298786,0.19806589,0.033754732,0.017126521,0.005291147,0.001544994,0.04788061,0.083206974,0.009231302,0.008558877,0.006821697,0.02941019,8.195058e-05,0.5,0.004600429,0.26139238,0.5,0
1831,NODE21_processed_png/c2604.png,0.042994607,0.057990257,0.17039123,0.14754172,0.008325385,0.035630066,0.003809363,0.07373078,0.045038007,0.020078683,0.00678206,0.008126768,0.041976884,6.0215665e-05,0.5,0.004495278,0.18310875,0.5,0
1832,NODE21_processed_png/c3044.png,0.06764334,0.06497137,0.18901986,0.03941235,0.012156962,0.012864319,0.002685802,0.049369495,0.07811916,0.006689572,0.003726022,0.008010551,0.022392545,7.546429e-05,0.5,0.00332753,0.10145209,0.5,0
1833,NODE21_processed_png/c1370.png,0.05694504,0.03477054,0.15817705,0.040864352,0.012118252,0.009638505,0.002104505,0.0465605,0.056959692,0.010132089,0.012437344,0.004544555,0.029103918,0.000140489,0.5,0.001280793,0.10426913,0.5,0
1834,NODE21_processed_png/c0530.png,0.03629656,0.06713209,0.22441322,0.115398094,0.036287446,0.012646781,0.009133406,0.06993131,0.07174965,0.012678381,0.006487893,0.010708522,0.028275358,6.154094e-05,0.5,0.001800902,0.06165978,0.5,0
1835,NODE21_processed_png/c0942.png,0.058452003,0.08074868,0.24937902,0.089811645,0.023214722,0.005752645,0.001616392,0.06676213,0.11954041,0.007303834,0.009312945,0.006052217,0.025222907,2.8765713e-05,0.5,0.000839655,0.27418187,0.5,0
1836,NODE21_processed_png/c0297.png,0.059079885,0.09686352,0.17699699,0.0925529,0.020586427,0.011706479,0.003970604,0.0732197,0.07701232,0.009730012,0.003757041,0.009355673,0.046425607,2.9029083e-05,0.5,0.001216724,0.24307144,0.5,0
1837,NODE21_processed_png/c3857.png,0.058617346,0.03260849,0.13241418,0.09005858,0.004092419,0.034167193,0.002140572,0.06213986,0.034690402,0.017691996,0.01088064,0.006784618,0.03838504,0.00014731,0.5,0.001521083,0.073757805,0.5,0
1838,NODE21_processed_png/c3425.png,0.027769214,0.043645117,0.15351695,0.16058004,0.017936647,0.04132496,0.002547512,0.030723827,0.025369097,0.008262683,0.003848674,0.00900967,0.042252224,3.4521785e-05,0.5,0.002362304,0.016152041,0.5,0
1839,NODE21_processed_png/c3382.png,0.023975478,0.06372766,0.15413989,0.08767788,0.037525985,0.013756688,0.003712483,0.051853236,0.072233796,0.012218172,0.0193979,0.008553281,0.020817319,5.5224933e-05,0.5,0.000877278,0.3205568,0.5,0
1840,NODE21_processed_png/c2265.png,0.040368836,0.02679775,0.14073467,0.04491727,0.00790975,0.011820471,0.002739087,0.027119389,0.03616826,0.008568512,0.004410732,0.010299427,0.040070515,0.000107573,0.5,0.0030315,0.13222086,0.5,0
1841,NODE21_processed_png/c2961.png,0.019191438,0.05805231,0.20476703,0.029227069,0.0491926,0.003741095,0.001915252,0.043027703,0.13647243,0.005064295,0.008806983,0.006544372,0.015629461,2.4368448e-05,0.5,0.000486591,0.45752007,0.5,0
1842,NODE21_processed_png/c2513.png,0.050983693,0.08097549,0.15820597,0.15388395,0.016653985,0.021783808,0.006640907,0.10117609,0.051046465,0.015841106,0.016754443,0.014357681,0.022149362,0.000306809,0.5,0.003970639,0.09956851,0.5,0
1843,NODE21_processed_png/c3886.png,0.044513498,0.10632883,0.26310724,0.10745412,0.07426307,0.00597078,0.002663239,0.07543795,0.13702059,0.008656898,0.010436532,0.01286532,0.027691128,0.000123705,0.5,0.001631619,0.35799432,0.5,0
1844,NODE21_processed_png/c3353.png,0.033807315,0.04380524,0.1699725,0.1540704,0.005682136,0.037758414,0.007500672,0.06471147,0.04129709,0.019584477,0.006759419,0.007284853,0.029646672,1.7184544e-05,0.5,0.000695944,0.122418314,0.5,0
1845,NODE21_processed_png/c0993.png,0.04174647,0.056193978,0.1662555,0.12385678,0.02109309,0.040430106,0.00523104,0.038044542,0.053281177,0.01396741,0.009576292,0.007069057,0.02484891,0.000137311,0.5,0.001793242,0.10716955,0.5,0
1846,NODE21_processed_png/c0246.png,0.06559142,0.05660709,0.17780714,0.11384984,0.015431477,0.036667492,0.004108338,0.076519795,0.08029901,0.01781844,0.004948456,0.010282657,0.058374736,5.2994616e-05,0.5,0.003214527,0.48048487,0.5,0
1847,NODE21_processed_png/c1406.png,0.039301928,0.042021666,0.19556487,0.013856122,0.01711339,0.003184018,0.000985449,0.04174852,0.06560122,0.005341395,0.004891617,0.006842758,0.032341152,4.2578435e-05,0.5,0.002855114,0.2420037,0.5,0
1848,NODE21_processed_png/c1874.png,0.04032324,0.048269916,0.16413425,0.03641141,0.02926766,0.008009436,0.003223645,0.060911454,0.06374787,0.0076493,0.014763182,0.010746693,0.018985054,0.000128001,0.5,0.004808245,0.2068797,0.5,0
1849,NODE21_processed_png/c3095.png,0.030231403,0.07889168,0.20167555,0.11167144,0.032186538,0.010920205,0.004706258,0.14537777,0.046887208,0.01102028,0.016583653,0.005352241,0.011914362,2.8835062e-05,0.5,0.000493834,0.07688917,0.5,0
1850,NODE21_processed_png/c3732.png,0.016017219,0.06584714,0.21993394,0.059605554,0.061082773,0.006210746,0.002277549,0.043493234,0.20639643,0.007305938,0.010970352,0.011522175,0.031817723,2.3894307e-05,0.5,0.000739531,0.779059,0.5,0
1851,NODE21_processed_png/c2172.png,0.06580454,0.055913754,0.1113269,0.067979634,0.001634326,0.010404075,0.001109477,0.04350278,0.045373432,0.008737307,0.002458685,0.012770261,0.046624083,1.7780048e-05,0.5,0.003547494,0.1218233,0.5,0
1852,NODE21_processed_png/c1067.png,0.02370261,0.0622635,0.22078396,0.076138064,0.03469818,0.01464669,0.003246124,0.06122402,0.07039306,0.00818762,0.010590295,0.010586405,0.030333769,6.707331e-05,0.5,0.002100133,0.18439932,0.5,0
1853,NODE21_processed_png/c0180.png,0.048757076,0.03221435,0.13717641,0.071166985,0.011076856,0.014231377,0.003785941,0.036724366,0.019665645,0.014080033,0.010580094,0.009346936,0.03619544,0.000119515,0.5,0.005584276,0.025682716,0.5,0
1854,NODE21_processed_png/c0627.png,0.02546557,0.10328975,0.26487872,0.0809118,0.028978115,0.015033465,0.004871311,0.06494484,0.12523834,0.009661565,0.010720163,0.011123585,0.02794349,2.1956594e-05,0.5,0.00064085,0.43338364,0.5,0
1855,NODE21_processed_png/n0256.png,0.060203146,0.07419322,0.25451046,0.039606124,0.04748752,0.007411497,0.001068324,0.12498765,0.21497685,0.007204269,0.020404719,0.008098196,0.037331544,2.6177313e-05,0.5,0.003538193,0.7221611,0.5,1
1856,NODE21_processed_png/c1261.png,0.06925441,0.039855294,0.21580368,0.031015247,0.041121833,0.007620668,0.001916287,0.08061517,0.06091421,0.007548816,0.019913185,0.009738633,0.054960527,0.000109087,0.5,0.001913419,0.041756306,0.5,0
1857,NODE21_processed_png/c0853.png,0.056397595,0.059066143,0.20386827,0.071292914,0.041051865,0.010885672,0.007344599,0.08455266,0.076347955,0.01100012,0.010866215,0.017646385,0.028457455,0.000175621,0.5,0.001400504,0.15627654,0.5,0
1858,NODE21_processed_png/c0421.png,0.05356061,0.069515765,0.23640613,0.040392358,0.043641042,0.007211849,0.004795534,0.06568651,0.09858003,0.006776306,0.016869763,0.00968723,0.049435575,0.000182173,0.5,0.003540412,0.34612995,0.5,0
1859,NODE21_processed_png/c0386.png,0.055340122,0.03791857,0.15184745,0.048633974,0.01223514,0.012621098,0.00182824,0.06813039,0.060071062,0.008886614,0.011818354,0.006813994,0.026953377,0.000136218,0.5,0.002201281,0.16254915,0.5,0
1860,NODE21_processed_png/c3534.png,0.03885598,0.047433604,0.15901908,0.07659394,0.020543145,0.03318633,0.001382936,0.049542453,0.039354403,0.007894016,0.014256817,0.00697726,0.027136851,1.1555038e-05,0.5,0.00093995,0.06609946,0.5,0
1861,NODE21_processed_png/c3293.png,0.04954473,0.09260224,0.2786455,0.23685321,0.07126338,0.05659597,0.015256434,0.07798941,0.061341934,0.016662475,0.004492766,0.016915895,0.049214795,0.000226355,0.5,0.003587106,0.04233321,0.5,0
1862,NODE21_processed_png/c2374.png,0.07448932,0.057872422,0.18954618,0.0762293,0.018271487,0.007085479,0.004786763,0.15426777,0.040119812,0.036082577,0.014086477,0.011468741,0.06713976,6.622294e-05,0.5,0.002765633,0.049488224,0.5,0
1863,NODE21_processed_png/c0040.png,0.09956414,0.06490394,0.21679838,0.069239184,0.027398046,0.02909927,0.002985009,0.04091009,0.11833401,0.011239872,0.008293066,0.014055982,0.066827334,0.000337542,0.5,0.006513196,0.28985038,0.5,0
1864,NODE21_processed_png/n0431.png,0.056486543,0.055536404,0.18301669,0.050366312,0.020584304,0.010102922,0.002050454,0.06604197,0.066074856,0.006020707,0.008972051,0.008067735,0.036337845,0.000100791,0.5,0.003882004,0.22375743,0.5,1
1865,NODE21_processed_png/c1600.png,0.05888292,0.08701102,0.17863034,0.15220174,0.022548046,0.027142698,0.005471644,0.06618888,0.10980907,0.01297434,0.008290717,0.013978361,0.050490532,0.000270838,0.5,0.003843973,0.40622628,0.5,0
1866,NODE21_processed_png/c2715.png,0.053079557,0.056632314,0.15151477,0.052507393,0.01095701,0.006870093,0.005865336,0.07550134,0.047459286,0.012231089,0.026227426,0.008005339,0.02510955,0.000142951,0.5,0.002382751,0.18783508,0.5,0
1867,NODE21_processed_png/c3155.png,0.038435612,0.04389541,0.19828694,0.057724204,0.03333734,0.005240878,0.003774305,0.0564814,0.10250021,0.011179339,0.010121571,0.010589462,0.032029808,8.646451e-05,0.5,0.0024245,0.40458623,0.5,0
1868,NODE21_processed_png/c3184.png,0.024166148,0.07368478,0.13461785,0.034039572,0.005094983,0.011877123,0.001526083,0.078458525,0.042853568,0.005231499,0.001804963,0.005637638,0.022445329,4.211034e-05,0.5,0.000574297,0.08781656,0.5,0
1869,NODE21_processed_png/c3623.png,0.03712861,0.044101294,0.18415824,0.018963536,0.014780095,0.004175831,0.001973946,0.054509226,0.040457487,0.009117704,0.016773429,0.008919337,0.025895806,0.000239313,0.5,0.003970492,0.082536966,0.5,0
1870,NODE21_processed_png/c2063.png,0.03514614,0.05600335,0.1535892,0.053019222,0.008100483,0.004924024,0.002588473,0.06939297,0.03983149,0.009454643,0.003119523,0.007345442,0.05136126,7.2320863e-06,0.5,0.001873916,0.1370927,0.5,0
1871,NODE21_processed_png/c1176.png,0.08143807,0.08731884,0.25970593,0.1624668,0.03715391,0.027771784,0.008283854,0.06686228,0.08457689,0.01058832,0.003527174,0.014011262,0.04632579,0.000283494,0.5,0.00422066,0.09262393,0.5,0
1872,NODE21_processed_png/n0892.png,0.04886144,0.08479716,0.21400943,0.083435096,0.062367495,0.017693507,0.01468503,0.06502906,0.13075277,0.018747501,0.009555128,0.030654063,0.08190817,0.000271562,0.5,0.003021041,0.46049947,0.5,1
1873,NODE21_processed_png/c0091.png,0.064181745,0.04464537,0.16325662,0.02515246,0.013383107,0.00487165,0.00222083,0.041117772,0.084585406,0.005488927,0.00734888,0.007978171,0.029567434,3.523112e-05,0.5,0.003196969,0.5052492,0.5,0
1874,NODE21_processed_png/n0347.png,0.015039456,0.03893829,0.15095131,0.061244097,0.013718439,0.015435856,0.007450246,0.020477004,0.035395056,0.011805529,0.015243382,0.011036622,0.03325488,2.9968192e-05,0.5,0.001796926,0.10245286,0.5,1
1875,NODE21_processed_png/c2402.png,0.06065621,0.05240215,0.13907503,0.067662686,0.001968063,0.011499474,0.001066906,0.043777686,0.028898766,0.007612738,0.005267029,0.005170126,0.029357089,3.805235e-05,0.5,0.001766252,0.017053142,0.5,0
1876,NODE21_processed_png/c2870.png,0.061659507,0.051902268,0.1773013,0.108274706,0.023259044,0.039471008,0.005324464,0.06333234,0.052813772,0.012559332,0.013955148,0.012768465,0.032914296,0.000252568,0.5,0.004703715,0.08587202,0.5,0
1877,NODE21_processed_png/c3242.png,0.04377844,0.084081,0.1926753,0.15191752,0.0248127,0.029169677,0.002728168,0.05325029,0.12784085,0.005586121,0.005254429,0.012824668,0.036737803,4.076477e-05,0.5,0.002870064,0.5862168,0.5,0
1878,NODE21_processed_png/n0081.png,0.03461773,0.05102458,0.17340967,0.026198866,0.023203645,0.005543042,0.002270104,0.06358318,0.049350094,0.007478036,0.020485574,0.007295418,0.02579675,0.000133643,0.5,0.004043659,0.09031727,0.5,1
1879,NODE21_processed_png/c0882.png,0.10385625,0.05153624,0.17938276,0.094293706,0.016581366,0.026582716,0.011610125,0.097719945,0.08153645,0.02624006,0.022755787,0.013548135,0.05066548,0.000532162,0.5,0.006649098,0.25556856,0.5,0
1880,NODE21_processed_png/c0357.png,0.01376087,0.078244254,0.21878158,0.020120738,0.011489974,0.001422663,0.001044606,0.026423842,0.042730656,0.00478844,0.002535726,0.006242814,0.019316832,3.563974e-06,0.5,0.000203507,0.063343674,0.5,0
1881,NODE21_processed_png/c1965.png,0.037138976,0.057809904,0.1344797,0.150916,0.016561894,0.022246756,0.010412987,0.07746857,0.044675868,0.013101319,0.010076819,0.012669248,0.023076251,7.495129e-05,0.5,0.001570864,0.118287385,0.5,0
1882,NODE21_processed_png/c1517.png,0.053827252,0.049845662,0.13955554,0.0754803,0.010245744,0.032835737,0.001435286,0.03471029,0.044881243,0.005226357,0.00875844,0.008283258,0.035956986,6.84063e-05,0.5,0.002196114,0.07258282,0.5,0
1883,NODE21_processed_png/c1789.png,0.03934426,0.06160433,0.23007631,0.06346059,0.03068487,0.012478532,0.008798082,0.04094208,0.089551784,0.013209041,0.01690753,0.00817949,0.02764163,4.4133652e-05,0.5,0.002404551,0.20698333,0.5,0
1884,NODE21_processed_png/c2928.png,0.05948219,0.04768432,0.16384907,0.06333654,0.01977226,0.007440316,0.002819548,0.15977113,0.049497765,0.020142147,0.04108256,0.007894204,0.021090537,0.000145035,0.5,0.002323398,0.09679819,0.5,0
1885,NODE21_processed_png/c1339.png,0.06152743,0.05519818,0.20775779,0.1512751,0.04717503,0.018366778,0.013266229,0.14556219,0.09245217,0.026629632,0.018844508,0.014167172,0.03645044,0.000117902,0.5,0.004278817,0.27651778,0.5,0
1886,NODE21_processed_png/c0579.png,0.05479163,0.07646091,0.22978577,0.10343061,0.0368742,0.015120166,0.003872539,0.10385893,0.121166155,0.014054746,0.018697616,0.008435442,0.035289273,8.683676e-05,0.5,0.001796471,0.37081307,0.5,0
1887,NODE21_processed_png/c0118.png,0.037140068,0.07858903,0.184658,0.0988871,0.026360631,0.015559129,0.006076516,0.082512096,0.10467043,0.011119051,0.010084598,0.007898686,0.032388985,2.7493661e-05,0.5,0.001220334,0.44449762,0.5,0
1888,NODE21_processed_png/n0569.png,0.036973402,0.12484394,0.20903955,0.019366357,0.007721625,0.00370952,0.0015998,0.062329605,0.113515005,0.004349771,0.005148407,0.007831887,0.020246703,9.744376e-06,0.5,0.000576555,0.6523463,0.5,1
1889,NODE21_processed_png/c1758.png,0.0393093,0.0674589,0.1708935,0.07538868,0.012056491,0.045202486,0.00670201,0.053387456,0.023987351,0.014422894,0.002471544,0.013019761,0.05223853,0.000117044,0.5,0.00563045,0.016874932,0.5,0
1890,NODE21_processed_png/c3548.png,0.08544182,0.08392108,0.2093208,0.08975169,0.030632421,0.020247217,0.002951629,0.071121305,0.13422652,0.009222183,0.011326835,0.011595203,0.041955154,0.000428008,0.5,0.005849302,0.42589885,0.5,0
1891,NODE21_processed_png/c2308.png,0.03057812,0.08343183,0.19795874,0.12186366,0.027543869,0.016930187,0.002302035,0.040239442,0.08401164,0.006196147,0.005921844,0.010440907,0.02924306,2.1533237e-05,0.5,0.001563024,0.4293732,0.5,0
1892,NODE21_processed_png/c2769.png,0.06396509,0.06333549,0.1825572,0.13956861,0.027267227,0.043516476,0.005577822,0.039447065,0.082369104,0.020632017,0.005364118,0.010028433,0.0623387,7.457941e-05,0.5,0.002050242,0.310341,0.5,0
1893,NODE21_processed_png/c3129.png,0.04170962,0.059580628,0.14916964,0.13763808,0.004496342,0.039756343,0.003527926,0.052912742,0.038836434,0.012204921,0.00267919,0.007053614,0.037648387,8.127346e-06,0.5,0.001925058,0.18948378,0.5,0
1894,NODE21_processed_png/c1919.png,0.03108153,0.05013241,0.18728589,0.044081945,0.02431133,0.008895892,0.006172691,0.04223894,0.064203195,0.006995317,0.016675359,0.007306852,0.03962214,9.5823394e-05,0.5,0.001200303,0.16881295,0.5,0
1895,NODE21_processed_png/c3599.png,0.029486882,0.036431894,0.1263649,0.10490717,0.009177842,0.030991687,0.000800605,0.022600327,0.031889662,0.005649769,0.006797184,0.004208508,0.02349787,2.2171362e-05,0.5,0.000843632,0.0198644,0.5,0
1896,NODE21_processed_png/c3707.png,0.055051137,0.058746483,0.18009678,0.10317895,0.018062603,0.028600086,0.005124081,0.059619494,0.081882946,0.009016553,0.008544857,0.009683394,0.039930936,6.446459e-05,0.5,0.002255206,0.21818109,0.5,0
1897,NODE21_processed_png/c2147.png,0.039152898,0.08276984,0.19755982,0.11587836,0.037604827,0.026237464,0.005201582,0.08109532,0.11284504,0.01160318,0.011179288,0.011171954,0.023878166,5.7004054e-05,0.5,0.001153775,0.46729672,0.5,0
1898,NODE21_processed_png/c1052.png,0.039622422,0.060552325,0.18872671,0.19308363,0.018379394,0.0718073,0.00640635,0.039475363,0.048587922,0.009960926,0.007014143,0.012829051,0.05345483,0.000148246,0.5,0.001327674,0.03264586,0.5,0
1899,NODE21_processed_png/c0612.png,0.03354978,0.09992538,0.17643304,0.12972619,0.040682442,0.008641747,0.00286361,0.06233188,0.1454348,0.009731713,0.003198169,0.010914389,0.05310031,5.7753838e-05,0.5,0.001112439,0.7540161,0.5,0
1900,NODE21_processed_png/c2954.png,0.016483037,0.073131874,0.15512963,0.03738734,0.0116142,0.010450549,0.004585413,0.030447118,0.047579106,0.006551766,0.002492025,0.00919866,0.022981204,6.2349122e-06,0.5,0.000590911,0.08353095,0.5,0
1901,NODE21_processed_png/c2526.png,0.047830455,0.032596685,0.14328599,0.05650286,0.006384428,0.009410658,0.004447742,0.04940569,0.020327628,0.01587495,0.007467724,0.006176252,0.032449722,0.000154042,0.5,0.002569983,0.040112372,0.5,0
1902,NODE21_processed_png/c2281.png,0.08240213,0.044368394,0.12974349,0.0707969,0.006455875,0.026528299,0.001604066,0.1716768,0.02900881,0.017791554,0.02163063,0.00889528,0.034382958,4.5030516e-05,0.5,0.006574567,0.049660254,0.5,0
1903,NODE21_processed_png/c3366.png,0.048186664,0.06440944,0.17518327,0.13193522,0.0221751,0.017835751,0.007177697,0.11846453,0.10887553,0.018763356,0.014326001,0.007263552,0.02313941,1.7526316e-05,0.5,0.000811517,0.32669917,0.5,0
1904,NODE21_processed_png/c0273.png,0.043072708,0.03215408,0.17644,0.042447574,0.023788491,0.01019536,0.006914753,0.07075519,0.057908557,0.019072466,0.026390009,0.010780693,0.031871364,0.000390309,0.5,0.002471701,0.08027491,0.5,0
1905,NODE21_processed_png/c1433.png,0.028745398,0.041034184,0.18981345,0.1489365,0.017356949,0.052848596,0.00411415,0.027128551,0.040437512,0.007449854,0.002345703,0.010380125,0.049633395,6.0383743e-05,0.5,0.001007724,0.031426895,0.5,0
1906,NODE21_processed_png/c1841.png,0.04304336,0.052396536,0.19801657,0.05593694,0.034940902,0.012248321,0.003781413,0.08244524,0.059425365,0.013297624,0.015163784,0.007675706,0.04511428,0.000124909,0.5,0.00286209,0.14186431,0.5,0
1907,NODE21_processed_png/n1042.png,0.047709506,0.040519606,0.15642746,0.020772059,0.01220815,0.003333744,0.000971158,0.040533345,0.06251644,0.007022202,0.005382658,0.006409877,0.037014976,0.000138047,0.5,0.003114897,0.15506147,0.5,1
1908,NODE21_processed_png/c1890.png,0.07559334,0.06371666,0.20012277,0.01352028,0.015056865,0.007072161,0.001139735,0.04396994,0.073574476,0.01004942,0.006718017,0.006626765,0.055449583,0.000109455,0.5,0.006262519,0.26740956,0.5,0
1909,NODE21_processed_png/c1345.png,0.03464719,0.058853675,0.2165528,0.14435227,0.04024592,0.009369385,0.005374961,0.056514114,0.12489077,0.014442533,0.023920212,0.01271492,0.030985532,9.0779184e-05,0.5,0.003379189,0.4528907,0.5,0
1910,NODE21_processed_png/c0505.png,0.102712624,0.03433998,0.13541405,0.029136516,0.01726809,0.009675509,0.004033471,0.08190813,0.041902,0.011643261,0.021310078,0.010407525,0.029375585,0.000178139,0.5,0.00431578,0.12641956,0.5,0
1911,NODE21_processed_png/c0977.png,0.023250513,0.07069196,0.15842071,0.16194806,0.02878761,0.024516985,0.004889846,0.066326134,0.104052834,0.011188071,0.010352603,0.011898355,0.03629439,3.467736e-05,0.5,0.000652367,0.439842,0.5,0
1912,NODE21_processed_png/n0174.png,0.04047301,0.13145648,0.2612899,0.062049825,0.028038463,0.010249748,0.002562353,0.11636512,0.17370316,0.006672855,0.003984458,0.004562779,0.02628746,1.4554277e-05,0.5,0.000512337,0.6118666,0.5,1
1913,NODE21_processed_png/c3862.png,0.03639648,0.050860383,0.19295858,0.04704373,0.022150509,0.011653937,0.003716426,0.039661363,0.04690232,0.007164551,0.044086177,0.005363776,0.016540991,9.940795e-05,0.5,0.001006147,0.06760074,0.5,0
1914,NODE21_processed_png/c3410.png,0.05111256,0.0415259,0.120278366,0.12806724,0.017214274,0.067727886,0.006206191,0.03908503,0.029354306,0.014377769,0.014721688,0.00865259,0.040260654,0.000465911,0.5,0.006968556,0.0569705,0.5,0
1915,NODE21_processed_png/c2985.png,0.03878902,0.06946469,0.26494768,0.06532262,0.062308446,0.005965567,0.002158742,0.09588397,0.16174349,0.008535813,0.011216571,0.009260736,0.022436084,7.0158e-05,0.5,0.001215825,0.39897335,0.5,0
1916,NODE21_processed_png/c2250.png,0.04090579,0.09360921,0.20586488,0.154985,0.059550557,0.013391282,0.005928562,0.09297366,0.1712041,0.01185544,0.016354458,0.012683761,0.03892229,3.7907583e-05,0.5,0.001061802,0.67364675,0.5,0
1917,NODE21_processed_png/c0164.png,0.04708499,0.031887133,0.20012556,0.014204029,0.020968122,0.00216374,0.001337703,0.053241827,0.050500702,0.008975578,0.027540952,0.003875077,0.02262427,0.000126506,0.5,0.002288651,0.06995527,0.5,0
1918,NODE21_processed_png/c1083.png,0.04041631,0.07409404,0.20473294,0.08468029,0.029960368,0.007809649,0.003040428,0.06403274,0.089455135,0.00997743,0.005298142,0.013399427,0.034434825,6.362884e-05,0.5,0.004942628,0.34969696,0.5,0
1919,NODE21_processed_png/c1724.png,0.05587842,0.06639706,0.17927392,0.063185304,0.031094965,0.019671597,0.002799631,0.07207819,0.08375906,0.009390483,0.030052856,0.007538509,0.0275637,0.000200181,0.5,0.003182445,0.37202814,0.5,0
1920,NODE21_processed_png/c2196.png,0.04022738,0.08236212,0.17540056,0.25209722,0.013703576,0.06436585,0.007806626,0.10932811,0.07505602,0.021312527,0.009179458,0.012276499,0.035752654,7.5495172e-06,0.5,0.001054959,0.44875497,0.5,0
1921,NODE21_processed_png/c2631.png,0.04732883,0.039858676,0.189169,0.049448147,0.026362589,0.01900683,0.005244508,0.05777387,0.07009611,0.011749646,0.05562878,0.007699397,0.02389801,0.000336726,0.5,0.002681101,0.12839688,0.5,0
1922,NODE21_processed_png/c3071.png,0.028646076,0.087019034,0.18904349,0.064468786,0.088103466,0.003377129,0.00322458,0.10421312,0.1795005,0.009158799,0.028262308,0.010731855,0.01721569,0.000195345,0.5,0.000632143,0.6566904,0.5,0
1923,NODE21_processed_png/c0828.png,0.03562725,0.07162024,0.18698369,0.21146609,0.039854735,0.009707125,0.005409984,0.11087376,0.14367159,0.012291472,0.020182353,0.009034089,0.025577636,5.440137e-05,0.5,0.001151539,0.48887786,0.5,0
1924,NODE21_processed_png/c3689.png,0.028039623,0.1273207,0.21597072,0.02560717,0.049823653,0.004282569,0.001944551,0.08249632,0.12369381,0.005879319,0.008613481,0.007672402,0.025762305,2.621936e-05,0.5,0.000891298,0.547336,0.5,0
1925,NODE21_processed_png/c2018.png,0.038208954,0.095646836,0.27110648,0.19033635,0.045086563,0.043978833,0.012190912,0.047483407,0.09386154,0.021455968,0.001364988,0.03424069,0.07315818,0.000147412,0.5,0.004479078,0.11302065,0.5,0
1926,NODE21_processed_png/c3658.png,0.03415345,0.057471287,0.18508251,0.06362192,0.027164442,0.006699925,0.002976166,0.03544678,0.06874123,0.003445647,0.015804993,0.007613602,0.018381588,5.7191795e-05,0.5,0.000726038,0.2208607,0.5,0
1927,NODE21_processed_png/c3239.png,0.048271213,0.051378425,0.16166519,0.03717922,0.014371109,0.004467964,0.00118756,0.07358228,0.035202798,0.010863078,0.0109686,0.006901271,0.057302613,0.000108875,0.5,0.001361747,0.07643851,0.5,0
1928,NODE21_processed_png/c2479.png,0.029695027,0.050112076,0.19075358,0.12459383,0.045693345,0.008582524,0.003469499,0.07444206,0.11736705,0.015349675,0.018924374,0.010083281,0.047673114,0.00021227,0.5,0.002436155,0.42931357,0.5,0
1929,NODE21_processed_png/c2140.png,0.08968474,0.05754361,0.18075916,0.11910086,0.008837243,0.07271597,0.000924034,0.09838801,0.07274642,0.012826737,0.009026704,0.007771601,0.058575466,1.9332489e-05,0.5,0.006205658,0.25415695,0.5,0
1930,NODE21_processed_png/c3700.png,0.031740624,0.10752717,0.1858774,0.028505307,0.017853241,0.003977334,0.001625331,0.07657494,0.097645216,0.004489798,0.002543854,0.005950445,0.02025901,9.780407e-06,0.5,0.000976973,0.49734294,0.5,0
1931,NODE21_processed_png/n0264.png,0.038771354,0.049089883,0.17344394,0.08654875,0.023603396,0.02107097,0.00349109,0.053493243,0.04091094,0.008108583,0.02074682,0.010831887,0.034828525,0.000169745,0.5,0.001969823,0.08998199,0.5,1
1932,NODE21_processed_png/c0615.png,0.05485741,0.036138225,0.15481925,0.12459252,0.0124681,0.041028995,0.011495277,0.06481566,0.039742026,0.018964896,0.032980457,0.009059353,0.036751922,0.000136052,0.5,0.002419991,0.07790902,0.5,0
1933,NODE21_processed_png/c3361.png,0.03155966,0.060436644,0.18635526,0.14022857,0.030638304,0.014261918,0.007278269,0.05189117,0.11790064,0.015044802,0.014070297,0.010358932,0.028524272,4.7361526e-05,0.5,0.001002008,0.46945098,0.5,0
1934,NODE21_processed_png/c2286.png,0.031470697,0.047864024,0.18914069,0.043668155,0.008638633,0.00645509,0.002349162,0.05279,0.05300867,0.008416487,0.005802331,0.005238618,0.027546695,2.3551163e-05,0.5,0.00115616,0.19666404,0.5,0
1935,NODE21_processed_png/c2521.png,0.014781666,0.0747361,0.17785367,0.029513061,0.011841313,0.003421939,0.002110975,0.032718863,0.06682122,0.006917302,0.006074178,0.003991728,0.012082896,3.3928256e-06,0.5,0.000394308,0.36611992,0.5,0
1936,NODE21_processed_png/c2953.png,0.040211458,0.069208086,0.18114911,0.16382954,0.014121573,0.04532304,0.003829392,0.06341249,0.072728015,0.00743182,0.00324226,0.012789471,0.036786105,2.606902e-05,0.5,0.001217256,0.37120584,0.5,0
1937,NODE21_processed_png/c1393.png,0.03583974,0.0591529,0.18110533,0.074823946,0.03260477,0.012245432,0.005182792,0.044429604,0.0947365,0.008741445,0.014457125,0.011027126,0.021528982,6.81154e-05,0.5,0.001852266,0.479529,0.5,0
1938,NODE21_processed_png/c1846.png,0.035922207,0.061432302,0.22518365,0.06261453,0.037320796,0.036340393,0.006854585,0.04301281,0.075785935,0.010700435,0.006048373,0.01630538,0.037876762,0.000148417,0.5,0.002356279,0.16271071,0.5,0
1939,NODE21_processed_png/c1434.png,0.069369815,0.05699822,0.15493943,0.035122853,0.026284643,0.01040657,0.001970408,0.11411449,0.05808916,0.010236084,0.011380334,0.007658135,0.064638644,0.000173385,0.5,0.004065805,0.19116746,0.5,0
1940,NODE21_processed_png/n1045.png,0.07323012,0.06682331,0.28940377,0.025876826,0.053720057,0.006538418,0.00063691,0.062059354,0.18026426,0.004449643,0.011635493,0.011326857,0.049609672,6.608403e-05,0.5,0.003839277,0.6292635,0.5,1
1941,NODE21_processed_png/c0274.png,0.06256042,0.050011486,0.14613356,0.04754679,0.008995746,0.017083565,0.0018657,0.06942329,0.041086305,0.010131219,0.004242909,0.010946997,0.06064764,3.924262e-05,0.5,0.004005008,0.09918214,0.5,0
1942,NODE21_processed_png/c0970.png,0.032671876,0.045486107,0.15112162,0.028873237,0.00670033,0.005389808,0.002572896,0.05551088,0.028697051,0.011001361,0.010329309,0.009389357,0.030041222,7.1756935e-05,0.5,0.001876724,0.054361876,0.5,0
1943,NODE21_processed_png/c0502.png,0.036070205,0.04690285,0.1877657,0.08977156,0.027084816,0.044950087,0.001913727,0.041466296,0.07103679,0.008622183,0.010142214,0.007902646,0.023755243,3.4182915e-05,0.5,0.00235839,0.16332471,0.5,0
1944,NODE21_processed_png/n0173.png,0.034397613,0.044911195,0.22569077,0.041119464,0.034891624,0.004857666,0.001769587,0.055515844,0.07771107,0.00945688,0.016390722,0.005609362,0.026793135,3.9331713e-05,0.5,0.000947208,0.13232589,0.5,1
1945,NODE21_processed_png/c1342.png,0.0438977,0.061194204,0.19453663,0.072580114,0.014353216,0.026672127,0.002467925,0.031354904,0.080526136,0.004489067,0.002641487,0.009165535,0.046458974,8.740025e-05,0.5,0.001054741,0.18759495,0.5,0
1946,NODE21_processed_png/c1897.png,0.047945783,0.048589945,0.14347981,0.07267258,0.01682769,0.021535901,0.001199334,0.028961048,0.043209527,0.004456528,0.001786691,0.006627368,0.032572664,5.1931318e-05,0.5,0.001265718,0.05920579,0.5,0
1947,NODE21_processed_png/c2257.png,0.052409682,0.044196546,0.12378175,0.08701556,0.011760361,0.014704928,0.003195833,0.07840644,0.044421434,0.007632515,0.013060056,0.006991021,0.02683904,0.000124533,0.5,0.002960915,0.07705598,0.5,0
1948,NODE21_processed_png/c2982.png,0.052941427,0.05629932,0.2152738,0.19109978,0.024904786,0.104822226,0.014943455,0.065116994,0.060944494,0.017744534,0.007690175,0.012985406,0.03191468,0.000168613,0.5,0.004173645,0.14116694,0.5,0
1949,NODE21_processed_png/c3417.png,0.05787204,0.052430157,0.17426728,0.057833325,0.017452385,0.009449551,0.001294745,0.06886074,0.050937124,0.010327742,0.006192481,0.007215307,0.043104388,0.000170603,0.5,0.003800474,0.115597315,0.5,0
1950,NODE21_processed_png/c3865.png,0.044841103,0.033986874,0.14409518,0.07903082,0.013034308,0.025290215,0.004512351,0.04726528,0.06879729,0.015780868,0.004520693,0.009824177,0.035409,7.023143e-05,0.5,0.004090395,0.23567139,0.5,0
1951,NODE21_processed_png/c1723.png,0.018111678,0.059817087,0.24023513,0.053328954,0.033403642,0.011597796,0.003285035,0.030945633,0.063959725,0.006123898,0.006181303,0.007762057,0.02199445,8.767894e-06,0.5,0.000685547,0.08117016,0.5,0
1952,NODE21_processed_png/c1084.png,0.04368335,0.044252392,0.13544679,0.05761739,0.01357051,0.017012434,0.002938926,0.06568076,0.041767646,0.006800397,0.01914544,0.007323131,0.030342612,0.00028232,0.5,0.001575244,0.18573369,0.5,0
1953,NODE21_processed_png/c0163.png,0.024423864,0.043699034,0.22010016,0.25519174,0.019433014,0.043419756,0.011761454,0.04741601,0.041493688,0.015608186,0.010654528,0.013226729,0.02999915,3.8852377e-05,0.5,0.00156614,0.010958778,0.5,0
1954,NODE21_processed_png/n0960.png,0.018997638,0.077308044,0.20749632,0.07043476,0.021722184,0.020368269,0.001462751,0.04858084,0.14819728,0.004924858,0.006414392,0.007516938,0.017319085,1.2207608e-05,0.5,0.000760153,0.83822393,0.5,1
1955,NODE21_processed_png/c3076.png,0.056530267,0.044097748,0.14483465,0.028690558,0.008712973,0.008882328,0.001026212,0.02993507,0.035628043,0.007321138,0.013923537,0.008228371,0.02833832,0.000149212,0.5,0.003562554,0.069416516,0.5,0
1956,NODE21_processed_png/c2636.png,0.03189277,0.10756399,0.22450542,0.06416634,0.08107729,0.004170959,0.002408904,0.07285728,0.24130006,0.007842085,0.009362794,0.01153335,0.03717559,4.6036213e-05,0.5,0.001364128,0.7653792,0.5,0
1957,NODE21_processed_png/c2191.png,0.038765963,0.07824275,0.16789426,0.075834505,0.027401699,0.006668647,0.00350535,0.055264033,0.07534873,0.006548734,0.009653019,0.008805404,0.021154359,6.680916e-05,0.5,0.00172855,0.27836138,0.5,0
1958,NODE21_processed_png/c0381.png,0.054067314,0.05357082,0.2121213,0.09551005,0.032486036,0.006036724,0.003882667,0.04361465,0.1459139,0.009164966,0.012893003,0.008865873,0.02132489,0.000175495,0.5,0.001152467,0.49653214,0.5,0
1959,NODE21_processed_png/c0426.png,0.029753964,0.075348005,0.27467504,0.22573517,0.04756054,0.034454595,0.006101555,0.058527946,0.09386754,0.012399623,0.002411871,0.010933054,0.042533204,9.4980074e-05,0.5,0.003314975,0.120393924,0.5,0
1960,NODE21_processed_png/c0854.png,0.024917455,0.04686536,0.19208315,0.07939685,0.025714051,0.015124854,0.004716566,0.03668152,0.060332768,0.011926569,0.005382939,0.007824612,0.028564837,3.146775e-05,0.5,0.002651848,0.19925815,0.5,0
1961,NODE21_processed_png/n0057.png,0.07372603,0.066085905,0.23313661,0.036950592,0.035173252,0.003152418,0.001696983,0.10246577,0.1086826,0.009712965,0.04229938,0.012052728,0.031210203,0.000275046,0.5,0.005073228,0.28183913,0.5,1
1962,NODE21_processed_png/c1266.png,0.049689386,0.058982875,0.16577205,0.051421832,0.01923188,0.007058205,0.004434731,0.07841237,0.063515104,0.006705444,0.0295723,0.007254073,0.03147594,0.000169637,0.5,0.00225517,0.28614604,0.5,0
1963,NODE21_processed_png/c2373.png,0.06268759,0.05830203,0.19496049,0.021707602,0.023285165,0.007173615,0.001017837,0.053892165,0.079205,0.007102374,0.026388476,0.008212714,0.047393434,9.056182e-05,0.5,0.003521769,0.4350617,0.5,0
1964,NODE21_processed_png/c3294.png,0.026388384,0.074654624,0.19201891,0.053201832,0.011317597,0.021422891,0.006860592,0.027995748,0.076694205,0.012142658,0.003799594,0.009039105,0.039125733,1.0936447e-05,0.5,0.001022182,0.36281312,0.5,0
1965,NODE21_processed_png/c3533.png,0.05073152,0.07532233,0.17380169,0.051945806,0.01641976,0.002887899,0.001953672,0.0825078,0.084901266,0.006038861,0.008745063,0.008956225,0.024762724,6.0794842e-05,0.5,0.001722497,0.35714015,0.5,0
1966,NODE21_processed_png/c1607.png,0.024975294,0.052904073,0.19528484,0.051831443,0.059092414,0.006351505,0.003870515,0.034848906,0.11213857,0.006034519,0.00939282,0.017853536,0.04665581,3.1381533e-05,0.5,0.002453746,0.52749205,0.5,0
1967,NODE21_processed_png/n0391.png,0.051363595,0.105199814,0.23467837,0.07360463,0.06190707,0.007410291,0.004547265,0.09572323,0.15574676,0.008761803,0.016451444,0.011929438,0.05931229,0.000244546,0.5,0.00179565,0.659559,0.5,1
1968,NODE21_processed_png/c0047.png,0.099973574,0.05259097,0.1706827,0.025670875,0.015317673,0.005568774,0.00075274,0.13456517,0.057383228,0.009806644,0.034975275,0.007457994,0.0334946,0.000183078,0.5,0.003821095,0.17201586,0.5,0
1969,NODE21_processed_png/c3152.png,0.05900999,0.041376945,0.12840164,0.09793777,0.017564962,0.026043436,0.004777576,0.051526066,0.04485831,0.018997269,0.011048652,0.011035478,0.06832219,0.00019408,0.5,0.003546497,0.120139204,0.5,0
1970,NODE21_processed_png/c2712.png,0.039706193,0.06768926,0.19693679,0.017545544,0.02748575,0.006036636,0.002542882,0.037815817,0.0604492,0.006484003,0.012785021,0.005809803,0.027692374,4.217802e-05,0.5,0.001149093,0.19986606,0.5,0
1971,NODE21_processed_png/c2064.png,0.02204837,0.058771938,0.15977174,0.08113627,0.017748063,0.008679694,0.001607886,0.040864874,0.066488124,0.006306235,0.003603036,0.00722779,0.02548296,2.74706e-05,0.5,0.001665111,0.10129885,0.5,0
1972,NODE21_processed_png/c3624.png,0.03580189,0.06497874,0.2211083,0.24585333,0.022509385,0.06347734,0.006356752,0.052728906,0.07655184,0.016006574,0.002543395,0.013157447,0.05565073,2.1708745e-05,0.5,0.004187413,0.1617315,0.5,0
1973,NODE21_processed_png/c3183.png,0.046556626,0.105943605,0.19053732,0.026386146,0.026700504,0.01401747,0.003482007,0.057018537,0.090828195,0.009145162,0.013518991,0.007470784,0.035163518,0.000139814,0.5,0.001823797,0.4515662,0.5,0
1974,NODE21_processed_png/c0731.png,0.050976448,0.045361135,0.15059245,0.019049374,0.007276001,0.008046533,0.001106949,0.041847974,0.04341853,0.004915161,0.010186648,0.007062197,0.026804874,3.239968e-05,0.5,0.003572357,0.14778988,0.5,0
1975,NODE21_processed_png/n0895.png,0.024533372,0.09281606,0.22416057,0.052008737,0.07160696,0.003880705,0.003490251,0.04553479,0.11140678,0.011585554,0.01864332,0.011112127,0.022044608,0.00026802,0.5,0.003507102,0.31539735,0.5,1
1976,NODE21_processed_png/c0096.png,0.057114676,0.04535336,0.18521261,0.3662741,0.009849092,0.29139793,0.007159074,0.041899197,0.042887937,0.022790141,0.001442191,0.013464986,0.049839664,5.3337608e-05,0.5,0.004353012,0.11977669,0.5,0
1977,NODE21_processed_png/c1171.png,0.053601,0.07771808,0.19696964,0.09845681,0.036598478,0.016433818,0.006568224,0.06567013,0.07167121,0.010059627,0.015457876,0.010947543,0.03889217,0.00072907,0.5,0.00245482,0.27636424,0.5,0
1978,NODE21_processed_png/c3245.png,0.025958233,0.036902126,0.17316878,0.03287111,0.03959212,0.007333042,0.004285803,0.026875924,0.0640618,0.011983577,0.028622804,0.009230166,0.02519444,0.00015353,0.5,0.000797671,0.21776153,0.5,0
1979,NODE21_processed_png/c2877.png,0.04504384,0.020003732,0.13938442,0.045021065,0.010115711,0.009123749,0.007498156,0.048266336,0.029136902,0.012566186,0.060381882,0.009935214,0.02395269,0.000341377,0.5,0.003186959,0.037321486,0.5,0
1980,NODE21_processed_png/c2405.png,0.034654297,0.08433004,0.21451001,0.04769209,0.045386434,0.00253695,0.001503547,0.09463934,0.1375743,0.010625616,0.025101366,0.00658443,0.018353378,1.5700614e-05,0.5,0.000323417,0.5904528,0.5,0
1981,NODE21_processed_png/c1510.png,0.07236606,0.044317793,0.13439496,0.029530287,0.007990089,0.017507399,0.001541853,0.045256674,0.026246035,0.007777576,0.022885257,0.005931518,0.027133906,0.000248095,0.5,0.003584016,0.036765803,0.5,0
1982,NODE21_processed_png/c1962.png,0.014374212,0.03948906,0.19698332,0.057592146,0.0383991,0.010147873,0.005746818,0.019603781,0.06590573,0.008817585,0.00522584,0.006794347,0.029062109,3.2784425e-05,0.5,0.000522189,0.13742146,0.5,0
1983,NODE21_processed_png/c0350.png,0.03972132,0.053489693,0.16528827,0.16911206,0.026505645,0.0348053,0.002485954,0.06905503,0.040436976,0.011813219,0.012580546,0.012547066,0.052562747,0.001337413,0.5,0.007082627,0.04090074,0.5,0
1984,NODE21_processed_png/c0885.png,0.02452904,0.09769605,0.18086308,0.054968525,0.018358825,0.005632961,0.002047035,0.05413412,0.06798809,0.009875219,0.004381558,0.010542563,0.027876947,3.973879e-06,0.5,0.001353546,0.29761952,0.5,0
1985,NODE21_processed_png/n0218.png,0.027378088,0.07345003,0.1754218,0.044398814,0.03633999,0.011740613,0.001079573,0.0512443,0.083126634,0.00464238,0.004178752,0.008114019,0.026296051,2.7859684e-05,0.5,0.00339203,0.46725315,0.5,1
1986,NODE21_processed_png/c0669.png,0.029837199,0.09434839,0.19919688,0.08765929,0.054720543,0.018480595,0.013611177,0.055143826,0.1272407,0.012154965,0.01832527,0.0151544,0.032742143,2.6574298e-05,0.5,0.000549584,0.40113991,0.5,0
1987,NODE21_processed_png/c1029.png,0.04689462,0.0617637,0.1976976,0.072152115,0.011401556,0.005534049,0.003679923,0.04995848,0.07781986,0.009589341,0.009892747,0.005876316,0.024831094,2.0325704e-05,0.5,0.002403293,0.16532375,0.5,0
1988,NODE21_processed_png/c1448.png,0.026411012,0.02443559,0.13187338,0.091535494,0.012459413,0.06601768,0.004833098,0.030863998,0.031112606,0.011036851,0.009524545,0.01056339,0.032894075,0.000258221,0.5,0.001779034,0.026153035,0.5,0
1989,NODE21_processed_png/n0679.png,0.038546383,0.05360067,0.22854282,0.0445371,0.07073615,0.00503176,0.002118332,0.0961815,0.11335988,0.010050543,0.026799211,0.006325648,0.02232626,9.418898e-05,0.5,0.000971101,0.37579373,0.5,1
1990,NODE21_processed_png/c0208.png,0.05337647,0.072146244,0.17391674,0.09540427,0.01998352,0.018883662,0.002021374,0.08297691,0.076980986,0.007667041,0.012732283,0.006525998,0.037063066,0.000227182,0.5,0.002615258,0.2514554,0.5,0
1991,NODE21_processed_png/c3819.png,0.044140846,0.058138784,0.19015196,0.0507224,0.022274531,0.007389163,0.003771545,0.07616443,0.10215542,0.008837568,0.01945752,0.009611793,0.014790058,0.00028506,0.5,0.002756222,0.3904418,0.5,0
1992,NODE21_processed_png/c1499.png,0.05433697,0.05395059,0.23813954,0.06926394,0.04371423,0.012444946,0.002164631,0.13848391,0.124334894,0.009693695,0.025704116,0.008021089,0.02588125,7.566981e-05,0.5,0.001293285,0.49913827,0.5,0
1993,NODE21_processed_png/c1214.png,0.0329902,0.08651466,0.24046148,0.11229026,0.03182566,0.00692971,0.002264782,0.054520108,0.10032792,0.005997713,0.004302685,0.008460432,0.027477928,2.1403537e-05,0.5,0.000758183,0.10419291,0.5,0
1994,NODE21_processed_png/c0454.png,0.047376927,0.050686684,0.20939223,0.069961324,0.027663214,0.007511275,0.005284613,0.09428619,0.08773381,0.01508491,0.016970683,0.007476689,0.02334778,0.000330192,0.5,0.001384841,0.15537693,0.5,0
1995,NODE21_processed_png/c0826.png,0.04941989,0.038892068,0.14644405,0.057896182,0.015558669,0.017063074,0.001364588,0.07263507,0.039631967,0.007057213,0.013666656,0.005145928,0.027921794,0.000109782,0.5,0.001250737,0.07073156,0.5,0
1996,NODE21_processed_png/n0782.png,0.052559316,0.07969976,0.24453676,0.080369644,0.05762288,0.031823557,0.004030419,0.0687114,0.10162319,0.012278913,0.020016398,0.00901622,0.032819852,0.000152399,0.5,0.003416658,0.18302497,0.5,1
1997,NODE21_processed_png/c3541.png,0.14562756,0.05805054,0.1524177,0.050002422,0.011417803,0.017393328,0.002069973,0.061593384,0.08401018,0.01266654,0.017426506,0.00935364,0.07859275,0.000123959,0.5,0.006717835,0.60027003,0.5,0
1998,NODE21_processed_png/c2301.png,0.051796816,0.06546367,0.18579344,0.06116458,0.016782919,0.026813943,0.003477394,0.045720298,0.088014,0.00855932,0.009889623,0.007686563,0.041992795,5.6789195e-05,0.5,0.00304578,0.2801517,0.5,0
1999,NODE21_processed_png/n0444.png,0.04283051,0.07465942,0.20741652,0.08650477,0.06480916,0.021117192,0.007897924,0.09019984,0.08601091,0.018524705,0.015152561,0.02204458,0.13152331,0.000180707,0.5,0.003169105,0.24581416,0.5,1
2000,NODE21_processed_png/c0035.png,0.04631074,0.046488505,0.13529296,0.010436207,0.001979632,0.006155534,0.000344986,0.060375888,0.02828806,0.010375157,0.001478254,0.005089759,0.059039664,7.191056e-06,0.5,0.001373113,0.16725628,0.5,0
2001,NODE21_processed_png/c0792.png,0.03742633,0.042663798,0.14496617,0.01491185,0.008019888,0.005798149,0.00116189,0.030508874,0.036868565,0.007316191,0.005784187,0.008999141,0.05841874,1.7052604e-05,0.5,0.001791082,0.082581714,0.5,0
2002,NODE21_processed_png/c1675.png,0.025528789,0.050476708,0.1873108,0.03993375,0.034594532,0.008649226,0.003644135,0.04944757,0.064197384,0.00653285,0.054100648,0.006440242,0.01841964,6.73723e-05,0.5,0.00147987,0.1888272,0.5,0
2003,NODE21_processed_png/c2760.png,0.029714135,0.085400686,0.21102522,0.06590989,0.036730953,0.002759015,0.001372381,0.042104334,0.14353189,0.004926638,0.00842941,0.004716885,0.012956469,1.1590852e-05,0.5,0.000206852,0.52220213,0.5,0
2004,NODE21_processed_png/c3120.png,0.06989592,0.036765974,0.1701679,0.01607364,0.028633947,0.00444819,0.001004897,0.08822638,0.05681384,0.006421721,0.05903092,0.003852559,0.017476799,0.000242021,0.5,0.003125317,0.17567898,0.5,0
2005,NODE21_processed_png/c3687.png,0.037292648,0.068048574,0.20379421,0.08977591,0.04337028,0.007726314,0.004152892,0.0695543,0.0882515,0.010194994,0.026700417,0.005417643,0.026433066,0.000107173,0.5,0.001248745,0.26464733,0.5,0
2006,NODE21_processed_png/c3656.png,0.036700852,0.054782663,0.18240516,0.048599113,0.041082937,0.005250472,0.004998069,0.03137085,0.09235227,0.011211613,0.021056373,0.007806544,0.021793673,0.000271886,0.5,0.002014719,0.260306,0.5,0
2007,NODE21_processed_png/c2016.png,0.045291174,0.04481533,0.1910683,0.03709406,0.022353532,0.009373568,0.001304975,0.035489157,0.073192835,0.00628565,0.008870434,0.008771122,0.039512083,4.9398666e-05,0.5,0.002956732,0.18353829,0.5,0
2008,NODE21_processed_png/c1103.png,0.025413351,0.076271266,0.19754773,0.107932724,0.0281842,0.012360089,0.004103276,0.057706084,0.07366947,0.015704084,0.003808084,0.010745832,0.051436152,3.8651528e-05,0.5,0.002055376,0.1994551,0.5,0
2009,NODE21_processed_png/c0743.png,0.04513164,0.052554652,0.20140044,0.034523696,0.043738987,0.002604014,0.002369394,0.060593277,0.1196462,0.009619945,0.030630931,0.007880396,0.037170373,8.1757695e-05,0.5,0.001642598,0.41225213,0.5,0
2010,NODE21_processed_png/c2805.png,0.05138213,0.077792205,0.15252332,0.16600339,0.009142114,0.029484604,0.005155299,0.07753391,0.05910747,0.019158082,0.005775217,0.009615225,0.03585856,1.0029935e-05,0.5,0.001864193,0.2974363,0.5,0
2011,NODE21_processed_png/c2477.png,0.052616894,0.044592574,0.18725625,0.04424296,0.018584331,0.014990092,0.008189758,0.07107853,0.044397414,0.018247912,0.022303304,0.014066873,0.02861011,0.001259888,0.5,0.007762222,0.06449303,0.5,0
2012,NODE21_processed_png/c3590.png,0.05517852,0.06262625,0.20297517,0.11752897,0.022820717,0.015913224,0.005209531,0.05670827,0.07992959,0.013021752,0.006228868,0.00984223,0.046699435,5.482477e-05,0.5,0.001887523,0.14440723,0.5,0
2013,NODE21_processed_png/c3237.png,0.07092163,0.043421865,0.14653566,0.05170859,0.012067196,0.014259184,0.003746709,0.0744775,0.041770965,0.011317317,0.015559003,0.008419096,0.03127319,0.0002785,0.5,0.005411624,0.11188116,0.5,0
2014,NODE21_processed_png/c0485.png,0.05037675,0.07524323,0.2544671,0.05880084,0.04789575,0.01148183,0.004240405,0.09174721,0.15492055,0.014023106,0.025324458,0.011042212,0.029495846,8.5716296e-05,0.5,0.002061439,0.45212096,0.5,0
2015,NODE21_processed_png/c0322.png,0.02470879,0.06485686,0.20345667,0.023372293,0.018357323,0.001625771,0.001738305,0.023863412,0.08330033,0.002889734,0.004425148,0.005440875,0.013749643,1.2998453e-05,0.5,0.000338664,0.22225338,0.5,0
2016,NODE21_processed_png/n1113.png,0.06595453,0.053368293,0.19844148,0.066376686,0.050991304,0.018971916,0.003718036,0.08138707,0.09140951,0.013140136,0.03144927,0.008123106,0.031261094,0.000523071,0.5,0.003616329,0.32680172,0.5,1
2017,NODE21_processed_png/c1562.png,0.040830664,0.056908313,0.19282135,0.066939436,0.041987825,0.008283238,0.002938406,0.06936466,0.077937864,0.006261095,0.008521509,0.009829837,0.03471325,2.8938004e-05,0.5,0.001891145,0.2020471,0.5,0
2018,NODE21_processed_png/c1848.png,0.055730347,0.04103887,0.1499916,0.081746556,0.01763511,0.048736457,0.007762433,0.026990553,0.04421736,0.014790163,0.005497333,0.011291337,0.07279252,0.000454078,0.5,0.004244876,0.13945061,0.5,0
2019,NODE21_processed_png/c2288.png,0.03898588,0.07239296,0.19112378,0.10059925,0.02381775,0.018976603,0.018906225,0.034326658,0.0807529,0.019617373,0.014610709,0.012064501,0.035026755,5.500733e-05,0.5,0.00172624,0.23655437,0.5,0
2020,NODE21_processed_png/c3419.png,0.04285396,0.046233494,0.16852668,0.1994349,0.013372182,0.09237694,0.001994385,0.0368368,0.050876822,0.019246839,0.009529016,0.012319886,0.08186919,3.106973e-05,0.5,0.002040084,0.25845972,0.5,0
2021,NODE21_processed_png/c2259.png,0.05410472,0.050468735,0.1573154,0.05144836,0.013928945,0.009913805,0.00155894,0.0546968,0.07435641,0.00553008,0.014344166,0.005365206,0.028306574,0.000592755,0.5,0.00276814,0.13831396,0.5,0
2022,NODE21_processed_png/c1899.png,0.02153907,0.12753345,0.20447138,0.032830868,0.034971025,0.008848284,0.004795129,0.06369862,0.0954001,0.010846502,0.005511346,0.010448544,0.0343592,1.9538593e-05,0.5,0.000968757,0.33149514,0.5,0
2023,NODE21_processed_png/c2638.png,0.05998508,0.044157322,0.22199348,0.041540384,0.031049829,0.02299092,0.008934768,0.052989483,0.05526732,0.011485756,0.018382147,0.014832071,0.038860362,0.001443089,0.5,0.004748439,0.056006573,0.5,0
2024,NODE21_processed_png/c3078.png,0.033459622,0.10067097,0.21392775,0.06967433,0.07747163,0.003576931,0.005932447,0.09648153,0.20102847,0.009051086,0.03559032,0.014576643,0.015581291,0.000135414,0.5,0.000888708,0.7331821,0.5,0
2025,NODE21_processed_png/c1268.png,0.06961097,0.078507744,0.2073948,0.106098615,0.021765128,0.013225596,0.004386718,0.09975004,0.076627456,0.017119009,0.014689235,0.010259743,0.0754795,0.000135475,0.5,0.002319618,0.30755404,0.5,0
2026,NODE21_processed_png/c0428.png,0.042900566,0.033732384,0.17920499,0.0665183,0.03216159,0.021540426,0.001565628,0.047913097,0.065679945,0.008409459,0.012829078,0.009341904,0.038998116,0.00027037,0.5,0.005028279,0.18751937,0.5,0
2027,NODE21_processed_png/c0049.png,0.05565057,0.050073754,0.16874334,0.07124471,0.012666905,0.013109703,0.00353541,0.07685993,0.063981205,0.011451376,0.06542771,0.004095162,0.018930428,0.000123898,0.5,0.001414436,0.21439742,0.5,0
2028,NODE21_processed_png/c1609.png,0.058873028,0.043763384,0.20100765,0.039660845,0.023797462,0.010197736,0.001493873,0.13801885,0.07312812,0.015107811,0.023553122,0.006498951,0.030688282,4.1853873e-05,0.5,0.006168672,0.34954518,0.5,0
2029,NODE21_processed_png/c0098.png,0.06562844,0.077451624,0.1678814,0.068149455,0.02021963,0.030079199,0.001264012,0.122311234,0.11035157,0.012657722,0.016394787,0.008888197,0.051340226,6.42838e-05,0.5,0.003765667,0.4331885,0.5,0
2030,NODE21_processed_png/n0088.png,0.041377034,0.11730552,0.19626546,0.016764833,0.00793255,0.002899169,0.002351801,0.07104718,0.1096756,0.010564622,0.006149662,0.007478027,0.03190885,5.850924e-06,0.5,0.000586261,0.68664265,0.5,1
2031,NODE21_processed_png/c2879.png,0.0344138,0.04715879,0.115674056,0.054325014,0.003523474,0.031036511,0.00255053,0.0419536,0.018932432,0.009170478,0.009820321,0.009373238,0.042880367,0.000249089,0.5,0.001160199,0.0368941,0.5,0
2032,NODE21_processed_png/c3772.png,0.0631701,0.03985908,0.17835598,0.100253895,0.024840789,0.016948117,0.001879836,0.09706097,0.05040562,0.011832719,0.012894983,0.009286161,0.03277215,0.000348252,0.5,0.011132159,0.0730942,0.5,0
2033,NODE21_processed_png/c2132.png,0.03255733,0.08879424,0.24368548,0.14933228,0.036252197,0.013100713,0.004943136,0.051698197,0.11466845,0.014461362,0.004399894,0.013242647,0.041418888,7.290403e-05,0.5,0.003241255,0.3670691,0.5,0
2034,NODE21_processed_png/c2695.png,0.06729793,0.1367161,0.22387439,0.0658109,0.04833383,0.019648273,0.005113189,0.12678127,0.11028542,0.008587059,0.005922215,0.015040142,0.04597574,0.000107482,0.5,0.005049779,0.58376145,0.5,0
2035,NODE21_processed_png/c1027.png,0.067538016,0.059376787,0.17544985,0.054103144,0.035290852,0.00652614,0.001749869,0.06875513,0.069028236,0.006724732,0.014206018,0.012537253,0.056018945,0.000155041,0.5,0.002619199,0.15326606,0.5,0
2036,NODE21_processed_png/c1780.png,0.034326795,0.08000177,0.28265908,0.06466509,0.06697161,0.012518323,0.006032691,0.040333427,0.08652322,0.007787717,0.005019961,0.007807124,0.036454827,3.252667e-05,0.5,0.000735632,0.24035554,0.5,0
2037,NODE21_processed_png/c0667.png,0.02353259,0.1240691,0.21161133,0.09457413,0.03926223,0.012867765,0.00772764,0.05077801,0.13436618,0.014186254,0.008226903,0.009369238,0.03771299,1.8466671e-05,0.5,0.00054661,0.41375008,0.5,0
2038,NODE21_processed_png/n0216.png,0.082559094,0.07551176,0.18805762,0.1172775,0.030660266,0.018272221,0.004090938,0.09914618,0.0827943,0.011530536,0.027734706,0.010931059,0.04152812,0.000726226,0.5,0.010088187,0.19240601,0.5,1
2039,NODE21_processed_png/c2553.png,0.027109448,0.04672962,0.20473813,0.046833143,0.008904742,0.012056526,0.003251552,0.03777812,0.044739317,0.014795576,0.010397242,0.007946218,0.04272821,1.751739e-05,0.5,0.000570978,0.10018624,0.5,0
2040,NODE21_processed_png/c2921.png,0.02224295,0.058053534,0.18957432,0.10826389,0.042075627,0.003655297,0.002730419,0.052248135,0.12487293,0.007863623,0.011197535,0.010819381,0.020947084,1.4167541e-05,0.5,0.000423125,0.42072317,0.5,0
2041,NODE21_processed_png/c3313.png,0.041824676,0.05617434,0.22069429,0.07614827,0.029765984,0.011597415,0.004127123,0.035397325,0.07031099,0.008966706,0.003408389,0.007597847,0.045108967,3.6091e-05,0.5,0.001344781,0.14230935,0.5,0
2042,NODE21_processed_png/c0206.png,0.04506385,0.04176477,0.18425938,0.12434609,0.013757273,0.12870999,0.006391199,0.03750144,0.03679072,0.008970392,0.005802689,0.013927871,0.049886268,0.000258653,0.5,0.003843539,0.043298185,0.5,0
2043,NODE21_processed_png/n0677.png,0.05858566,0.06261578,0.20010647,0.1474046,0.058776546,0.04273987,0.010244661,0.07452572,0.07039111,0.020090636,0.035233542,0.016786158,0.05028735,0.000442307,0.5,0.006614641,0.17500663,0.5,1
2044,NODE21_processed_png/n1037.png,0.046406176,0.063238576,0.20885669,0.08041965,0.027121171,0.009786043,0.003172459,0.07342576,0.10638578,0.008519024,0.009391082,0.008727222,0.0404877,3.7872996e-05,0.5,0.000957789,0.4358746,0.5,1
2045,NODE21_processed_png/c1834.png,0.053307146,0.03938353,0.17030747,0.016828822,0.013134305,0.007432116,0.001036372,0.105833896,0.04502876,0.013325227,0.033933282,0.005126842,0.020965718,0.000113001,0.5,0.002485116,0.10980837,0.5,0
2046,NODE21_processed_png/c1446.png,0.047385536,0.0451839,0.16242917,0.10070518,0.006173133,0.06713826,0.003668184,0.023251098,0.035654742,0.005987122,0.00390317,0.009921128,0.04756517,4.3545482e-05,0.5,0.001796657,0.12316209,0.5,0
2047,NODE21_processed_png/c1497.png,0.020224437,0.06256442,0.22347406,0.15015034,0.04714313,0.010821554,0.008684095,0.03600028,0.07453715,0.010779425,0.00909909,0.007462554,0.031615056,3.5888163e-05,0.5,0.000834183,0.06946446,0.5,0
2048,NODE21_processed_png/c1330.png,0.03419959,0.0319352,0.14537418,0.030710816,0.013383176,0.004002478,0.00173743,0.052394185,0.034858186,0.013676437,0.013329634,0.005866965,0.047216024,0.000135862,0.5,0.002758548,0.03983312,0.5,0
2049,NODE21_processed_png/n0101.png,0.06964059,0.07300365,0.22670764,0.17071833,0.031231018,0.040239494,0.007139917,0.07352875,0.13195685,0.009031778,0.011589181,0.019584084,0.026197413,0.00022869,0.5,0.002453882,0.47882527,0.5,1
2050,NODE21_processed_png/c0902.png,0.051167626,0.035238195,0.14724612,0.18267694,0.006180201,0.06552264,0.00275373,0.055913314,0.043457873,0.009973992,0.012499635,0.010242766,0.032330357,0.000806641,0.5,0.002316202,0.096264906,0.5,0
2051,NODE21_processed_png/c3465.png,0.06773876,0.09014829,0.17640163,0.12259066,0.02683141,0.03616074,0.00284323,0.075595565,0.07451713,0.015275857,0.011138413,0.010609499,0.05982018,6.7191875e-05,0.5,0.003482702,0.15697592,0.5,0
2052,NODE21_processed_png/c3817.png,0.05467887,0.054684352,0.14895302,0.09101306,0.007634182,0.043286506,0.005976451,0.0371183,0.07166782,0.010001481,0.010221088,0.009737099,0.036983367,0.000302798,0.5,0.003131407,0.1445508,0.5,0
2053,NODE21_processed_png/c2582.png,0.03908268,0.06447545,0.14680347,0.1512247,0.026551737,0.0329956,0.002939479,0.040186796,0.09604502,0.007448291,0.00684136,0.012794335,0.036520094,3.5814177e-05,0.5,0.001589254,0.55753905,0.5,0
2054,NODE21_processed_png/c2225.png,0.027062993,0.056926213,0.2521432,0.02257133,0.06784406,0.002212881,0.000520236,0.056237705,0.16720991,0.002019945,0.019031381,0.005597285,0.014773998,1.4023507e-05,0.5,0.000891344,0.5443289,0.5,0
2055,NODE21_processed_png/n0560.png,0.049788527,0.040349267,0.1951715,0.048352398,0.03443791,0.007580826,0.002222325,0.038490728,0.079054095,0.006875133,0.011271703,0.006623179,0.033909086,0.000101244,0.5,0.001260494,0.1584374,0.5,1
2056,NODE21_processed_png/c0111.png,0.047462255,0.045015797,0.17405424,0.051099297,0.011491885,0.008022417,0.002631279,0.07307868,0.05330834,0.012163515,0.029788004,0.006232647,0.023921283,0.000166346,0.5,0.001211291,0.10774167,0.5,0
2057,NODE21_processed_png/c1751.png,0.05747067,0.06576037,0.17883216,0.054022226,0.010227501,0.015852932,0.002855181,0.089329205,0.07701601,0.009681918,0.014727961,0.006385831,0.035190232,1.5304933e-05,0.5,0.001687786,0.31407565,0.5,0
2058,NODE21_processed_png/c2644.png,0.054054316,0.06288641,0.19180335,0.053000763,0.03324242,0.008904578,0.002747088,0.10483361,0.08156124,0.0110697,0.025185436,0.005391624,0.025374131,6.605612e-05,0.5,0.001229316,0.29612598,0.5,0
2059,NODE21_processed_png/c3004.png,0.020830432,0.061289035,0.2394121,0.11256046,0.11203829,0.006891882,0.005804651,0.05770217,0.118202195,0.011182708,0.020744283,0.014382778,0.04121048,0.000249972,0.5,0.00118162,0.29731208,0.5,0
2060,NODE21_processed_png/c0388.png,0.031930283,0.057807855,0.22007835,0.0822527,0.032251142,0.018032255,0.005904593,0.04412389,0.11320998,0.008991325,0.010095879,0.009831114,0.023002792,0.000131682,0.5,0.001307713,0.40527323,0.5,0
2061,NODE21_processed_png/n0398.png,0.035472054,0.061609503,0.1803784,0.05194478,0.029952912,0.011070656,0.003430416,0.041782297,0.087749176,0.009448546,0.007100814,0.009858541,0.03372882,8.026026e-05,0.5,0.003691092,0.25576493,0.5,1
2062,NODE21_processed_png/c0738.png,0.050497036,0.05047243,0.2229107,0.049583897,0.02899411,0.008364553,0.002934257,0.030577062,0.09065049,0.005533471,0.006950596,0.009428387,0.032751743,8.51384e-05,0.5,0.001836282,0.2918877,0.5,0
2063,NODE21_processed_png/n0349.png,0.056167204,0.059906673,0.21210636,0.046634644,0.020570043,0.016881146,0.012598392,0.102438666,0.07296064,0.018272566,0.061900154,0.015538073,0.02175815,0.000429139,0.5,0.003141623,0.11748213,0.5,1
2064,NODE21_processed_png/c1178.png,0.05467655,0.063379265,0.20122853,0.08431008,0.056958295,0.02364758,0.003259578,0.09013764,0.09914811,0.008800617,0.08137288,0.008476486,0.023899276,0.000281559,0.5,0.003711474,0.17386398,0.5,0
2065,NODE21_processed_png/c1519.png,0.05902472,0.059438925,0.17991668,0.06418078,0.021253178,0.008953413,0.002245028,0.09612006,0.069695584,0.015920013,0.019050283,0.013489065,0.04803874,8.112723e-05,0.5,0.00504479,0.16092938,0.5,0
2066,NODE21_processed_png/c0359.png,0.03273847,0.06748928,0.18085043,0.070462465,0.016762184,0.008692375,0.003829035,0.07876566,0.05682092,0.008456703,0.004092555,0.011485659,0.034929838,4.958245e-05,0.5,0.001033111,0.11204812,0.5,0
2067,NODE21_processed_png/n0728.png,0.05255792,0.07577501,0.2924622,0.05777628,0.072667554,0.010401945,0.002448996,0.06594113,0.20202573,0.007576513,0.05508741,0.010348332,0.01749676,0.000236932,0.5,0.002209331,0.32900006,0.5,1
2068,NODE21_processed_png/c2692.png,0.06328604,0.13156876,0.18600334,0.08001922,0.011339312,0.016578168,0.002069572,0.12927555,0.0862495,0.015688019,0.002152446,0.009721354,0.058128476,2.389549e-05,0.5,0.002630085,0.4035776,0.5,0
2069,NODE21_processed_png/c2135.png,0.023135083,0.07827492,0.19791806,0.12676,0.031464003,0.035791013,0.005261369,0.032883804,0.10715506,0.012201651,0.002670396,0.011695701,0.045290302,1.6487313e-05,0.5,0.003855925,0.53722227,0.5,0
2070,NODE21_processed_png/c3775.png,0.055747926,0.0647168,0.19133203,0.044434063,0.033680514,0.004451595,0.001085276,0.040688194,0.09734637,0.008214265,0.008561146,0.006552259,0.056964215,0.000230316,0.5,0.003859033,0.25795457,0.5,0
2071,NODE21_processed_png/c0660.png,0.049050294,0.07681481,0.20334601,0.03307464,0.040375438,0.00295643,0.003774909,0.06772648,0.12125918,0.006418861,0.033177413,0.006532356,0.020874096,0.000151736,0.5,0.001193249,0.49281743,0.5,0
2072,NODE21_processed_png/n0211.png,0.051492173,0.100559756,0.21759456,0.08862297,0.045114715,0.005937009,0.002781773,0.10517229,0.18928866,0.00547592,0.010933097,0.009114683,0.022695797,7.6290526e-05,0.5,0.00080751,0.6405997,0.5,1
2073,NODE21_processed_png/c1787.png,0.040380534,0.07342425,0.2119626,0.06534036,0.028967252,0.010704316,0.005168389,0.04528642,0.07874246,0.008699575,0.007676568,0.008000623,0.021737957,2.9389188e-05,0.5,0.000684444,0.13352576,0.5,0
2074,NODE21_processed_png/c1020.png,0.042534884,0.059672914,0.19985381,0.068439156,0.029682772,0.011402807,0.003833834,0.05698245,0.1346124,0.01188239,0.019311711,0.00680253,0.03606,0.000109855,0.5,0.001190026,0.5509821,0.5,0
2075,NODE21_processed_png/c2926.png,0.06275951,0.040638812,0.15614629,0.07248216,0.014298775,0.015372508,0.002603371,0.0621845,0.0797061,0.011597008,0.009049366,0.010427173,0.0324101,0.00012246,0.5,0.002952692,0.3110877,0.5,0
2076,NODE21_processed_png/c2554.png,0.029456807,0.060755827,0.1895878,0.16545139,0.03847743,0.009015667,0.006480946,0.06354261,0.09859594,0.016466245,0.010581073,0.010221561,0.038678333,7.651566e-05,0.5,0.001442202,0.2589634,0.5,0
2077,NODE21_processed_png/c1441.png,0.066222765,0.05168972,0.17129368,0.07063401,0.018745864,0.016941214,0.002210204,0.06266297,0.07225917,0.011547877,0.01779252,0.00646596,0.050013717,4.6888854e-05,0.5,0.002088102,0.2443598,0.5,0
2078,NODE21_processed_png/c1833.png,0.030932179,0.052556347,0.19103274,0.053940736,0.022342531,0.013495049,0.00336501,0.029235898,0.051748753,0.006006158,0.010511053,0.006014156,0.026509231,4.2475014e-05,0.5,0.000705448,0.057057187,0.5,0
2079,NODE21_processed_png/c0201.png,0.020286864,0.08782363,0.22139506,0.04783775,0.03222425,0.007651121,0.006245182,0.061141122,0.06660245,0.011652113,0.00516936,0.017628897,0.036276903,4.309786e-05,0.5,0.000781399,0.18770985,0.5,0
2080,NODE21_processed_png/n0670.png,0.045755133,0.041335378,0.23304391,0.04614239,0.050115246,0.003001561,0.000934792,0.08551653,0.07281301,0.007270205,0.043772478,0.009409497,0.028753588,4.2343618e-05,0.5,0.002620375,0.10314188,0.5,1
2081,NODE21_processed_png/c0577.png,0.034161035,0.056471206,0.18850811,0.07413681,0.041800007,0.004277306,0.003529037,0.048130814,0.13287145,0.005955417,0.011958448,0.011890668,0.03933234,0.000110194,0.5,0.000856533,0.52829444,0.5,0
2082,NODE21_processed_png/c0905.png,0.056522,0.03921676,0.13886428,0.06160529,0.015484122,0.008122177,0.00305062,0.06512464,0.036921535,0.013242247,0.013649823,0.012168808,0.03736685,0.000173917,0.5,0.005112564,0.06777371,0.5,0
2083,NODE21_processed_png/c1337.png,0.044467553,0.03190741,0.13688762,0.09399937,0.009414977,0.023752868,0.019571384,0.03862388,0.030180784,0.020159787,0.005918749,0.017851764,0.05093708,0.000115085,0.5,0.002953121,0.040620387,0.5,0
2084,NODE21_processed_png/c1490.png,0.0639917,0.07282837,0.18280034,0.12260607,0.018650815,0.06963208,0.003073055,0.05468497,0.11071521,0.011193705,0.007290583,0.009665886,0.05282854,2.917996e-05,0.5,0.00327868,0.54554844,0.5,0
2085,NODE21_processed_png/c2222.png,0.03579987,0.074722104,0.22892885,0.054627866,0.054922543,0.004882263,0.001576669,0.039008554,0.09901277,0.004472481,0.00798445,0.008836341,0.030286958,0.000210892,0.5,0.002038518,0.20919707,0.5,0
2086,NODE21_processed_png/c2585.png,0.042718247,0.09624851,0.22411388,0.12656403,0.022544747,0.027466891,0.009237304,0.101455055,0.112006254,0.010596124,0.009778074,0.012692344,0.024280041,2.1004164e-05,0.5,0.001881046,0.49365416,0.5,0
2087,NODE21_processed_png/c3810.png,0.019749055,0.041733127,0.16301239,0.05288523,0.015398616,0.017633727,0.003917899,0.013513838,0.036535572,0.006991804,0.001659009,0.008251107,0.0356519,3.7780475e-05,0.5,0.002209186,0.028119016,0.5,0
2088,NODE21_processed_png/c3462.png,0.050872676,0.05704284,0.16655242,0.19441664,0.007990251,0.049302947,0.003980023,0.06311129,0.06336173,0.013337434,0.010261189,0.01185388,0.042983253,4.0149676e-05,0.5,0.002659493,0.12481722,0.5,0
2089,NODE21_processed_png/c1756.png,0.059172917,0.08429858,0.15044071,0.14039724,0.017012216,0.06302824,0.003818555,0.07655494,0.0732522,0.01089222,0.01622182,0.0106938,0.040595118,3.727672e-05,0.5,0.00367758,0.3952497,0.5,0
2090,NODE21_processed_png/n0567.png,0.042016517,0.10657325,0.20181601,0.13614774,0.019866448,0.006249037,0.004513928,0.103719294,0.099723466,0.015122637,0.007705475,0.008109401,0.038403485,1.4098346e-05,0.5,0.000893416,0.39015773,0.5,1
2091,NODE21_processed_png/n0915.png,0.07697511,0.08402305,0.20988493,0.061757695,0.04024611,0.00817812,0.001664119,0.07647018,0.14035791,0.006237836,0.039570317,0.008226963,0.033164617,0.000183827,0.5,0.003494583,0.5964726,0.5,1
2092,NODE21_processed_png/c0116.png,0.040536106,0.13212651,0.20801729,0.23348671,0.053911097,0.05793699,0.007353016,0.10048921,0.15063283,0.0117919,0.012225444,0.011778246,0.03216472,6.1678715e-05,0.5,0.001603,0.58044827,0.5,0
2093,NODE21_processed_png/c3003.png,0.018734833,0.058527373,0.22204086,0.028295217,0.05527667,0.001708453,0.001111741,0.08162286,0.12475501,0.007178839,0.021550752,0.008116234,0.016072921,1.4479574e-05,0.5,0.000507994,0.30016145,0.5,0
2094,NODE21_processed_png/c2643.png,0.049343362,0.042767115,0.14797565,0.042263247,0.018635549,0.008822975,0.002687289,0.04968156,0.06010059,0.010003411,0.01473684,0.00654108,0.031915724,0.000131381,0.5,0.00135725,0.21405509,0.5,0
2095,NODE21_processed_png/n0785.png,0.042958517,0.069042206,0.20701347,0.13495667,0.01813013,0.03106201,0.012890487,0.08168491,0.03828332,0.019694358,0.011419635,0.02018383,0.03766151,0.000736887,0.5,0.003132167,0.024494134,0.5,1
2096,NODE21_processed_png/c0453.png,0.04768417,0.036603924,0.17299762,0.031369247,0.014021363,0.007794936,0.001545113,0.16861208,0.03816982,0.013413788,0.038262874,0.006038958,0.028284224,0.000169408,0.5,0.002696147,0.067997605,0.5,0
2097,NODE21_processed_png/c1213.png,0.05899383,0.036509167,0.14647421,0.14092664,0.010989903,0.10002972,0.004839889,0.03346038,0.042299695,0.01092066,0.011257716,0.010335748,0.047373038,0.000202738,0.5,0.002831726,0.048014533,0.5,0
2098,NODE21_processed_png/c2306.png,0.13764608,0.087290056,0.21622084,0.06500107,0.021109123,0.017918875,0.00427728,0.20019802,0.091934696,0.037766706,0.031669002,0.012274898,0.11847228,0.000307282,0.5,0.007930485,0.405666,0.5,0
2099,NODE21_processed_png/c3546.png,0.037856434,0.049153022,0.1344421,0.061448332,0.007414345,0.013944423,0.001733949,0.05918848,0.032739807,0.009321222,0.006227188,0.005767043,0.02925784,2.159973e-05,0.5,0.001086101,0.09931146,0.5,0
2100,NODE21_processed_png/c1672.png,0.070753604,0.10306092,0.20886211,0.019082384,0.023863176,0.005483388,0.003181832,0.153925,0.11655427,0.009326709,0.007514012,0.01333061,0.06346113,7.276686e-05,0.5,0.002531053,0.57946527,0.5,0
2101,NODE21_processed_png/c0795.png,0.041519154,0.06488443,0.19120513,0.06519256,0.012393638,0.007048915,0.003401652,0.10177688,0.05104146,0.009161443,0.022422794,0.007949436,0.013958663,5.991655e-05,0.5,0.001833919,0.1342836,0.5,0
2102,NODE21_processed_png/c0032.png,0.066158116,0.057315197,0.19230396,0.023306545,0.015638648,0.003911356,0.000596733,0.15712692,0.06669985,0.008201349,0.016403353,0.004998385,0.035644718,9.05974e-05,0.5,0.002501307,0.21965891,0.5,0
2103,NODE21_processed_png/c3680.png,0.038225107,0.066741005,0.17343004,0.16131464,0.013070143,0.03575577,0.005505458,0.042397916,0.056055836,0.007223223,0.002554593,0.010960664,0.045021467,5.543562e-05,0.5,0.001505993,0.08960151,0.5,0
2104,NODE21_processed_png/c3127.png,0.027559103,0.055256676,0.17018253,0.11498754,0.010851594,0.005225002,0.002359321,0.031434618,0.0814715,0.011199919,0.00189437,0.006428387,0.033884514,5.305255e-06,0.5,0.000632095,0.35632205,0.5,0
2105,NODE21_processed_png/c2767.png,0.0375228,0.071409315,0.20657724,0.075168714,0.060027007,0.005715868,0.001884303,0.042481784,0.14751807,0.00579147,0.010937754,0.010131202,0.026083596,7.2242496e-05,0.5,0.001344979,0.5580509,0.5,0
2106,NODE21_processed_png/c2011.png,0.043345273,0.029616686,0.15065391,0.08559256,0.008306475,0.035246264,0.001438124,0.06629654,0.027878614,0.012170116,0.014208756,0.005111873,0.0330512,4.2092113e-05,0.5,0.000884,0.03909947,0.5,0
2107,NODE21_processed_png/c3651.png,0.052527577,0.03375498,0.15349635,0.017784672,0.008183664,0.003281194,0.00104942,0.068446435,0.054362424,0.010394398,0.022041494,0.005220592,0.032539785,9.96763e-05,0.5,0.001595964,0.13114256,0.5,0
2108,NODE21_processed_png/c0744.png,0.05515011,0.11769426,0.21353954,0.12135242,0.020339113,0.016565323,0.002657606,0.05596239,0.15456398,0.014163828,0.003226487,0.01094031,0.04104618,1.8093724e-05,0.5,0.001375301,0.5244228,0.5,0
2109,NODE21_processed_png/n0335.png,0.051781602,0.07841471,0.19285248,0.039638817,0.026385942,0.004013831,0.001274598,0.095700584,0.0910798,0.006906764,0.0278481,0.008492596,0.025645027,0.000101604,0.5,0.001587261,0.3781949,0.5,1
2110,NODE21_processed_png/c1104.png,0.048594534,0.022409251,0.16019477,0.028756464,0.008352783,0.008194446,0.003064649,0.034325667,0.033192772,0.011635505,0.011807663,0.007312401,0.03087001,9.553536e-05,0.5,0.001624906,0.0602228,0.5,0
2111,NODE21_processed_png/c3230.png,0.061829727,0.05075182,0.19027625,0.09134613,0.022965506,0.034611605,0.010638447,0.04724329,0.07462537,0.014085123,0.010590022,0.02023302,0.051868256,0.000362575,0.5,0.006391681,0.11406877,0.5,0
2112,NODE21_processed_png/c3597.png,0.10601017,0.09164825,0.21242058,0.12816581,0.022169122,0.017907398,0.004182284,0.09333935,0.08738853,0.008528788,0.006331764,0.01757302,0.038497247,0.000353526,0.5,0.0112539,0.16806367,0.5,0
2113,NODE21_processed_png/c2470.png,0.061897725,0.06368038,0.24741861,0.011116295,0.047166046,0.00235723,0.000735549,0.1029729,0.12300615,0.005231779,0.03487833,0.004645271,0.023577405,0.000292282,0.5,0.002370997,0.31517488,0.5,0
2114,NODE21_processed_png/c2802.png,0.031654812,0.045054678,0.16316453,0.06329177,0.027895937,0.010162313,0.001001878,0.02863153,0.06068454,0.009496636,0.00634781,0.008509807,0.074325085,0.00042072,0.5,0.003415603,0.10137287,0.5,0
2115,NODE21_processed_png/c1917.png,0.039175823,0.06111656,0.17287192,0.080308534,0.02955082,0.023321232,0.004478893,0.07093638,0.061785225,0.007898378,0.030272473,0.009234347,0.02565402,0.000149519,0.5,0.001630094,0.249616,0.5,0
2116,NODE21_processed_png/c0325.png,0.04535481,0.046080075,0.17556897,0.09740418,0.029634042,0.024837224,0.006654874,0.036721703,0.06679036,0.014601478,0.013308757,0.01436904,0.05008812,0.000118543,0.5,0.002071076,0.14817755,0.5,0
2117,NODE21_processed_png/c2149.png,0.039236564,0.05303145,0.1962337,0.10072108,0.016902406,0.031065201,0.005645386,0.057488903,0.06027556,0.008824089,0.003465823,0.007311546,0.05526352,2.1873915e-05,0.5,0.001450347,0.09669098,0.5,0
2118,NODE21_processed_png/c3709.png,0.048622914,0.06422856,0.15140153,0.046078164,0.020744396,0.008788222,0.001501377,0.05192836,0.043626867,0.005304148,0.015699066,0.010226954,0.03912242,0.000185051,0.5,0.003631945,0.0962029,0.5,0
2119,NODE21_processed_png/c3368.png,0.03563015,0.13034303,0.19886042,0.067978084,0.04248283,0.002905911,0.006562439,0.12464475,0.17511937,0.019267261,0.035177898,0.011773352,0.01876891,3.7272563e-05,0.5,0.000325556,0.68145853,0.5,0
2120,NODE21_processed_png/c2528.png,0.051529314,0.048241526,0.21922936,0.030475717,0.039862424,0.006907682,0.002082674,0.05276521,0.09067399,0.007765499,0.021735823,0.006014994,0.018452702,0.000140627,0.5,0.002444736,0.16461918,0.5,0
2121,NODE21_processed_png/c0979.png,0.07396939,0.052745275,0.13110699,0.17868735,0.019373624,0.09471959,0.002017471,0.05686522,0.052788507,0.017008532,0.033313528,0.010730007,0.07536545,0.000195865,0.5,0.006752775,0.17884615,0.5,0
2122,NODE21_processed_png/c2198.png,0.04855586,0.05726017,0.20168118,0.070766054,0.024712926,0.013464249,0.011008812,0.056044206,0.061566122,0.014349928,0.011028823,0.00600139,0.044768956,0.000108508,0.5,0.001527216,0.08038823,0.5,0
2123,NODE21_processed_png/c0775.png,0.0699348,0.058898192,0.1931988,0.09666855,0.027834548,0.015842812,0.005666507,0.1331124,0.092952274,0.011888268,0.045442276,0.008925854,0.027419392,0.000141493,0.5,0.004006488,0.3197538,0.5,0
2124,NODE21_processed_png/n0304.png,0.043865774,0.07130568,0.21992873,0.06917446,0.036721002,0.00935015,0.004308768,0.08564226,0.09957572,0.012314663,0.013316913,0.009535301,0.048038222,0.000277894,0.5,0.003429182,0.33883807,0.5,1
2125,NODE21_processed_png/c1135.png,0.04202016,0.099377565,0.22563869,0.104468055,0.046773143,0.005582999,0.004442441,0.10657595,0.19342567,0.009497214,0.018963262,0.010384768,0.021392472,4.0924977e-05,0.5,0.000789148,0.85005206,0.5,0
2126,NODE21_processed_png/c1692.png,0.06597426,0.041387767,0.17765623,0.05858789,0.01006393,0.02028574,0.001183812,0.06597336,0.06915628,0.00906658,0.006057785,0.009502309,0.04229277,3.1187697e-05,0.5,0.006135893,0.187579,0.5,0
2127,NODE21_processed_png/c2020.png,0.052376233,0.06514549,0.19920836,0.045812555,0.00934543,0.018149463,0.004439937,0.09769884,0.07194681,0.011358055,0.011822732,0.007474291,0.037590373,0.000118052,0.5,0.002157878,0.118551314,0.5,0
2128,NODE21_processed_png/c2787.png,0.021058336,0.041950535,0.1471773,0.02706639,0.0112063,0.001929164,0.000633913,0.030354796,0.037291355,0.00357809,0.013657412,0.004632397,0.020532506,4.3654956e-05,0.5,0.001205818,0.062339794,0.5,0
2129,NODE21_processed_png/c3660.png,0.05597348,0.074028574,0.23485337,0.02974003,0.06344196,0.004389818,0.002365117,0.12597999,0.094327636,0.007835949,0.025066253,0.008094987,0.034096178,0.000435543,0.5,0.002734222,0.21069969,0.5,0
2130,NODE21_processed_png/n1125.png,0.045181673,0.095375784,0.20460548,0.08613844,0.023030832,0.014620167,0.006451744,0.10605693,0.080518246,0.013234125,0.007918246,0.021185111,0.046279006,4.4891636e-05,0.5,0.002796249,0.4088749,0.5,1
2131,NODE21_processed_png/c1926.png,0.042139202,0.041205022,0.19915955,0.11015414,0.026385883,0.0345695,0.014348609,0.049801055,0.031457916,0.012082195,0.01484531,0.011242542,0.035416342,0.000276824,0.5,0.002022925,0.024010895,0.5,0
2132,NODE21_processed_png/c1554.png,0.048026863,0.042923123,0.15483563,0.11344874,0.011836076,0.0444538,0.007486949,0.05082958,0.034871895,0.022832742,0.010555288,0.012226793,0.044745993,0.00013209,0.5,0.005233304,0.10846946,0.5,0
2133,NODE21_processed_png/c0314.png,0.051321495,0.08629084,0.16890092,0.049112916,0.016710626,0.004967042,0.002944361,0.07291978,0.08087485,0.006891687,0.009473059,0.007764489,0.025592525,3.8536436e-05,0.5,0.000863503,0.25450325,0.5,0
2134,NODE21_processed_png/n0765.png,0.03711523,0.06365607,0.22967386,0.056835424,0.051639453,0.011561524,0.002610016,0.037348486,0.09692547,0.006338823,0.005701866,0.008359012,0.04672006,2.0792413e-05,0.5,0.001444068,0.19463399,0.5,1
2135,NODE21_processed_png/c3201.png,0.05126492,0.064022526,0.22045365,0.13043144,0.030097261,0.0189924,0.010160304,0.07392179,0.060585827,0.010026508,0.026993278,0.010777761,0.021420173,0.000599924,0.5,0.003469359,0.090516925,0.5,0
2136,NODE21_processed_png/c2441.png,0.047274854,0.03839918,0.12925015,0.06610492,0.022162795,0.011913983,0.001542305,0.057561453,0.041164435,0.007116771,0.012949311,0.009134246,0.06055819,0.000527924,0.5,0.004571173,0.049503334,0.5,0
2137,NODE21_processed_png/c2833.png,0.0490925,0.04123422,0.12970947,0.0703516,0.007766577,0.01380632,0.002851214,0.08323633,0.02366848,0.013168301,0.018348036,0.011437209,0.034964077,0.000208582,0.5,0.008757842,0.040892612,0.5,0
2138,NODE21_processed_png/c2490.png,0.051314276,0.0660002,0.16470109,0.12981871,0.02964037,0.022584783,0.004803961,0.08131329,0.10976578,0.011130007,0.022201255,0.011010075,0.03726141,0.000127629,0.5,0.001465926,0.55452746,0.5,0
2139,NODE21_processed_png/c2337.png,0.04700482,0.042178266,0.17966314,0.013395022,0.022869999,0.003134664,0.000957218,0.09283607,0.033544023,0.004880658,0.046992693,0.003345111,0.014746593,0.00030776,0.5,0.003301765,0.030756174,0.5,0
2140,NODE21_processed_png/c3577.png,0.05179249,0.037456926,0.12319545,0.06967735,0.008760796,0.03654196,0.001870997,0.060742512,0.045431755,0.009812516,0.006300348,0.00778013,0.03469109,3.798129e-05,0.5,0.004571035,0.24784523,0.5,0
2141,NODE21_processed_png/c0810.png,0.06903556,0.053637575,0.17347348,0.04132632,0.01481758,0.012523287,0.001267237,0.06863992,0.081185326,0.007835645,0.012294326,0.004967059,0.039762206,4.0633353e-05,0.5,0.002546421,0.31508392,0.5,0
2142,NODE21_processed_png/c0462.png,0.057612337,0.051677696,0.18022375,0.07369124,0.02493344,0.032872144,0.003090635,0.03948813,0.054580886,0.009637184,0.00717372,0.007198947,0.038333092,0.000125506,0.5,0.00277393,0.087540135,0.5,0
2143,NODE21_processed_png/c1585.png,0.048079655,0.063662864,0.24485661,0.07967404,0.02286458,0.011646377,0.009241157,0.062458992,0.049059834,0.018717673,0.005532581,0.010254265,0.042545296,0.000149804,0.5,0.00334002,0.03348217,0.5,0
2144,NODE21_processed_png/c1222.png,0.03344387,0.067813374,0.19307347,0.16477455,0.02349135,0.024520041,0.003506633,0.05238469,0.10559272,0.009568953,0.026088761,0.006072413,0.018424176,1.4452258e-05,0.5,0.00095701,0.45729285,0.5,0
2145,NODE21_processed_png/c3116.png,0.035309926,0.055395603,0.15753834,0.09528149,0.019855302,0.017067425,0.009332165,0.07364378,0.07088928,0.017978113,0.022396788,0.010963506,0.03109011,7.127913e-05,0.5,0.001691268,0.29559898,0.5,0
2146,NODE21_processed_png/c2756.png,0.06174143,0.08208823,0.19006103,0.030090345,0.03225534,0.004307226,0.001379378,0.06979295,0.08280958,0.004991721,0.012068952,0.009323427,0.027386943,0.000188861,0.5,0.002587275,0.40678003,0.5,0
2147,NODE21_processed_png/c1643.png,0.06282575,0.11167131,0.21390474,0.10310831,0.038911715,0.010111613,0.011293155,0.15042037,0.1316879,0.012319877,0.04182186,0.01208347,0.024643002,5.3120148e-05,0.5,0.001323714,0.40738776,0.5,0
2148,NODE21_processed_png/n0800.png,0.07485771,0.05768774,0.16996635,0.07953653,0.016088072,0.026614081,0.012840834,0.086663276,0.061708923,0.014471571,0.007837667,0.0284176,0.034048267,0.00131887,0.5,0.005850927,0.06653317,0.5,1
2149,NODE21_processed_png/c0003.png,0.038384143,0.06329633,0.22383913,0.060741324,0.039005987,0.012676017,0.002027044,0.05100179,0.078196906,0.005189547,0.005888648,0.010880212,0.04021418,5.1739033e-05,0.5,0.002521151,0.24786125,0.5,0
2150,NODE21_processed_png/c3388.png,0.009382514,0.09145693,0.20325208,0.08840328,0.020709394,0.005970947,0.007132427,0.026755743,0.08748846,0.007523792,0.008704237,0.009108522,0.012445633,2.1140893e-05,0.5,0.000219703,0.20251672,0.5,0
2151,NODE21_processed_png/c2178.png,0.038607024,0.025307039,0.15487716,0.018669495,0.017914608,0.006658736,0.002008811,0.030311536,0.058658686,0.006925639,0.01751711,0.004576343,0.023544854,0.000134619,0.5,0.001535319,0.13787134,0.5,0
2152,NODE21_processed_png/c3738.png,0.0425589,0.029824689,0.16384582,0.028675022,0.016031498,0.007514845,0.002248436,0.077169806,0.03121379,0.01417669,0.0333557,0.005820007,0.028638713,0.000413503,0.5,0.007062858,0.04035687,0.5,0
2153,NODE21_processed_png/c3359.png,0.044530008,0.05593795,0.20565364,0.06824237,0.038606647,0.007286203,0.002233818,0.090476654,0.090104096,0.009063218,0.018923057,0.007972981,0.029307442,4.5031073e-05,0.5,0.000780999,0.18867467,0.5,0
2154,NODE21_processed_png/c2519.png,0.017470604,0.07701843,0.23328762,0.034216207,0.09941845,0.002040153,0.001758612,0.046160195,0.15012537,0.004397078,0.009016256,0.006249686,0.019774403,1.293477e-05,0.5,0.000295758,0.3867728,0.5,0
2155,NODE21_processed_png/c0999.png,0.033587266,0.063404284,0.16861433,0.08623939,0.022635628,0.0051512,0.00336435,0.09478122,0.07085377,0.009343322,0.017738277,0.007207224,0.019409712,2.3083432e-05,0.5,0.000562315,0.16567335,0.5,0
2156,NODE21_processed_png/c0709.png,0.06893095,0.0467879,0.17467621,0.08106896,0.026056925,0.011038989,0.002298958,0.057584144,0.0841577,0.00968728,0.015556126,0.008779876,0.026567282,0.000121976,0.5,0.00711542,0.32671782,0.5,0
2157,NODE21_processed_png/c1149.png,0.015725082,0.13074814,0.18264888,0.011032202,0.026682513,0.001046975,0.001396213,0.027625244,0.090281405,0.004243915,0.00506503,0.005233647,0.013836404,5.7705124e-06,0.5,0.000125264,0.3009621,0.5,0
2158,NODE21_processed_png/c1528.png,0.04076637,0.026973754,0.2112973,0.030804124,0.025473677,0.009460424,0.001871325,0.021178145,0.06532532,0.00487691,0.010489573,0.006568308,0.021599483,9.2015456e-05,0.5,0.003024306,0.08652377,0.5,0
2159,NODE21_processed_png/c0368.png,0.0710386,0.066953525,0.20383291,0.028920125,0.017968189,0.004837351,0.003393013,0.07434906,0.063920595,0.007885716,0.013879487,0.008794946,0.036638364,7.187514e-05,0.5,0.003161823,0.16284055,0.5,0
2160,NODE21_processed_png/n0719.png,0.04228425,0.079816304,0.24831912,0.07941839,0.05941593,0.020103544,0.009734809,0.081228845,0.07175164,0.018183239,0.02410215,0.01830512,0.041927807,0.000570971,0.5,0.003133415,0.13292311,0.5,1
2161,NODE21_processed_png/c1198.png,0.04689241,0.05195494,0.15453987,0.054897904,0.03314368,0.009956664,0.005104854,0.053253606,0.04522225,0.008913632,0.008792623,0.012945824,0.038045064,9.393093e-05,0.5,0.005125215,0.11600316,0.5,0
2162,NODE21_processed_png/c2213.png,0.053086977,0.022549497,0.13835567,0.18475342,0.003817898,0.029944412,0.005236494,0.05951934,0.024251018,0.02528032,0.009100035,0.004728462,0.054687675,1.1823608e-05,0.5,0.00064177,0.026321711,0.5,0
2163,NODE21_processed_png/c3821.png,0.013776591,0.042345572,0.16581553,0.24965487,0.013625638,0.049447194,0.005993579,0.01075118,0.044818558,0.009273003,0.001393263,0.010002855,0.02757281,1.3887361e-05,0.5,0.003267017,0.08789571,0.5,0
2164,NODE21_processed_png/c3453.png,0.15316921,0.091607936,0.179195,0.038453527,0.016916752,0.009446623,0.000911484,0.3216821,0.09685419,0.027211891,0.013062835,0.008180046,0.06611074,7.583321e-05,0.5,0.003538814,0.33915877,0.5,0
2165,NODE21_processed_png/n0137.png,0.016624048,0.070797615,0.1850224,0.058437,0.02346577,0.007996384,0.00586676,0.046337713,0.059847064,0.012765609,0.009942207,0.008543994,0.045143537,5.491936e-06,0.5,0.000310729,0.20226079,0.5,1
2166,NODE21_processed_png/c0546.png,0.028296772,0.048196748,0.14276879,0.06301224,0.016239187,0.012490853,0.005671669,0.026467787,0.054434627,0.015105904,0.009851083,0.011589523,0.037439145,2.6998025e-05,0.5,0.002961281,0.2655287,0.5,0
2167,NODE21_processed_png/c0934.png,0.042853337,0.054532487,0.18511657,0.07896673,0.024949051,0.014652444,0.006087226,0.042720422,0.07054865,0.010899367,0.006403699,0.010680811,0.037160322,0.000150587,0.5,0.00360312,0.17290722,0.5,0
2168,NODE21_processed_png/c1306.png,0.028773928,0.05834037,0.19940673,0.13394149,0.021444824,0.05064275,0.005012896,0.042842753,0.04299602,0.007912596,0.003397538,0.010385258,0.041560628,0.000155705,0.5,0.001651238,0.0191811,0.5,0
2169,NODE21_processed_png/c3032.png,0.06315053,0.08177256,0.20980553,0.12283141,0.06178886,0.008272794,0.004881441,0.113919154,0.109342396,0.016908199,0.048004128,0.008944539,0.04087192,0.000590261,0.5,0.002812806,0.43044537,0.5,0
2170,NODE21_processed_png/c3795.png,0.029420193,0.029382376,0.15505497,0.065659,0.022212557,0.0156612,0.009478566,0.035571266,0.055806372,0.017565504,0.019810358,0.010575387,0.0309906,0.000201758,0.5,0.003604504,0.12006531,0.5,0
2171,NODE21_processed_png/c2672.png,0.033326156,0.05992662,0.13965978,0.19102578,0.017305104,0.015355242,0.003661877,0.059320677,0.058093715,0.009556239,0.012738805,0.005140825,0.021937558,1.2760202e-05,0.5,0.001811209,0.058821797,0.5,0
2172,NODE21_processed_png/c1767.png,0.049593806,0.035062145,0.19044636,0.035295617,0.018063722,0.004519408,0.001373519,0.068976775,0.055292346,0.01706923,0.015588146,0.006953786,0.03149636,5.2297237e-05,0.5,0.001143572,0.15085016,0.5,0
2173,NODE21_processed_png/n0924.png,0.04490931,0.0679167,0.20886406,0.023706065,0.036622375,0.002699251,0.000963369,0.06915524,0.067963146,0.006999269,0.018814677,0.00904996,0.031364195,0.00023345,0.5,0.004207782,0.19534585,0.5,1
2174,NODE21_processed_png/c0127.png,0.030029207,0.100475155,0.27521688,0.10282128,0.022700235,0.036717393,0.005443326,0.07251733,0.16262335,0.014144544,0.009440858,0.005990229,0.019263389,9.217062e-06,0.5,0.000257882,0.52145153,0.5,0
2175,NODE21_processed_png/c0680.png,0.030998861,0.026595127,0.2150784,0.04384448,0.041150592,0.012466211,0.002350372,0.05050467,0.053135306,0.006371297,0.026169017,0.004367596,0.012430535,5.055564e-05,0.5,0.000909726,0.028607098,0.5,0
2176,NODE21_processed_png/n0587.png,0.030864103,0.056790024,0.18699768,0.086566985,0.024738036,0.01682415,0.002957298,0.044309396,0.09855309,0.01412575,0.016346982,0.010464557,0.028305365,0.000321118,0.5,0.002460749,0.28422302,0.5,1
2177,NODE21_processed_png/c0651.png,0.033037506,0.0384452,0.1471552,0.120006494,0.022499694,0.015193415,0.004304924,0.032188155,0.06962469,0.011841413,0.02419357,0.006299241,0.032825787,3.468202e-05,0.5,0.000623536,0.097825065,0.5,0
2178,NODE21_processed_png/c1011.png,0.09146355,0.08547369,0.21486242,0.110502765,0.026346104,0.012639489,0.002929047,0.09550264,0.12854312,0.015616663,0.012240457,0.009560298,0.07671294,6.63505e-05,0.5,0.001888418,0.31106567,0.5,0
2179,NODE21_processed_png/c3744.png,0.022993293,0.10514733,0.15786484,0.06486952,0.023437457,0.003685613,0.005866793,0.0570463,0.1149441,0.011837943,0.010132702,0.014808901,0.054983187,7.49107e-05,0.5,0.001342294,0.64037037,0.5,0
2180,NODE21_processed_png/c1470.png,0.03648744,0.11697017,0.3083081,0.1148702,0.0884539,0.0116007,0.003056682,0.11308906,0.101652704,0.007225112,0.005253566,0.012626231,0.044635754,4.2583386e-05,0.5,0.001711416,0.14267446,0.5,0
2181,NODE21_processed_png/c1802.png,0.028449342,0.03820175,0.12791286,0.052924674,0.010426034,0.020427749,0.002052232,0.044714086,0.033787142,0.006974756,0.02872047,0.004066757,0.018387165,5.4583714e-05,0.5,0.001581458,0.05655855,0.5,0
2182,NODE21_processed_png/c0597.png,0.04854022,0.052975066,0.20764816,0.05799143,0.032430682,0.006855874,0.003135185,0.07176885,0.07697093,0.009000413,0.012301705,0.009993909,0.045164794,0.00040208,0.5,0.00509061,0.34835395,0.5,0
2183,NODE21_processed_png/c0230.png,0.048598234,0.06870812,0.16940686,0.2857115,0.016394338,0.12845501,0.004319607,0.056246363,0.049323462,0.009759179,0.007288168,0.013963781,0.049842555,0.000131668,0.5,0.004345875,0.048378255,0.5,0
2184,NODE21_processed_png/c3482.png,0.055707026,0.064659335,0.20341313,0.067731984,0.032071814,0.006865204,0.00525355,0.11041173,0.077401966,0.012792217,0.030101566,0.011513274,0.023170691,0.000224184,0.5,0.010162108,0.17681544,0.5,0
2185,NODE21_processed_png/c3325.png,0.045578785,0.057902604,0.1443564,0.08139499,0.009523304,0.006674107,0.004000533,0.043231666,0.05615747,0.007770287,0.011781191,0.008332683,0.026239695,4.424427e-05,0.5,0.00245578,0.24394512,0.5,0
2186,NODE21_processed_png/c2917.png,0.03363119,0.091414526,0.16759373,0.11488251,0.027284509,0.0180434,0.006376252,0.047616683,0.10463696,0.008575713,0.003652163,0.01245769,0.03295064,6.386897e-05,0.5,0.003092679,0.38189638,0.5,0
2187,NODE21_processed_png/c2565.png,0.05327305,0.04829612,0.15048525,0.04759501,0.00969125,0.014347984,0.001388213,0.043091044,0.032565188,0.007340933,0.007683113,0.006801345,0.052640777,6.511821e-05,0.5,0.001356872,0.036357693,0.5,0
2188,NODE21_processed_png/c2848.png,0.049724873,0.027857495,0.16415015,0.008610267,0.007809632,0.003049974,0.000504118,0.06785961,0.03196813,0.005720855,0.034789823,0.004467787,0.023125017,6.2731975e-05,0.5,0.002403865,0.04636292,0.5,0
2189,NODE21_processed_png/c1288.png,0.026434522,0.042930864,0.17513153,0.14237377,0.019799288,0.007830277,0.00993339,0.039202828,0.08043324,0.016059473,0.006676185,0.008408314,0.029537251,0.00012799,0.5,0.000771665,0.17663829,0.5,0
2190,NODE21_processed_png/c1259.png,0.051764496,0.09454428,0.20183173,0.06493958,0.024911419,0.007389992,0.003167094,0.07194214,0.098049514,0.006866277,0.007260399,0.007187452,0.02903893,3.42062e-05,0.5,0.00214175,0.23076765,0.5,0
2191,NODE21_processed_png/n0068.png,0.04590129,0.05169032,0.18176469,0.119437106,0.02753835,0.05022774,0.011988988,0.045555256,0.051317196,0.022846388,0.012978748,0.02050133,0.04674006,0.000242176,0.5,0.006497388,0.08333021,0.5,1
2192,NODE21_processed_png/c0419.png,0.033013474,0.09134328,0.24817027,0.3822845,0.014857478,0.08154505,0.007861915,0.045126848,0.119883165,0.009028668,0.002053766,0.026450329,0.050590076,9.116949e-05,0.5,0.002817311,0.13957816,0.5,0
2193,NODE21_processed_png/c2899.png,0.03288846,0.03305552,0.15393868,0.04999534,0.007274621,0.016247084,0.001984365,0.01907239,0.027366158,0.008105267,0.011394022,0.005790864,0.040296912,0.000100791,0.5,0.000614392,0.05727359,0.5,0
2194,NODE21_processed_png/c0078.png,0.057294462,0.041349784,0.18116337,0.07930729,0.022345217,0.03127633,0.009098482,0.075869106,0.066349454,0.02555172,0.026944073,0.007814003,0.041256662,8.096293e-05,0.5,0.001192889,0.2051327,0.5,0
2195,NODE21_processed_png/c1638.png,0.089340456,0.06734327,0.19387756,0.055721268,0.025533054,0.011097188,0.00326571,0.05175907,0.064145036,0.004886089,0.007085867,0.007909671,0.025690138,0.00014763,0.5,0.001871985,0.10900929,0.5,0
2196,NODE21_processed_png/c3454.png,0.05082248,0.06350324,0.2168268,0.14256456,0.023696436,0.041221254,0.011432081,0.03258045,0.050369613,0.008466079,0.001664474,0.012399119,0.03435444,0.000113967,0.5,0.002196498,0.043658275,0.5,0
2197,NODE21_processed_png/c3826.png,0.038160678,0.05018525,0.21234621,0.07074975,0.021022508,0.020209054,0.008461771,0.028777476,0.08561263,0.007570746,0.007445869,0.007922246,0.03456648,4.5383767e-05,0.5,0.001805771,0.119455,0.5,0
2198,NODE21_processed_png/c2214.png,0.07419218,0.051930327,0.16898938,0.07457635,0.018830476,0.008739719,0.002404491,0.09887264,0.07503182,0.012543855,0.032845337,0.006935767,0.04538993,0.000428267,0.5,0.003672123,0.12151823,0.5,0
2199,NODE21_processed_png/c1301.png,0.03280217,0.05745646,0.16557743,0.16121271,0.00947364,0.025335418,0.004698856,0.04711673,0.031082375,0.014304847,0.004313894,0.011364,0.03520909,2.5251324e-05,0.5,0.005282672,0.05651235,0.5,0
2200,NODE21_processed_png/c0933.png,0.05743948,0.05502508,0.15112904,0.043457393,0.014972691,0.007152337,0.002104314,0.096129894,0.047397017,0.015520154,0.007708481,0.007630923,0.070372984,0.000247266,0.5,0.002936096,0.08249194,0.5,0
2201,NODE21_processed_png/c0541.png,0.051628858,0.06880388,0.21636742,0.09565896,0.038607735,0.011433732,0.003830825,0.09198181,0.094067365,0.012699151,0.023910744,0.016616529,0.029964937,0.000752989,0.5,0.007501125,0.42610845,0.5,0
2202,NODE21_processed_png/c2675.png,0.031089507,0.061320957,0.23207663,0.112291954,0.048335783,0.0185896,0.009086973,0.079020515,0.08384284,0.022802344,0.016367609,0.010875022,0.034490816,0.000337931,0.5,0.001369721,0.31918448,0.5,0
2203,NODE21_processed_png/c3792.png,0.03214247,0.05303554,0.19174707,0.01752796,0.017215712,0.012953829,0.00321459,0.032646727,0.058790147,0.006880621,0.009562545,0.004508227,0.025145806,2.6601887e-05,0.5,0.001400425,0.16398591,0.5,0
2204,NODE21_processed_png/c3035.png,0.026149258,0.08003822,0.17349543,0.09770946,0.02901632,0.006836759,0.001754929,0.052248586,0.07575556,0.008226248,0.008957191,0.006827385,0.027374957,0.000427068,0.5,0.001376157,0.1294375,0.5,0
2205,NODE21_processed_png/c0687.png,0.05594715,0.06395545,0.28272387,0.01751145,0.03699717,0.001686293,0.000518024,0.06623822,0.094863884,0.004009851,0.016108692,0.005181044,0.02609452,3.4334575e-05,0.5,0.001000946,0.20905508,0.5,0
2206,NODE21_processed_png/n0923.png,0.02366034,0.042938937,0.2846128,0.036349326,0.069937535,0.004786709,0.003145006,0.03415277,0.111987315,0.008102099,0.006830435,0.012088105,0.03181557,5.752414e-05,0.5,0.001879677,0.14607245,0.5,1
2207,NODE21_processed_png/n0551.png,0.05893782,0.086965434,0.23680234,0.062848136,0.04441351,0.023998586,0.018704135,0.06695138,0.091321066,0.02043297,0.017077,0.023401743,0.07677404,0.0003921,0.5,0.004749869,0.13785517,0.5,1
2208,NODE21_processed_png/c0120.png,0.029626692,0.08555976,0.18967211,0.087143764,0.03517484,0.006531416,0.002236802,0.05039354,0.11017405,0.005992984,0.005825514,0.009354276,0.026290597,1.8647785e-05,0.5,0.001348616,0.36036646,0.5,0
2209,NODE21_processed_png/c1760.png,0.03365381,0.043073513,0.17805794,0.1215361,0.008302648,0.01897725,0.003808194,0.030554801,0.019681605,0.006141878,0.005070041,0.008948129,0.030600294,6.540318e-05,0.5,0.005514826,0.002828963,0.5,0
2210,NODE21_processed_png/c1016.png,0.0550446,0.069526926,0.22730549,0.11785533,0.04112132,0.031648364,0.004321523,0.048576128,0.16231616,0.006906698,0.017083421,0.007308553,0.029721513,0.000220528,0.5,0.001594406,0.41627067,0.5,0
2211,NODE21_processed_png/c0656.png,0.054124285,0.07230386,0.22821829,0.15551522,0.012314656,0.0877649,0.009301552,0.039307885,0.09557053,0.009936193,0.006044847,0.011634628,0.04161289,5.885935e-05,0.5,0.002366076,0.25839403,0.5,0
2212,NODE21_processed_png/n0227.png,0.04165625,0.063206926,0.2022463,0.067772314,0.02136547,0.028262623,0.015552224,0.05160997,0.055914853,0.011994916,0.01130641,0.014876325,0.031107407,0.00025206,0.5,0.001651486,0.058130052,0.5,1
2213,NODE21_processed_png/c3743.png,0.051588655,0.064277306,0.25544322,0.091800205,0.037934244,0.022213222,0.010442339,0.11840948,0.08411657,0.025493996,0.020317104,0.020138955,0.038769923,0.000237417,0.5,0.005302723,0.175158,0.5,0
2214,NODE21_processed_png/c2103.png,0.0629078,0.028153189,0.13261786,0.049751967,0.010545457,0.017071713,0.004039095,0.04931324,0.043853473,0.011996465,0.022621933,0.008486521,0.024860142,0.000470691,0.5,0.006060774,0.14480582,0.5,0
2215,NODE21_processed_png/c0237.png,0.1110015,0.06559415,0.16194241,0.10300222,0.015810406,0.020085184,0.008002027,0.07805841,0.05922616,0.013364872,0.00797104,0.016956655,0.039035898,0.000230962,0.5,0.007875221,0.29223642,0.5,0
2216,NODE21_processed_png/n0646.png,0.09412598,0.046533123,0.1547966,0.044922676,0.018837465,0.012974428,0.008118918,0.055809002,0.05778513,0.008742288,0.007898666,0.016028907,0.034663662,0.000514361,0.5,0.006380711,0.08331914,0.5,1
2217,NODE21_processed_png/c0590.png,0.04090329,0.077183954,0.2196174,0.09774274,0.032741643,0.029010125,0.003427052,0.051632825,0.092222,0.008924678,0.003948748,0.009121035,0.056639954,1.5751095e-05,0.5,0.001739306,0.3059554,0.5,0
2218,NODE21_processed_png/n1006.png,0.04315803,0.043065608,0.20904382,0.032595593,0.035456687,0.006815295,0.003456919,0.047369942,0.059414122,0.007640423,0.02880072,0.009219491,0.035614125,0.000282265,0.5,0.00432494,0.11393769,0.5,1
2219,NODE21_processed_png/c1805.png,0.032583944,0.086217016,0.29772243,0.16966376,0.10737037,0.010920689,0.007743645,0.077821076,0.079791516,0.010547911,0.00954257,0.015783254,0.02529019,0.000160681,0.5,0.001748477,0.034112073,0.5,0
2220,NODE21_processed_png/c1477.png,0.030902022,0.044265356,0.18384132,0.05923875,0.029922592,0.014358682,0.000955141,0.05530914,0.065402366,0.009412582,0.02037479,0.004738439,0.018774163,3.481779e-05,0.5,0.00347342,0.09090349,0.5,0
2221,NODE21_processed_png/c2562.png,0.047777556,0.037442446,0.12805441,0.084267266,0.005414302,0.021237962,0.003904858,0.043074556,0.026546234,0.014868873,0.017725332,0.016011294,0.051261764,0.000148102,0.5,0.003521589,0.030574499,0.5,0
2222,NODE21_processed_png/c2910.png,0.07512319,0.05867166,0.20592135,0.049738046,0.030141458,0.010429126,0.000682299,0.08214915,0.11580249,0.00914756,0.013571408,0.007788408,0.0619697,8.560505e-05,0.5,0.002719641,0.3529157,0.5,0
2223,NODE21_processed_png/c3322.png,0.061040126,0.09649233,0.18917298,0.056062244,0.008493082,0.006275216,0.001286647,0.13541125,0.10273448,0.004356461,0.004373384,0.004563711,0.020123499,1.0501356e-05,0.5,0.001581396,0.4411241,0.5,0
2224,NODE21_processed_png/c3485.png,0.045668196,0.082775235,0.18974352,0.04889923,0.016036568,0.00682174,0.00261402,0.0578452,0.0871267,0.007428463,0.010771952,0.004080143,0.019499935,3.3837925e-05,0.5,0.000992908,0.28310588,0.5,0
2225,NODE21_processed_png/c1695.png,0.045068566,0.061689924,0.16218764,0.026314924,0.009831104,0.007664474,0.003200071,0.056286056,0.060594533,0.007729816,0.01738418,0.005233667,0.042120513,4.3743472e-05,0.5,0.001670122,0.28083897,0.5,0
2226,NODE21_processed_png/c1132.png,0.033754304,0.062281657,0.21387371,0.13157982,0.052176654,0.016061753,0.010582507,0.05815525,0.08618505,0.013003579,0.016075367,0.009596862,0.02810102,0.00016347,0.5,0.001692399,0.14987874,0.5,0
2227,NODE21_processed_png/c0772.png,0.057926122,0.036121324,0.17776684,0.045296658,0.016972411,0.01644385,0.001111289,0.08534808,0.047707044,0.010842785,0.009875241,0.007081558,0.03093259,4.3802498e-05,0.5,0.001190282,0.15872338,0.5,0
2228,NODE21_processed_png/c3667.png,0.05618141,0.06717381,0.20164613,0.12504463,0.05549983,0.040160645,0.010026581,0.06677267,0.13873284,0.011443185,0.020361027,0.021868438,0.037132837,0.000610815,0.5,0.006486053,0.6202628,0.5,0
2229,NODE21_processed_png/c2780.png,0.024622744,0.067880474,0.19590357,0.17536508,0.024463216,0.029706668,0.00271814,0.053564433,0.08300899,0.00845849,0.004965413,0.006826195,0.024637617,4.815594e-06,0.5,0.000473335,0.37631905,0.5,0
2230,NODE21_processed_png/c2027.png,0.019469118,0.1302859,0.26557,0.20419376,0.1164959,0.019544663,0.003414939,0.03833359,0.25055355,0.008676929,0.007595281,0.018900957,0.017857473,4.900108e-06,0.5,0.000182289,0.86631244,0.5,0
2231,NODE21_processed_png/c0313.png,0.035274576,0.031161765,0.15378024,0.046592996,0.013090468,0.026748417,0.007820092,0.023820749,0.037983064,0.012091341,0.013216293,0.008272572,0.031782325,0.000101613,0.5,0.001247709,0.04334212,0.5,0
2232,NODE21_processed_png/n1122.png,0.068393394,0.0749825,0.2571449,0.054230705,0.07077663,0.004919837,0.002698684,0.12456352,0.11445579,0.012481026,0.07067672,0.018473087,0.034243543,0.000515495,0.5,0.005817763,0.17475507,0.5,1
2233,NODE21_processed_png/c1553.png,0.034330126,0.073306836,0.19293132,0.023614787,0.014244275,0.003732408,0.002470025,0.04467476,0.052130274,0.005418877,0.005695848,0.004625569,0.025337305,2.327983e-05,0.5,0.001096447,0.060503583,0.5,0
2234,NODE21_processed_png/c1921.png,0.041018654,0.07460183,0.15763713,0.11835451,0.017356332,0.014373351,0.004682912,0.07238116,0.082248576,0.00995499,0.003481289,0.009899638,0.047704343,7.406225e-05,0.5,0.002372662,0.24495688,0.5,0
2235,NODE21_processed_png/c2834.png,0.038626555,0.073235884,0.18655922,0.09426332,0.040878844,0.045189194,0.010240258,0.08144024,0.08722046,0.019270169,0.012531295,0.016487619,0.06487429,7.472321e-05,0.5,0.00275757,0.31531674,0.5,0
2236,NODE21_processed_png/c2446.png,0.034751575,0.07047608,0.20989756,0.06840303,0.0465136,0.004797607,0.001783157,0.0937458,0.15329683,0.006050045,0.0270646,0.006898606,0.01758526,0.000195799,0.5,0.001775289,0.5992359,0.5,0
2237,NODE21_processed_png/c3206.png,0.063651815,0.041082345,0.12795308,0.057504494,0.004545868,0.019570634,0.001502231,0.06999734,0.044556458,0.011915412,0.00931464,0.007811686,0.034171294,0.00025948,0.5,0.005209584,0.1023608,0.5,0
2238,NODE21_processed_png/c3570.png,0.06255899,0.049165852,0.19712563,0.07468639,0.024735149,0.016253516,0.005500641,0.08005315,0.11567075,0.013798113,0.022061605,0.010283646,0.032104246,0.000146799,0.5,0.002623145,0.34663907,0.5,0
2239,NODE21_processed_png/c2330.png,0.04643676,0.040470053,0.19523835,0.06159678,0.028466472,0.018418927,0.007519327,0.042646427,0.07240701,0.013235996,0.006487125,0.013528685,0.037962746,0.000435699,0.5,0.007084585,0.116674215,0.5,0
2240,NODE21_processed_png/c2497.png,0.032641694,0.053473487,0.1764815,0.04591174,0.020519955,0.008594241,0.005203216,0.06596796,0.060051337,0.009857027,0.018558059,0.008052141,0.03410874,1.1427195e-05,0.5,0.001175061,0.1986665,0.5,0
2241,NODE21_processed_png/c1225.png,0.038882058,0.02931996,0.17633048,0.006355497,0.012455196,0.000893896,0.000583538,0.03661876,0.057042427,0.00441203,0.00882864,0.00384079,0.03666196,5.9816415e-05,0.5,0.001705246,0.13724166,0.5,0
2242,NODE21_processed_png/c1582.png,0.03187361,0.05866191,0.16621976,0.050758015,0.02304403,0.015168502,0.00342534,0.03945374,0.07669977,0.00620672,0.010202202,0.008081634,0.032763135,4.3251843e-05,0.5,0.001673366,0.17012772,0.5,0
2243,NODE21_processed_png/n0014.png,0.03671392,0.039177038,0.23762175,0.032183517,0.036281634,0.008963387,0.00225263,0.02427604,0.102100246,0.007469244,0.010104474,0.006419814,0.03390807,4.6176516e-05,0.5,0.001305389,0.2558204,0.5,1
2244,NODE21_processed_png/c0465.png,0.03184458,0.045480944,0.14393093,0.071987286,0.011687052,0.012420493,0.00196733,0.036420256,0.042189296,0.010794031,0.007903581,0.00700546,0.035346292,2.481714e-05,0.5,0.001202413,0.07165679,0.5,0
2245,NODE21_processed_png/c0817.png,0.03679069,0.09352466,0.18100663,0.03337613,0.010142393,0.006113777,0.000929723,0.038341507,0.04821838,0.004222904,0.001512412,0.00946436,0.029783407,2.4272755e-05,0.5,0.002867129,0.16199563,0.5,0
2246,NODE21_processed_png/c2751.png,0.036946364,0.052534126,0.17756042,0.087112434,0.006366938,0.014517712,0.002858044,0.089777306,0.030781968,0.01840937,0.014946604,0.006425513,0.03590132,1.4346904e-05,0.5,0.000533772,0.045474693,0.5,0
2247,NODE21_processed_png/c3111.png,0.04261887,0.04380127,0.22613055,0.023710594,0.029483283,0.003912289,0.000574498,0.05867823,0.077945136,0.004899584,0.017124314,0.003460692,0.024415253,3.507527e-05,0.5,0.00091637,0.09033849,0.5,0
2248,NODE21_processed_png/n0807.png,0.03554802,0.078767754,0.19780183,0.05232312,0.0289567,0.009233795,0.002551891,0.049191162,0.08178449,0.008144089,0.005130325,0.010800906,0.04775247,7.576151e-05,0.5,0.002304879,0.35575685,0.5,1
2249,NODE21_processed_png/c0004.png,0.04145341,0.039971776,0.1658318,0.08905222,0.01988448,0.028381914,0.00692884,0.07229734,0.04669526,0.020815516,0.023010023,0.009394333,0.025120229,0.000168074,0.5,0.006125655,0.09441386,0.5,0
2250,NODE21_processed_png/c3428.png,0.065368555,0.034487635,0.1717392,0.07550023,0.01089091,0.024055043,0.001507628,0.061935514,0.03752375,0.016388362,0.018113863,0.00772998,0.026601082,0.000121237,0.5,0.00570112,0.059751075,0.5,0
2251,NODE21_processed_png/c2268.png,0.041897427,0.044219304,0.16471514,0.049428076,0.012207247,0.006967035,0.004437773,0.03323615,0.068582155,0.009329545,0.006007006,0.007086984,0.034752242,3.615314e-05,0.5,0.001481354,0.22742942,0.5,0
2252,NODE21_processed_png/c2609.png,0.031826507,0.050557673,0.18516833,0.11550181,0.013751147,0.011999369,0.006309083,0.03057219,0.054588076,0.011329274,0.003536333,0.008738189,0.03395124,3.4427987e-05,0.5,0.001046469,0.10790288,0.5,0
2253,NODE21_processed_png/c3098.png,0.024390418,0.06661443,0.19401057,0.09780056,0.032913122,0.009960481,0.005327116,0.033136085,0.08319167,0.007149972,0.010569722,0.008221227,0.024236092,7.2555384e-05,0.5,0.000780937,0.36196178,0.5,0
2254,NODE21_processed_png/c1879.png,0.03267334,0.07739872,0.17671533,0.07018658,0.019722015,0.035443414,0.003253571,0.048773993,0.08563379,0.005878168,0.022114737,0.011549671,0.02277092,5.0990006e-05,0.5,0.000691755,0.28102955,0.5,0
2255,NODE21_processed_png/n0371.png,0.04023565,0.032499995,0.17849897,0.08390439,0.020234687,0.010073818,0.005917119,0.037105743,0.05061901,0.009213985,0.00497477,0.008123909,0.027761344,0.000289313,0.5,0.003367137,0.048911523,0.5,1
2256,NODE21_processed_png/c0700.png,0.038982987,0.0722431,0.25365028,0.046671055,0.04854169,0.002860557,0.001491213,0.08214387,0.11766655,0.009869231,0.025021441,0.006311226,0.026750201,3.8577284e-05,0.5,0.000627792,0.14364001,0.5,0
2257,NODE21_processed_png/c1140.png,0.05552848,0.090537354,0.24400002,0.06142023,0.046690885,0.00500255,0.003103882,0.18111065,0.12526792,0.009270901,0.008904499,0.012165257,0.023436368,3.6559268e-05,0.5,0.001078933,0.43107447,0.5,0
2258,NODE21_processed_png/c2055.png,0.053902086,0.039052527,0.13900293,0.062089123,0.021066591,0.051016152,0.003472321,0.029564755,0.04279436,0.009084012,0.011355618,0.010512693,0.039123423,0.000866378,0.5,0.00565296,0.11007659,0.5,0
2259,NODE21_processed_png/c3615.png,0.029161038,0.04475436,0.13770346,0.0889198,0.017398888,0.034431312,0.00127907,0.039015207,0.032288376,0.010857146,0.015074145,0.007876093,0.04559477,0.000165996,0.5,0.004373647,0.048451483,0.5,0
2260,NODE21_processed_png/c1521.png,0.016500501,0.11267977,0.24280748,0.058052335,0.022790564,0.010172884,0.002690349,0.03434065,0.10786067,0.006216453,0.001691932,0.009542408,0.025968283,1.9196776e-05,0.5,0.000907411,0.57969713,0.5,0
2261,NODE21_processed_png/c1953.png,0.047776464,0.0676213,0.22149938,0.21390148,0.024361843,0.041706413,0.005699115,0.07267379,0.084418535,0.011119676,0.006406387,0.016193658,0.03614079,0.000156342,0.5,0.002928275,0.1999607,0.5,0
2262,NODE21_processed_png/c1286.png,0.045614813,0.038328942,0.13841113,0.06500001,0.013742052,0.022340298,0.002562494,0.06826346,0.03814224,0.0106809,0.021421347,0.005262645,0.026144844,0.000198871,0.5,0.00112598,0.052339017,0.5,0
2263,NODE21_processed_png/c0361.png,0.06530719,0.058399197,0.11625927,0.07820064,0.004019456,0.020044396,0.000800061,0.121861234,0.036832474,0.006752582,0.01785354,0.00473301,0.025324805,7.3065705e-05,0.5,0.001507227,0.081396304,0.5,0
2264,NODE21_processed_png/c3274.png,0.03982566,0.1004896,0.21446514,0.094521314,0.030226922,0.018589387,0.00188583,0.12886123,0.10014788,0.007567903,0.010862597,0.011019776,0.036034923,0.000131095,0.5,0.001283206,0.3775077,0.5,0
2265,NODE21_processed_png/c2846.png,0.0553356,0.052803997,0.21319635,0.02360541,0.024800781,0.002546542,0.001091764,0.06861992,0.09083568,0.006533286,0.006069099,0.00554405,0.03897796,7.653207e-05,0.5,0.001627283,0.24616924,0.5,0
2266,NODE21_processed_png/c2434.png,0.039257858,0.057151992,0.19956215,0.12270896,0.025119385,0.014075109,0.005984385,0.07087796,0.096675955,0.01034983,0.011731366,0.011221861,0.02259507,8.1612976e-05,0.5,0.001240829,0.2663441,0.5,0
2267,NODE21_processed_png/c2393.png,0.068648845,0.08284732,0.18867275,0.089066215,0.020559471,0.011231215,0.01276427,0.118296735,0.07631519,0.02845479,0.0439834,0.02124624,0.04253482,0.000841688,0.5,0.004885929,0.2556285,0.5,0
2268,NODE21_processed_png/c2897.png,0.02654539,0.0721142,0.16887072,0.028509846,0.02051676,0.002730465,0.00131807,0.0409804,0.08440625,0.003976773,0.004523441,0.008646713,0.031497885,5.127203e-05,0.5,0.001172386,0.34821647,0.5,0
2269,NODE21_processed_png/c2342.png,0.024537126,0.034594785,0.16237316,0.033432517,0.024371155,0.007658757,0.00172386,0.022963965,0.049857736,0.005495782,0.02076461,0.004556054,0.019485522,2.5950974e-05,0.5,0.000956068,0.10159125,0.5,0
2270,NODE21_processed_png/c3502.png,0.050338916,0.0291774,0.14710595,0.031470783,0.009183485,0.007255438,0.00337424,0.058860302,0.036256425,0.011368575,0.020559229,0.006900605,0.03500006,0.000385265,0.5,0.001789848,0.09196943,0.5,0
2271,NODE21_processed_png/c0417.png,0.070405,0.08279744,0.16556898,0.10745278,0.01589168,0.035224,0.004953073,0.08891136,0.060206152,0.010593266,0.00539689,0.014721997,0.022753403,0.00035205,0.5,0.007074933,0.096857496,0.5,0
2272,NODE21_processed_png/c0865.png,0.04125666,0.056000434,0.13660747,0.1100762,0.015239388,0.019395964,0.002382641,0.044269197,0.056875303,0.00690696,0.012227372,0.015411065,0.021880094,0.000247009,0.5,0.004225099,0.18812954,0.5,0
2273,NODE21_processed_png/c1982.png,0.032777797,0.068977095,0.18508983,0.088643834,0.022037135,0.018191444,0.006092384,0.04305123,0.0803968,0.009180201,0.017277034,0.013563682,0.032327626,0.000149522,0.5,0.001162971,0.4130171,0.5,0
2274,NODE21_processed_png/c1257.png,0.04305848,0.08540838,0.20886652,0.05019732,0.038816985,0.005697185,0.005048204,0.060094357,0.072277546,0.012208324,0.005828291,0.009499931,0.038812578,4.4423232e-05,0.5,0.000933624,0.29429555,0.5,0
2275,NODE21_processed_png/c3163.png,0.03999551,0.07194991,0.20271398,0.07765464,0.037633073,0.004852823,0.003265212,0.06951009,0.087555684,0.020357568,0.006378057,0.008809396,0.04618339,3.3456057e-05,0.5,0.001504104,0.24195325,0.5,0
2276,NODE21_processed_png/c2084.png,0.040580757,0.04284984,0.17519818,0.06682157,0.013387395,0.023520783,0.00428122,0.07976319,0.041487735,0.011886493,0.013784512,0.009800651,0.029126192,0.000178383,0.5,0.002647554,0.10595307,0.5,0
2277,NODE21_processed_png/c2723.png,0.058781937,0.045223285,0.14685538,0.054786082,0.00495986,0.015017426,0.001613582,0.05565201,0.044456966,0.007747027,0.012554118,0.008007649,0.032134473,0.000107664,0.5,0.002658355,0.22058222,0.5,0
2278,NODE21_processed_png/c1191.png,0.057512913,0.093478195,0.16845693,0.14241315,0.023294255,0.04865928,0.005398247,0.09530613,0.05980348,0.026584834,0.005989023,0.014099969,0.067020044,0.000138138,0.5,0.00449801,0.26082677,0.5,0
2279,NODE21_processed_png/c1636.png,0.016597643,0.028238688,0.13774154,0.029954392,0.006544452,0.00594422,0.003083344,0.024869805,0.022933682,0.005796857,0.004979677,0.004533715,0.013094203,2.784858e-05,0.5,0.00078411,0.03129393,0.5,0
2280,NODE21_processed_png/c0076.png,0.035785716,0.06531512,0.15024957,0.054814573,0.006234325,0.027885621,0.000781411,0.045438733,0.060489334,0.005417469,0.003082235,0.007114985,0.03993768,1.5619302e-06,0.5,0.000547773,0.35455772,0.5,0
2281,NODE21_processed_png/n0407.png,0.08222687,0.069937654,0.29797128,0.04005552,0.08298024,0.005529768,0.001379771,0.18122807,0.19173999,0.010606687,0.08596548,0.011497584,0.025016166,0.000260371,0.5,0.005682636,0.45054418,0.5,1
2282,NODE21_processed_png/c3828.png,0.035955276,0.05958925,0.14819275,0.072654046,0.02120271,0.007371581,0.001774482,0.050176878,0.04655778,0.006850365,0.005264501,0.008156682,0.03175353,1.4650418e-05,0.5,0.000949316,0.15371941,0.5,0
2283,NODE21_processed_png/c0689.png,0.024067288,0.06494676,0.24930774,0.0694756,0.10239725,0.008191675,0.005606896,0.051593084,0.14438051,0.017615994,0.009303127,0.008498937,0.023006016,6.9910035e-05,0.5,0.000954303,0.42138562,0.5,0
2284,NODE21_processed_png/c0658.png,0.01631357,0.080779806,0.18657406,0.10010134,0.03291845,0.008373875,0.006048549,0.024752015,0.091851786,0.010483985,0.002936082,0.010071542,0.0305914,7.804354e-06,0.5,0.000822173,0.3609559,0.5,0
2285,NODE21_processed_png/c1018.png,0.09293122,0.058188718,0.22270814,0.032254208,0.03606964,0.004138829,0.002102552,0.14026219,0.11055266,0.010057027,0.017861467,0.009419744,0.03295073,0.000164887,0.5,0.002617772,0.3017618,0.5,0
2286,NODE21_processed_png/c1479.png,0.022617655,0.05277068,0.20375018,0.026687665,0.016107392,0.004092958,0.003684605,0.026624277,0.062118534,0.003873835,0.012579403,0.005347907,0.014569384,1.7084869e-05,0.5,0.001033398,0.2581676,0.5,0
2287,NODE21_processed_png/c0239.png,0.049738396,0.07385408,0.13109599,0.040457305,0.005330328,0.00874466,0.000654086,0.07867395,0.026614558,0.006486261,0.003650567,0.005954502,0.036255278,1.0787995e-05,0.5,0.001168002,0.066953056,0.5,0
2288,NODE21_processed_png/c3669.png,0.14838979,0.07255747,0.15293859,0.06862273,0.008569158,0.019244565,0.001374363,0.06999802,0.080821976,0.01271522,0.008258579,0.008982384,0.069464274,0.000161324,0.5,0.010743634,0.18841407,0.5,0
2289,NODE21_processed_png/c3208.png,0.04066355,0.047447775,0.18578607,0.115802325,0.016163623,0.0207749,0.005780906,0.03115974,0.058566015,0.009242193,0.007294328,0.010431389,0.043592688,3.8069156e-05,0.5,0.000995489,0.12778507,0.5,0
2290,NODE21_processed_png/c2448.png,0.024232065,0.079147205,0.14381553,0.04631478,0.017542973,0.004152668,0.003275718,0.03214027,0.07948154,0.006978588,0.03263174,0.0081987,0.014652531,3.3985583e-05,0.5,0.00033398,0.307006,0.5,0
2291,NODE21_processed_png/c0819.png,0.038254637,0.04937654,0.14403443,0.14259279,0.013073982,0.017687526,0.00213011,0.048199434,0.044796944,0.006803766,0.005727483,0.009598732,0.03040229,0.000106686,0.5,0.00182206,0.062343825,0.5,0
2292,NODE21_processed_png/c2499.png,0.053790987,0.04905212,0.13292606,0.06682444,0.003029815,0.038845368,0.002448809,0.07972324,0.025341336,0.019923428,0.011139603,0.004775994,0.053578235,5.8460055e-06,0.5,0.000591581,0.037301786,0.5,0
2293,NODE21_processed_png/c2266.png,0.043103177,0.05494594,0.16161351,0.08618887,0.014249331,0.05956585,0.00284174,0.051003795,0.036544096,0.00952548,0.008756706,0.010771942,0.03711633,0.000252432,0.5,0.002726318,0.12103037,0.5,0
2294,NODE21_processed_png/c3426.png,0.041399956,0.057140067,0.17104234,0.07668473,0.020054366,0.03373104,0.002459615,0.034848012,0.056370232,0.014311235,0.004575024,0.011319983,0.053580232,7.510433e-05,0.5,0.007048929,0.11000662,0.5,0
2295,NODE21_processed_png/c3854.png,0.050348636,0.045919545,0.16676795,0.04656152,0.018052142,0.014990431,0.005824701,0.058837745,0.043353174,0.011657572,0.026225904,0.008611865,0.023268703,0.00011397,0.5,0.003242207,0.1217935,0.5,0
2296,NODE21_processed_png/c3381.png,0.06474778,0.096875496,0.16916674,0.14817663,0.007605896,0.048384156,0.005366358,0.105629705,0.07475736,0.021987855,0.004501161,0.016421467,0.049473964,2.457276e-05,0.5,0.006533682,0.3442406,0.5,0
2297,NODE21_processed_png/c0941.png,0.029465675,0.055885952,0.22214717,0.1475817,0.049852833,0.014416463,0.003269612,0.046148416,0.11051067,0.007624437,0.009091552,0.009937268,0.030738447,4.082052e-05,0.5,0.001757821,0.22682008,0.5,0
2298,NODE21_processed_png/c0533.png,0.024160406,0.05499229,0.13203982,0.060870398,0.00604042,0.008103537,0.003000695,0.014301353,0.03611847,0.008488179,0.003912108,0.009614081,0.03698953,1.7411714e-05,0.5,0.000816935,0.26634368,0.5,0
2299,NODE21_processed_png/c0294.png,0.03085642,0.05645723,0.26031944,0.14959848,0.027492799,0.026817527,0.006031562,0.035645764,0.05040631,0.00654519,0.005878992,0.00660905,0.041271284,6.837506e-05,0.5,0.00134482,0.007457949,0.5,0
2300,NODE21_processed_png/c1373.png,0.0624566,0.049536593,0.17654555,0.048715703,0.023932217,0.008293678,0.00245602,0.13773113,0.06713948,0.013874723,0.040122163,0.005388965,0.021078838,0.000180261,0.5,0.002599166,0.16374944,0.5,0
2301,NODE21_processed_png/c3047.png,0.09887485,0.10792591,0.23128127,0.22199954,0.027775362,0.06350699,0.002434899,0.0836697,0.17738584,0.008871698,0.02681319,0.013528864,0.042431716,0.000143708,0.5,0.008946281,0.4677743,0.5,0
2302,NODE21_processed_png/c2607.png,0.013638116,0.061939243,0.18059993,0.059719965,0.02491197,0.006898497,0.003250751,0.027052797,0.059748054,0.006191933,0.003519235,0.008826509,0.0264252,1.0597827e-05,0.5,0.000363852,0.19280384,0.5,0
2303,NODE21_processed_png/c1712.png,0.038458254,0.046993006,0.16186036,0.047585,0.007391942,0.006585178,0.002215044,0.03282716,0.028645644,0.00900219,0.004066824,0.005757308,0.031503808,7.81263e-05,0.5,0.003798842,0.038653016,0.5,0
2304,NODE21_processed_png/c0152.png,0.034304727,0.088538155,0.19426784,0.057140794,0.018666154,0.006536746,0.004116709,0.032853756,0.11670132,0.008354699,0.015607235,0.007820541,0.019930331,4.4266086e-05,0.5,0.00093742,0.55103195,0.5,0
2305,NODE21_processed_png/c0183.png,0.047911916,0.074129485,0.19130863,0.18906048,0.026072843,0.031090323,0.007753525,0.06256021,0.11538775,0.007913523,0.004986475,0.012348123,0.039230045,2.779337e-05,0.5,0.001885544,0.37652484,0.5,0
2306,NODE21_processed_png/n0255.png,0.030002048,0.05506694,0.21599734,0.026227262,0.034366112,0.005500275,0.000824637,0.032487094,0.12536722,0.004035491,0.017429559,0.007232557,0.019036792,4.613888e-05,0.5,0.001438319,0.5494791,0.5,1
2307,NODE21_processed_png/c0624.png,0.048321877,0.04434159,0.1896588,0.059141524,0.026723577,0.023420785,0.010062523,0.05223299,0.054415837,0.01407153,0.013886294,0.009723906,0.023991896,0.000395877,0.5,0.003572554,0.106988184,0.5,0
2308,NODE21_processed_png/c1064.png,0.013382527,0.031767,0.16714153,0.03535662,0.024580536,0.003995083,0.001920742,0.021734884,0.07211203,0.00753004,0.002447255,0.005885842,0.022538474,2.4892157e-05,0.5,0.000975304,0.2445993,0.5,0
2309,NODE21_processed_png/c3096.png,0.02844795,0.041334774,0.18316476,0.07354892,0.023187008,0.007661284,0.006624477,0.04024363,0.08025732,0.013627339,0.020920323,0.009170112,0.031407133,5.544587e-05,0.5,0.001583698,0.22303963,0.5,0
2310,NODE21_processed_png/c1877.png,0.03309722,0.0338694,0.13514656,0.087656215,0.011582863,0.020562518,0.002693859,0.03692495,0.029641967,0.009163961,0.011719378,0.004456756,0.029704308,0.000101646,0.5,0.001623139,0.049577534,0.5,0
2311,NODE21_processed_png/c1405.png,0.020119432,0.09747996,0.23508719,0.15948696,0.046391442,0.033816606,0.002533602,0.049426053,0.12070775,0.007413796,0.001587868,0.010984793,0.030974701,7.76146e-06,0.5,0.00041405,0.42643023,0.5,0
2312,NODE21_processed_png/n0193.png,0.023627661,0.048815645,0.17810133,0.16729717,0.030472007,0.019447964,0.003397087,0.03157294,0.05614546,0.007669957,0.007492229,0.006459348,0.0238764,0.00025298,0.5,0.001714194,0.053493734,0.5,1
2313,NODE21_processed_png/c0990.png,0.047107957,0.058392778,0.15983933,0.05715232,0.010619325,0.020542257,0.003315901,0.06735982,0.05259583,0.01432272,0.005283222,0.007801609,0.048875917,5.3440148e-05,0.5,0.004451435,0.23059247,0.5,0
2314,NODE21_processed_png/c0245.png,0.031304486,0.09402142,0.23013051,0.12768742,0.035106372,0.009121835,0.003376375,0.052352622,0.15334919,0.003692024,0.00615671,0.014516291,0.01737271,6.6387424e-06,0.5,0.000551741,0.2928096,0.5,0
2315,NODE21_processed_png/c3885.png,0.07179972,0.071709625,0.1838282,0.041540068,0.030831091,0.008563306,0.00090342,0.059309132,0.064612985,0.005509851,0.011454049,0.007694601,0.07457548,0.000105328,0.5,0.004292966,0.2683295,0.5,0
2316,NODE21_processed_png/c3350.png,0.05027802,0.074424356,0.21997504,0.026360473,0.030220184,0.009847271,0.003507718,0.06025917,0.087125294,0.008911356,0.021370701,0.006930692,0.033502437,9.8611396e-05,0.5,0.001829025,0.26838028,0.5,0
2317,NODE21_processed_png/c2510.png,0.08770711,0.09171131,0.20354478,0.11581972,0.029056868,0.04877385,0.001906954,0.08561241,0.096905924,0.008250242,0.008510917,0.01130123,0.03845983,0.000374106,0.5,0.005374683,0.15193486,0.5,0
2318,NODE21_processed_png/c2962.png,0.029199257,0.026946675,0.16443214,0.015158576,0.031427737,0.006968279,0.002561529,0.044933803,0.054535687,0.010391931,0.044798546,0.006175473,0.02704153,5.0052717e-05,0.5,0.002420198,0.1377779,0.5,0
2319,NODE21_processed_png/c2789.png,0.0358677,0.062180523,0.1870372,0.14677177,0.011505093,0.022318887,0.005208075,0.09795895,0.070547715,0.017740121,0.009767582,0.009136495,0.0483276,5.6613677e-05,0.5,0.002601385,0.22136661,0.5,0
2320,NODE21_processed_png/c1928.png,0.024802953,0.049422193,0.1464605,0.06368523,0.010116728,0.0126605,0.002755262,0.034090117,0.033762645,0.008307816,0.002908326,0.008458817,0.041441415,5.5219927e-05,0.5,0.000763115,0.040387847,0.5,0
2321,NODE21_processed_png/c3579.png,0.04582483,0.067206696,0.14246875,0.073155314,0.007244997,0.012807597,0.00252775,0.051638532,0.06886864,0.017288523,0.011248135,0.009311274,0.063445754,2.7409207e-05,0.5,0.00206813,0.2647712,0.5,0
2322,NODE21_processed_png/c2339.png,0.042493053,0.08702213,0.19892436,0.090620644,0.021656735,0.007369879,0.002995508,0.09533612,0.06660363,0.007832988,0.014625068,0.007684055,0.037152804,0.000111608,0.5,0.001775909,0.24053054,0.5,0
2323,NODE21_processed_png/c2758.png,0.033739295,0.052404888,0.16426012,0.12839432,0.020265236,0.010617933,0.005404689,0.02328594,0.07480747,0.01230591,0.012043817,0.007626822,0.029225564,1.9831517e-05,0.5,0.000463723,0.13918231,0.5,0
2324,NODE21_processed_png/c3118.png,0.014106005,0.063371845,0.18991393,0.037042424,0.024966558,0.007629637,0.005475636,0.028148795,0.04831274,0.00593172,0.011128617,0.010793371,0.033724904,4.315646e-05,0.5,0.000752152,0.07336568,0.5,0
2325,NODE21_processed_png/c3386.png,0.02102709,0.03262942,0.15128429,0.038543653,0.013519677,0.007674338,0.001894597,0.023193605,0.0342356,0.007680492,0.008069308,0.004925215,0.011935039,2.2816075e-05,0.5,0.000544301,0.0927171,0.5,0
2326,NODE21_processed_png/c3853.png,0.03338416,0.09533551,0.2050652,0.09897131,0.04252449,0.005661771,0.006992125,0.107215516,0.15915433,0.01762266,0.024450153,0.013554959,0.023142662,7.3162344e-05,0.5,0.001419155,0.7263404,0.5,0
2327,NODE21_processed_png/c3421.png,0.04441761,0.07229804,0.19950776,0.0525344,0.030050496,0.007951936,0.004574398,0.06754394,0.070616886,0.009141606,0.018024657,0.007225153,0.021805638,7.840065e-05,0.5,0.002695211,0.167445,0.5,0
2328,NODE21_processed_png/c2261.png,0.060271952,0.07267049,0.2166114,0.10882319,0.03712461,0.008561922,0.006758537,0.09492456,0.0852086,0.012552977,0.008758829,0.019355904,0.060920365,0.000165635,0.5,0.006070558,0.20237209,0.5,0
2329,NODE21_processed_png/c1374.png,0.022244422,0.08099845,0.18796451,0.06547932,0.031799596,0.004546329,0.004363607,0.04090002,0.10692328,0.008589637,0.005350539,0.006929643,0.021972198,2.4708863e-05,0.5,0.000907597,0.35845473,0.5,0
2330,NODE21_processed_png/c0293.png,0.08697123,0.043638527,0.17555815,0.073098436,0.023304997,0.013588715,0.008958747,0.08035985,0.05277195,0.013113912,0.021543967,0.01599163,0.03492529,0.000864923,0.5,0.00748745,0.05902959,0.5,0
2331,NODE21_processed_png/c0534.png,0.069665626,0.094844334,0.21935387,0.062328584,0.02718819,0.01218863,0.007148747,0.05975084,0.106073804,0.00877778,0.00909257,0.012194864,0.03365846,9.057124e-05,0.5,0.002053478,0.3445568,0.5,0
2332,NODE21_processed_png/c0946.png,0.087920815,0.074966215,0.17891216,0.09311929,0.023728142,0.01332579,0.005455907,0.1600534,0.10026968,0.018875781,0.03710175,0.009943864,0.031117449,0.000358558,0.5,0.007401029,0.35460332,0.5,0
2333,NODE21_processed_png/n0145.png,0.045533836,0.06197423,0.22163488,0.055328626,0.034175705,0.005407586,0.004437524,0.1267951,0.11415592,0.010918544,0.04307252,0.0076754,0.015020561,4.7427424e-05,0.5,0.001122092,0.13892823,0.5,1
2334,NODE21_processed_png/c2600.png,0.049247142,0.056441672,0.21314666,0.045162365,0.04220776,0.007211897,0.001869462,0.0889985,0.07292084,0.012414053,0.029527685,0.010485715,0.0587412,0.000263888,0.5,0.006536623,0.20652711,0.5,0
2335,NODE21_processed_png/c3040.png,0.046284657,0.07862944,0.23569842,0.0457765,0.05323691,0.005683098,0.001748846,0.07532215,0.11355857,0.005562801,0.016451975,0.007005812,0.02564978,0.000146754,0.5,0.000990483,0.43961927,0.5,0
2336,NODE21_processed_png/c0155.png,0.08650334,0.033810608,0.1632145,0.021494394,0.013810914,0.006134896,0.001518423,0.03680544,0.0732362,0.006693923,0.007847765,0.006191485,0.024960892,0.000132552,0.5,0.003489055,0.23868565,0.5,0
2337,NODE21_processed_png/n0524.png,0.056181464,0.06671234,0.25529882,0.06713663,0.06936594,0.00515809,0.004790926,0.16124237,0.10232649,0.010442613,0.0466602,0.015730295,0.023893872,0.000440712,0.5,0.003094426,0.2096476,0.5,1
2338,NODE21_processed_png/c1715.png,0.032607496,0.0754461,0.19663922,0.20681682,0.028593048,0.056466278,0.00882696,0.041619588,0.08064984,0.012910426,0.006013176,0.014258338,0.053293694,3.455426e-05,0.5,0.002030106,0.18079108,0.5,0
2339,NODE21_processed_png/c1063.png,0.036862437,0.035579722,0.14186619,0.23721036,0.011505679,0.13195227,0.004105663,0.024584185,0.045221567,0.013039417,0.003808904,0.009248282,0.04823936,0.000161117,0.5,0.002646453,0.08329526,0.5,0
2340,NODE21_processed_png/n0252.png,0.05882266,0.06645728,0.22021583,0.14451675,0.032999706,0.028221725,0.007245504,0.068608865,0.17731266,0.011887844,0.014002903,0.015989462,0.04081805,0.000128747,0.5,0.003777965,0.65365833,0.5,1
2341,NODE21_processed_png/c0623.png,0.048392855,0.037886105,0.17857645,0.049199417,0.016016552,0.018542193,0.004797405,0.066224046,0.048459284,0.012631935,0.016685322,0.010782382,0.024588704,0.000365315,0.5,0.005098145,0.11070978,0.5,0
2342,NODE21_processed_png/n0987.png,0.05179703,0.09052712,0.24180827,0.04628201,0.04626066,0.004893306,0.002110966,0.06546985,0.123024166,0.007818402,0.018191116,0.00964681,0.047366176,0.000328672,0.5,0.002601803,0.5265753,0.5,1
2343,NODE21_processed_png/c0184.png,0.055839673,0.08188856,0.21610484,0.061439384,0.030425565,0.012720501,0.006303154,0.1014277,0.07003408,0.010514054,0.027073197,0.006300035,0.025061712,0.000191698,0.5,0.001940891,0.22185998,0.5,0
2344,NODE21_processed_png/c3736.png,0.0694201,0.045993187,0.16477895,0.03676766,0.012408184,0.010850879,0.003095736,0.039152823,0.047716834,0.011325321,0.003393725,0.009907,0.061136663,0.000236187,0.5,0.003063317,0.07590833,0.5,0
2345,NODE21_processed_png/c3091.png,0.03451894,0.106434494,0.16007215,0.18574005,0.01739121,0.026899695,0.007901437,0.088432595,0.10219082,0.014289516,0.015103498,0.013642522,0.023069505,3.481915e-05,0.5,0.000644201,0.7145902,0.5,0
2346,NODE21_processed_png/c2176.png,0.025011588,0.0910562,0.20887285,0.16030185,0.034968007,0.01710376,0.004590493,0.06340262,0.120841704,0.010495639,0.002407918,0.012414423,0.02590556,2.1069947e-05,0.5,0.001567932,0.6536063,0.5,0
2347,NODE21_processed_png/n0633.png,0.04730814,0.09725077,0.22375056,0.071175404,0.049821965,0.022231312,0.002668437,0.106179506,0.08185277,0.011811622,0.005467963,0.015653033,0.061767723,0.000160297,0.5,0.006086315,0.1367813,0.5,1
2348,NODE21_processed_png/c0242.png,0.02863374,0.105260134,0.21385749,0.09718935,0.03464988,0.009803556,0.002915738,0.04825805,0.13244556,0.007111898,0.005129622,0.011098562,0.039947648,2.6089063e-05,0.5,0.000660903,0.63142765,0.5,0
2349,NODE21_processed_png/c0997.png,0.049287785,0.06627863,0.18250829,0.20438644,0.018604303,0.04461651,0.004483081,0.07004815,0.06214056,0.011370969,0.009326831,0.011094298,0.033961043,0.000245572,0.5,0.003353414,0.12147777,0.5,0
2350,NODE21_processed_png/c1402.png,0.053879373,0.04467211,0.22908121,0.03748761,0.023098053,0.004913257,0.001409545,0.06416936,0.06107631,0.006419814,0.01140358,0.00620709,0.037192255,3.0489671e-05,0.5,0.001682132,0.15738781,0.5,0
2351,NODE21_processed_png/c1870.png,0.04996,0.06792262,0.15523028,0.14475065,0.018495476,0.02931569,0.004103915,0.05679088,0.06619916,0.013205946,0.006704626,0.012171021,0.0695835,0.000206604,0.5,0.002165143,0.11780239,0.5,0
2352,NODE21_processed_png/n1073.png,0.035162814,0.04825485,0.17782852,0.07989579,0.036508836,0.022763938,0.007103346,0.0600276,0.063687064,0.014217436,0.025523823,0.012074146,0.038794816,0.000586335,0.5,0.006304353,0.12364684,0.5,1
2353,NODE21_processed_png/c2965.png,0.04591389,0.07984134,0.22242446,0.18086119,0.0209687,0.022289783,0.009898432,0.06891408,0.12079665,0.009529372,0.012936424,0.007488168,0.015271949,0.000124782,0.5,0.000828196,0.24980925,0.5,0
2354,NODE21_processed_png/c2517.png,0.035778817,0.06789374,0.16664968,0.05924093,0.021353638,0.009000218,0.001951149,0.031750582,0.053761262,0.004280898,0.005235457,0.00948084,0.03094787,6.0433227e-05,0.5,0.002169734,0.13399625,0.5,0
2355,NODE21_processed_png/c3357.png,0.052939765,0.06998521,0.2147838,0.1264019,0.05471494,0.039753526,0.009596752,0.105477534,0.06675113,0.03173268,0.019882953,0.011282771,0.058299396,6.748289e-05,0.5,0.002860357,0.13630933,0.5,0
2356,NODE21_processed_png/c3882.png,0.024999358,0.058833778,0.15588234,0.1325504,0.016568365,0.02101354,0.003484006,0.043205723,0.07611174,0.00967568,0.007637109,0.006984404,0.024436358,1.21288485e-05,0.5,0.001121343,0.17564438,0.5,0
2357,NODE21_processed_png/c1147.png,0.023993548,0.05886574,0.17008735,0.038902085,0.011655014,0.003404758,0.003026118,0.03816351,0.063141644,0.00625834,0.009441545,0.006344309,0.04120926,4.4136314e-06,0.5,0.00046559,0.24371336,0.5,0
2358,NODE21_processed_png/c0707.png,0.01852948,0.097628415,0.23641968,0.0881128,0.04616512,0.0047761,0.002045302,0.046192646,0.23706631,0.006508236,0.008147185,0.009427523,0.015755422,6.078122e-06,0.5,0.00014738,0.81102526,0.5,0
2359,NODE21_processed_png/c3612.png,0.037524644,0.025769556,0.14882365,0.10626966,0.007202623,0.030716542,0.004424945,0.060102686,0.029832497,0.027563417,0.0377336,0.009522105,0.047348786,0.000269486,0.5,0.002906259,0.088821165,0.5,0
2360,NODE21_processed_png/c2052.png,0.026890945,0.051749248,0.15462324,0.09531944,0.036322325,0.010374222,0.003912516,0.032372434,0.061968952,0.009536597,0.00642395,0.010901839,0.04808801,5.1373783e-05,0.5,0.00144161,0.1537664,0.5,0
2361,NODE21_processed_png/n0717.png,0.039836645,0.06629829,0.2183159,0.14304876,0.07067272,0.03883734,0.003882158,0.05573446,0.09890555,0.007848332,0.010714466,0.0135631,0.066686496,0.000687605,0.5,0.002197105,0.19827521,0.5,1
2362,NODE21_processed_png/c0366.png,0.02534542,0.065954246,0.15795796,0.10426808,0.019134743,0.018789925,0.011143926,0.07555943,0.07769612,0.011534108,0.07882877,0.012033267,0.01937008,6.18201e-05,0.5,0.000853804,0.27526477,0.5,0
2363,NODE21_processed_png/c1281.png,0.052032042,0.06553286,0.1776476,0.094525225,0.023164952,0.01629696,0.001805508,0.0972014,0.047392387,0.009090276,0.010771938,0.006564296,0.039930668,5.093096e-05,0.5,0.002093929,0.075648926,0.5,0
2364,NODE21_processed_png/c1954.png,0.04366533,0.10417287,0.2046547,0.04086972,0.029207936,0.004885558,0.003069104,0.064062886,0.15510103,0.005779538,0.017075082,0.011685455,0.019647855,0.00015791,0.5,0.002760811,0.57217246,0.5,0
2365,NODE21_processed_png/c1526.png,0.037769638,0.05319396,0.13976772,0.058008842,0.024686918,0.00449913,0.002751389,0.08331032,0.080942586,0.010651443,0.03145942,0.009561238,0.029730532,1.3338346e-05,0.5,0.001326907,0.48809323,0.5,0
2366,NODE21_processed_png/c2394.png,0.041040685,0.12225796,0.2685451,0.1846372,0.054065894,0.037117027,0.008561407,0.06352705,0.14798218,0.011017833,0.001974587,0.01660723,0.052558966,2.9656938e-05,0.5,0.001740336,0.45152453,0.5,0
2367,NODE21_processed_png/c2433.png,0.042541713,0.08308706,0.2184017,0.1034493,0.0756286,0.013628268,0.012386548,0.056691065,0.11232331,0.021873921,0.025411628,0.021906544,0.038253028,0.000355705,0.5,0.004230113,0.42530107,0.5,0
2368,NODE21_processed_png/c2841.png,0.082672976,0.027999122,0.16002089,0.024837816,0.015304187,0.010415298,0.001224737,0.0715349,0.054593585,0.010211465,0.023266902,0.004316284,0.0234626,0.000111921,0.5,0.00192394,0.16197915,0.5,0
2369,NODE21_processed_png/c3273.png,0.013206091,0.083300695,0.16583727,0.23935267,0.034931257,0.00692639,0.006688414,0.033491164,0.11334611,0.006048686,0.002712498,0.013739814,0.01748596,1.1446426e-05,0.5,0.000509049,0.38766915,0.5,0
2370,NODE21_processed_png/c3505.png,0.02419817,0.045782506,0.21311833,0.062765926,0.020823857,0.009426109,0.002582401,0.03135942,0.09565293,0.011315423,0.010416128,0.006884597,0.026152672,8.944628e-06,0.5,0.000578185,0.3713982,0.5,0
2371,NODE21_processed_png/c2345.png,0.033677336,0.04580802,0.19836058,0.046935305,0.01752112,0.015828298,0.003851206,0.037677616,0.06642586,0.013784627,0.005110018,0.009098171,0.04274383,3.7538917e-05,0.5,0.001581893,0.18170303,0.5,0
2372,NODE21_processed_png/c2890.png,0.037474588,0.04803633,0.18078814,0.102713145,0.012416115,0.018902846,0.009723633,0.042576592,0.049513195,0.016723847,0.011535362,0.008960249,0.028536836,0.000159885,0.5,0.002350022,0.07481344,0.5,0
2373,NODE21_processed_png/c1250.png,0.044132654,0.037021212,0.19455172,0.02358758,0.015009667,0.001827498,0.000802584,0.07444576,0.047589257,0.012233307,0.006642452,0.004091388,0.03010897,1.5118853e-05,0.5,0.00114911,0.09891259,0.5,0
2374,NODE21_processed_png/c1985.png,0.054073647,0.052640267,0.202902,0.08214843,0.02711822,0.03119091,0.007857141,0.07098225,0.07553111,0.01730178,0.01947033,0.011468574,0.048983928,0.000134251,0.5,0.00354655,0.22373639,0.5,0
2375,NODE21_processed_png/c0862.png,0.02795807,0.05074933,0.17321475,0.060311373,0.01277856,0.006824503,0.002146325,0.02334273,0.07396337,0.00612478,0.002684235,0.007335805,0.03292076,3.044098e-05,0.5,0.001117492,0.20275794,0.5,0
2376,NODE21_processed_png/c0410.png,0.03661649,0.074481085,0.24324663,0.016623229,0.027555328,0.003343483,0.005044098,0.064672075,0.06788318,0.011935608,0.04461956,0.007017021,0.026272286,0.000324455,0.5,0.002134173,0.18846479,0.5,0
2377,NODE21_processed_png/n0061.png,0.066488534,0.098800115,0.28463227,0.058763757,0.08467977,0.012470849,0.00530743,0.15392603,0.21426658,0.012897572,0.024313804,0.017928813,0.043796603,0.000153778,0.5,0.003389233,0.49869633,0.5,1
2378,NODE21_processed_png/c2083.png,0.06870888,0.045061942,0.17708851,0.036941137,0.025263142,0.009569949,0.003046321,0.055934973,0.079658,0.008913253,0.024544168,0.010507225,0.02786823,0.00023029,0.5,0.004939562,0.22842489,0.5,0
2379,NODE21_processed_png/c3164.png,0.021231893,0.15954006,0.22718105,0.15259238,0.07095743,0.003931964,0.006079924,0.123208255,0.2668509,0.012036538,0.012758884,0.011489882,0.015287874,1.4455664e-05,0.5,0.000466259,0.87145007,0.5,0
2380,NODE21_processed_png/c0071.png,0.046654936,0.08960468,0.23210919,0.073027164,0.064176135,0.00474243,0.004582328,0.11688344,0.11268439,0.012207031,0.023296623,0.008117182,0.017564189,0.000127499,0.5,0.000911823,0.4272854,0.5,0
2381,NODE21_processed_png/n0400.png,0.113438524,0.06130474,0.12689258,0.08576701,0.010813643,0.04958356,0.001950434,0.09506646,0.09460672,0.014322617,0.010869537,0.009223999,0.069061466,8.899653e-05,0.5,0.006311382,0.6469938,0.5,1
2382,NODE21_processed_png/c1631.png,0.052732803,0.053231467,0.22444476,0.09010132,0.044050105,0.026441742,0.004549946,0.053919654,0.07926949,0.018097058,0.009249989,0.00891311,0.03544071,0.000307305,0.5,0.003414061,0.17111206,0.5,0
2383,NODE21_processed_png/c1196.png,0.03192249,0.065655574,0.2315181,0.05035082,0.02269931,0.01217708,0.004436465,0.07293231,0.11582923,0.017021976,0.012075838,0.009648332,0.047268514,3.3593533e-05,0.5,0.001429866,0.3624754,0.5,0
2384,NODE21_processed_png/c1308.png,0.029029991,0.09841753,0.21252017,0.07345594,0.045351665,0.007056133,0.006469265,0.097523406,0.11033738,0.011082197,0.018345855,0.011354117,0.024526196,3.2987587e-05,0.5,0.001661694,0.30695474,0.5,0
2385,NODE21_processed_png/c0548.png,0.083536796,0.042834826,0.15718232,0.07362452,0.017186735,0.036277853,0.003900143,0.05211368,0.050739843,0.020831037,0.01276926,0.010782524,0.049375944,0.000227759,0.5,0.00625998,0.14572017,0.5,0
2386,NODE21_processed_png/c0129.png,0.053388137,0.07545171,0.20521902,0.099713355,0.029521037,0.017065505,0.010655342,0.043561526,0.09772951,0.009684822,0.012946948,0.018190855,0.031053213,0.000356687,0.5,0.00287283,0.13501592,0.5,0
2387,NODE21_processed_png/n0558.png,0.027464993,0.06133591,0.23218945,0.06153189,0.02454315,0.010131965,0.004539045,0.053673357,0.05323995,0.009211361,0.010097285,0.010089154,0.042064395,0.000331269,0.5,0.002471929,0.08574352,0.5,1
2388,NODE21_processed_png/c1769.png,0.03568893,0.057575047,0.17105915,0.080543555,0.018198537,0.007168655,0.003425899,0.05809805,0.061864775,0.011291957,0.006416374,0.008287068,0.029446993,1.1495839e-05,0.5,0.000533988,0.22149569,0.5,0
2389,NODE21_processed_png/c2919.png,0.09944385,0.07806884,0.28357923,0.040791683,0.053829957,0.008267866,0.002374946,0.2131381,0.10973797,0.008682541,0.017976303,0.005070177,0.016373128,0.000292976,0.5,0.00443506,0.24821608,0.5,0
2390,NODE21_processed_png/c0599.png,0.08087145,0.043062903,0.21356875,0.015805764,0.030393464,0.005837676,0.001229571,0.075465076,0.05021744,0.007713539,0.03078012,0.007710616,0.021676913,0.000252121,0.5,0.003840619,0.035503406,0.5,0
2391,NODE21_processed_png/n0449.png,0.03650486,0.08547246,0.23455024,0.06337217,0.038121827,0.006904791,0.005063588,0.119171835,0.12052048,0.010767261,0.018957097,0.010163115,0.030215476,8.776824e-05,0.5,0.001228303,0.38838017,0.5,1
2392,NODE21_processed_png/c0038.png,0.029948061,0.026754482,0.15502545,0.03293963,0.007338046,0.013530528,0.008866334,0.023483118,0.037082978,0.008543652,0.012048862,0.010930297,0.031560402,0.000209189,0.5,0.002337648,0.057261627,0.5,0
2393,NODE21_processed_png/c1678.png,0.017381748,0.06643078,0.17514805,0.09304919,0.03078629,0.04728332,0.003031532,0.041875087,0.041798495,0.009125599,0.01198198,0.00722212,0.035103187,5.5026856e-05,0.5,0.000579341,0.077959195,0.5,0
2394,NODE21_processed_png/c1219.png,0.049320895,0.043833174,0.1679585,0.121855,0.023992578,0.044192906,0.00806165,0.07108679,0.05266767,0.020819187,0.03380696,0.011952178,0.04836041,0.0008762,0.5,0.005049962,0.10631772,0.5,0
2395,NODE21_processed_png/n0028.png,0.053550772,0.057643197,0.17664528,0.053693283,0.028550701,0.01049185,0.003587655,0.07875242,0.061921902,0.011352697,0.047758378,0.006730019,0.040036205,0.000213034,0.5,0.003761427,0.21061431,0.5,1
2396,NODE21_processed_png/c0459.png,0.06075674,0.056528136,0.23607472,0.0339891,0.03234554,0.004416117,0.00328246,0.08201502,0.09559608,0.010101947,0.016099514,0.007307619,0.034524575,9.564163e-05,0.5,0.002394477,0.28697902,0.5,0
2397,NODE21_processed_png/c2808.png,0.065115124,0.027800722,0.104589514,0.041044988,0.003214892,0.010551646,0.001095904,0.046039443,0.029600294,0.014228478,0.00375718,0.006114159,0.059284147,3.2447915e-05,0.5,0.001681883,0.09282792,0.5,0
2398,NODE21_processed_png/c0488.png,0.0369209,0.07818653,0.15461029,0.1448464,0.03130224,0.017106885,0.001899291,0.07654485,0.07730324,0.010026612,0.003642286,0.009329462,0.046140827,6.163521e-05,0.5,0.00291064,0.41833156,0.5,0
2399,NODE21_processed_png/c0277.png,0.032707695,0.0684161,0.19622666,0.077346675,0.038857665,0.011157217,0.002966349,0.041577052,0.08034087,0.008020951,0.008904436,0.012413289,0.06660856,0.000166365,0.5,0.002575413,0.24941657,0.5,0
2400,NODE21_processed_png/c1390.png,0.03707081,0.05144966,0.19985463,0.059587754,0.033927914,0.014042324,0.00559675,0.048747562,0.092020184,0.00966459,0.03378903,0.005893855,0.029848685,8.323926e-05,0.5,0.00091589,0.2733165,0.5,0
2401,NODE21_processed_png/n1046.png,0.039243676,0.067523636,0.23808563,0.07924834,0.057264894,0.010590744,0.004885946,0.049531076,0.17516899,0.007215903,0.013205274,0.011662294,0.03390612,6.694985e-05,0.5,0.001111174,0.6305586,0.5,1
2402,NODE21_processed_png/c1437.png,0.04335866,0.08788039,0.2302847,0.029362664,0.05073635,0.003003006,0.003985003,0.074352875,0.123959504,0.007939514,0.018616797,0.007049458,0.01974506,7.640592e-05,0.5,0.001147119,0.33315772,0.5,0
2403,NODE21_processed_png/c1845.png,0.03616609,0.05334335,0.15735537,0.040757015,0.011339873,0.013666456,0.002066974,0.034130815,0.03254048,0.007027133,0.003956508,0.008559987,0.037785444,2.834434e-05,0.5,0.004414027,0.04974804,0.5,0
2404,NODE21_processed_png/c2285.png,0.05474144,0.098200746,0.20362216,0.094618574,0.049550213,0.00971093,0.006487575,0.13002193,0.1501945,0.012278149,0.019251412,0.016404323,0.031026088,0.000107876,0.5,0.002841534,0.5965911,0.5,0
2405,NODE21_processed_png/c2950.png,0.029408414,0.062305667,0.17107324,0.08019546,0.014886174,0.023023853,0.002908402,0.036015373,0.05217993,0.006858998,0.007251439,0.007543725,0.0269587,0.000138928,0.5,0.001617083,0.1653625,0.5,0
2406,NODE21_processed_png/c2522.png,0.027442733,0.062881276,0.20014113,0.101796746,0.014397438,0.019495854,0.003366855,0.057564195,0.06614975,0.012034662,0.007726404,0.00621431,0.029008986,3.9642902e-05,0.5,0.001196058,0.30662814,0.5,0
2407,NODE21_processed_png/c3362.png,0.034578815,0.07964733,0.21672463,0.09642256,0.04344285,0.014984125,0.009251077,0.10819119,0.10109952,0.027638167,0.031060308,0.016012572,0.02441431,0.00049055,0.5,0.003381917,0.36155453,0.5,0
2408,NODE21_processed_png/c1056.png,0.0486223,0.08316422,0.21567278,0.1579659,0.04411291,0.023999333,0.0173741,0.10601,0.13808614,0.021072643,0.011539555,0.019373674,0.037993062,0.000253574,0.5,0.007213567,0.4475501,0.5,0
2409,NODE21_processed_png/c0616.png,0.04596276,0.04633362,0.12177642,0.063881405,0.015574487,0.028334526,0.002182579,0.06308199,0.042023472,0.015763782,0.03132344,0.006112543,0.04687459,7.962204e-05,0.5,0.000976136,0.062376864,0.5,0
2410,NODE21_processed_png/c3703.png,0.035435278,0.070421465,0.19530478,0.11656712,0.028426263,0.036188673,0.013576161,0.060264558,0.09153667,0.014624635,0.027924508,0.009483217,0.042060107,0.000116826,0.5,0.00062862,0.19816542,0.5,0
2411,NODE21_processed_png/c2143.png,0.01794912,0.105527475,0.19905947,0.08081384,0.042154506,0.004248234,0.00293498,0.077184364,0.18710557,0.003580171,0.009150323,0.007908757,0.011528625,2.3660637e-05,0.5,0.000362825,0.82125306,0.5,0
2412,NODE21_processed_png/c2635.png,0.06543217,0.03952014,0.19073717,0.05536966,0.024300652,0.024952155,0.002643596,0.046215028,0.10482277,0.013630447,0.018923888,0.011956762,0.044168398,0.000172826,0.5,0.01154305,0.31148985,0.5,0
2413,NODE21_processed_png/c2192.png,0.034855224,0.0861395,0.20481862,0.14260708,0.045680065,0.010167878,0.003138595,0.0710469,0.15978184,0.008717945,0.007548663,0.010568241,0.030943539,7.561326e-05,0.5,0.002313967,0.6103413,0.5,0
2414,NODE21_processed_png/c3075.png,0.044352613,0.08300319,0.20044999,0.0691749,0.017249333,0.0176155,0.002360074,0.08958316,0.07551394,0.016391207,0.004541939,0.010223123,0.06299363,1.7621307e-05,0.5,0.003228693,0.2789192,0.5,0
2415,NODE21_processed_png/n0511.png,0.05594211,0.05141479,0.2654649,0.03750222,0.052739915,0.00737364,0.002128721,0.05229521,0.15970215,0.00823283,0.016163489,0.011406679,0.04350529,5.8341095e-05,0.5,0.002622896,0.45294404,0.5,1
2416,NODE21_processed_png/c0160.png,0.024472477,0.0708126,0.17864895,0.10714535,0.048869405,0.009647466,0.003940435,0.038482744,0.118393496,0.008335745,0.007936353,0.010143237,0.03210925,4.6025987e-05,0.5,0.001167425,0.45610037,0.5,0
2417,NODE21_processed_png/c1720.png,0.031874992,0.038214877,0.15103221,0.07516319,0.022118336,0.040639184,0.004459013,0.029912826,0.035535354,0.012591341,0.010358285,0.010457982,0.050890036,0.000263324,0.5,0.002556615,0.03948133,0.5,0
2418,NODE21_processed_png/c1087.png,0.053177085,0.10036843,0.24478492,0.1333901,0.03689512,0.017532036,0.003082036,0.050445,0.14109734,0.009091582,0.003860536,0.009971123,0.05751456,4.3696356e-05,0.5,0.001390647,0.40639848,0.5,0
2419,NODE21_processed_png/c3866.png,0.043664914,0.089960024,0.22043858,0.117702074,0.035083003,0.020751888,0.009913845,0.060358804,0.09237653,0.014190934,0.006162238,0.011290442,0.028494725,0.000145227,0.5,0.001939546,0.26859704,0.5,0
2420,NODE21_processed_png/c3414.png,0.04798485,0.06859353,0.18211925,0.046344694,0.01976769,0.015105803,0.002172963,0.06315844,0.083436444,0.011213601,0.009941916,0.006002271,0.06512223,0.000677077,0.5,0.003188374,0.3928681,0.5,0
2421,NODE21_processed_png/c2254.png,0.044022996,0.044847783,0.17728283,0.051218983,0.01670516,0.010564223,0.003567343,0.044570394,0.053034574,0.009595728,0.022618067,0.010245037,0.022800049,0.000135243,0.5,0.002370756,0.13404112,0.5,0
2422,NODE21_processed_png/c2981.png,0.032652047,0.05394487,0.19557332,0.095571816,0.024254514,0.03728593,0.005414135,0.036313362,0.06524832,0.015009972,0.001646005,0.015523242,0.08617874,8.935947e-05,0.5,0.003048558,0.17737211,0.5,0
2423,NODE21_processed_png/c1341.png,0.040386256,0.038816225,0.17971689,0.07688348,0.012186375,0.011023087,0.007064155,0.0330352,0.052906614,0.00851254,0.008295109,0.011351655,0.050013863,1.147273e-05,0.5,0.001452177,0.1661095,0.5,0
2424,NODE21_processed_png/c1894.png,0.061801974,0.06540523,0.2505536,0.017211271,0.049727995,0.002898584,0.000662752,0.060142662,0.1653389,0.006297075,0.010681382,0.007711239,0.045345087,9.9352335e-05,0.5,0.004180654,0.5499291,0.5,0
2425,NODE21_processed_png/n1097.png,0.05215238,0.066381685,0.22463971,0.047950093,0.061439637,0.007220477,0.009216463,0.07242165,0.09279787,0.016025595,0.016957564,0.0170349,0.04550805,0.00038851,0.5,0.003478012,0.10979473,0.5,1
2426,NODE21_processed_png/n0170.png,0.054895304,0.039838035,0.189789,0.028180847,0.02523871,0.005107349,0.002255861,0.06314871,0.07246646,0.011374764,0.015616937,0.00963842,0.035589464,0.000328482,0.5,0.00517376,0.26068988,0.5,1
2427,NODE21_processed_png/c0501.png,0.042850714,0.11087857,0.2087533,0.3240773,0.03014848,0.06957135,0.005822497,0.1178537,0.19598399,0.021876529,0.006044145,0.011443949,0.049134243,5.811918e-06,0.5,0.001181698,0.6921257,0.5,0
2428,NODE21_processed_png/c0973.png,0.051261548,0.056658097,0.12721606,0.118992746,0.012169519,0.03875376,0.005359797,0.06556892,0.026440984,0.014605965,0.022285638,0.005377693,0.034514662,6.441708e-05,0.5,0.001177346,0.037807748,0.5,0
2429,NODE21_processed_png/c2711.png,0.03652884,0.06391789,0.15388764,0.20243742,0.023204466,0.04641299,0.006570187,0.045295417,0.07685251,0.015008499,0.007168261,0.011353464,0.070674606,4.9613234e-05,0.5,0.000921352,0.353946,0.5,0
2430,NODE21_processed_png/c3151.png,0.046619117,0.056279067,0.16552804,0.10708096,0.019317154,0.015909879,0.002799597,0.05437984,0.06142951,0.013397558,0.00751601,0.009700502,0.039446134,5.859445e-05,0.5,0.004661958,0.12329498,0.5,0
2431,NODE21_processed_png/n0847.png,0.050833594,0.06882172,0.20921588,0.11642266,0.01983428,0.013223667,0.010790347,0.06124768,0.051799998,0.015312796,0.004390166,0.026508251,0.03242369,0.000197951,0.5,0.001913376,0.049185887,0.5,1
2432,NODE21_processed_png/n0435.png,0.026332648,0.05948956,0.17914626,0.014931092,0.020724928,0.001255966,0.001349577,0.033527654,0.05850377,0.006236207,0.015079469,0.005275274,0.026211293,0.000112291,0.5,0.000767715,0.16362515,0.5,1
2433,NODE21_processed_png/c0044.png,0.031664494,0.105670884,0.16459505,0.05054988,0.010945117,0.010095086,0.003981424,0.06468228,0.10889686,0.007163489,0.023918252,0.009023114,0.012676424,1.2824592e-05,0.5,0.000315148,0.71766174,0.5,0
2434,NODE21_processed_png/c1604.png,0.08153309,0.06830122,0.17475039,0.23926489,0.03233222,0.037541665,0.012292016,0.11479708,0.07802435,0.020692652,0.027874338,0.011151386,0.046059847,0.000282105,0.5,0.005466489,0.15933721,0.5,0
2435,NODE21_processed_png/c3297.png,0.045838196,0.052492857,0.17064498,0.083619244,0.011505484,0.03523878,0.002936913,0.04668257,0.047921777,0.008486968,0.017422212,0.004783487,0.0242143,7.11208e-05,0.5,0.001048254,0.058909193,0.5,0
2436,NODE21_processed_png/c2370.png,0.08311589,0.060142748,0.15775758,0.10957729,0.016778978,0.031771604,0.000996464,0.057912987,0.06086645,0.007611648,0.007922255,0.010932173,0.05165608,8.752636e-05,0.5,0.003839437,0.20684095,0.5,0
2437,NODE21_processed_png/c1265.png,0.0371972,0.062242355,0.2160738,0.0799575,0.008513882,0.040990468,0.009118945,0.06767137,0.04553494,0.021383427,0.032414015,0.005382136,0.028379407,1.9346948e-05,0.5,0.000926389,0.087613024,0.5,0
2438,NODE21_processed_png/c0382.png,0.053503048,0.08506023,0.18050897,0.18764985,0.016836891,0.0320344,0.007109563,0.07619116,0.13892254,0.014165713,0.008916481,0.012249666,0.053651754,2.5656598e-05,0.5,0.001894626,0.5556929,0.5,0
2439,NODE21_processed_png/c0857.png,0.03223107,0.069494754,0.19653809,0.062904075,0.007915315,0.010674728,0.00220394,0.055922687,0.039377633,0.005167261,0.003388782,0.005629657,0.02233977,6.4395185e-06,0.5,0.000923414,0.070151865,0.5,0
2440,NODE21_processed_png/c0425.png,0.05539656,0.07262672,0.21398447,0.052545227,0.016433965,0.011398562,0.005758619,0.14328426,0.08202593,0.01382237,0.032945737,0.006627531,0.018876765,0.000146282,0.5,0.002582174,0.31130415,0.5,0
2441,NODE21_processed_png/c0353.png,0.038861457,0.0616629,0.16848381,0.15621129,0.036953095,0.011865982,0.00423993,0.09292172,0.06980677,0.016469866,0.020005021,0.014227645,0.057271358,8.1783204e-05,0.5,0.003576355,0.17331368,0.5,0
2442,NODE21_processed_png/c0886.png,0.045553334,0.06395023,0.326245,0.033999905,0.13022532,0.004713303,0.001510676,0.057478305,0.14925624,0.003677895,0.10044037,0.005085699,0.010849298,0.000158009,0.5,0.002306112,0.2946109,0.5,0
2443,NODE21_processed_png/n0085.png,0.059598077,0.066618994,0.20467466,0.10771318,0.034626253,0.03925143,0.018970996,0.045816172,0.05532349,0.019108798,0.016573975,0.01610846,0.040905993,0.001848514,0.5,0.002815217,0.047541767,0.5,1
2444,NODE21_processed_png/c1961.png,0.022834364,0.06915945,0.20131485,0.15863945,0.04286376,0.007880228,0.010835676,0.041123908,0.103865035,0.008456626,0.00723628,0.012845156,0.021932924,4.46396e-05,0.5,0.001944626,0.21880074,0.5,0
2445,NODE21_processed_png/c1513.png,0.05278852,0.03922789,0.11764004,0.12886596,0.009037328,0.041991577,0.001355598,0.038586173,0.035879478,0.014156235,0.002592899,0.009844027,0.089560725,6.3968386e-05,0.5,0.004417817,0.1606125,0.5,0
2446,NODE21_processed_png/c2406.png,0.031051116,0.073244326,0.20441507,0.1232568,0.042500183,0.004721107,0.002606069,0.12867945,0.08664534,0.011037638,0.016565738,0.008785558,0.021617917,2.005166e-05,0.5,0.000510412,0.17278719,0.5,0
2447,NODE21_processed_png/c2874.png,0.03510648,0.058193173,0.17135406,0.05795075,0.010164605,0.007767231,0.003337339,0.08037757,0.057132423,0.011176393,0.008566078,0.006581879,0.026552923,1.1976415e-05,0.5,0.001688096,0.27853355,0.5,0
2448,NODE21_processed_png/c3246.png,0.06746337,0.03352604,0.13626543,0.09564265,0.011166063,0.020529445,0.002267721,0.0705614,0.03080881,0.017450936,0.012865879,0.008216848,0.0446633,0.000200396,0.5,0.002670184,0.02700463,0.5,0
2449,NODE21_processed_png/c1172.png,0.09294265,0.031305213,0.14809763,0.025731543,0.004761874,0.014570562,0.001773923,0.068502,0.020823833,0.008458657,0.008318936,0.00619569,0.029015835,9.8615536e-05,0.5,0.00193635,0.03649767,0.5,0
2450,NODE21_processed_png/c0095.png,0.040558483,0.054734565,0.17639194,0.13515638,0.02041019,0.029010782,0.003466268,0.052914985,0.08703827,0.010502103,0.006970866,0.008614638,0.034413595,1.748188e-05,0.5,0.001581911,0.28367496,0.5,0
2451,NODE21_processed_png/c3627.png,0.054143474,0.045806807,0.18036494,0.11289511,0.02035697,0.020812305,0.007394509,0.049845003,0.07026191,0.013552189,0.012923304,0.009207015,0.026082981,0.0001263,0.5,0.003054546,0.17629097,0.5,0
2452,NODE21_processed_png/c3180.png,0.02904975,0.04543528,0.17862691,0.19834472,0.019871935,0.042204626,0.026996516,0.035783883,0.040097926,0.019352866,0.008513391,0.011263323,0.026475506,0.000152631,0.5,0.001764561,0.032153755,0.5,0
2453,NODE21_processed_png/c2067.png,0.025198096,0.075675845,0.17053342,0.09130148,0.01357459,0.013135772,0.002154575,0.03592335,0.05609961,0.005645884,0.012152506,0.003942234,0.016865294,3.783655e-06,0.5,0.000630115,0.14569446,0.5,0
2454,NODE21_processed_png/c1839.png,0.019165667,0.058010742,0.14765781,0.032446675,0.011042687,0.015981827,0.001361503,0.047410227,0.0344126,0.005399474,0.006178618,0.00631113,0.020269573,9.852199e-06,0.5,0.002785052,0.16384102,0.5,0
2455,NODE21_processed_png/c2698.png,0.031804778,0.051659174,0.18940426,0.07630341,0.027121771,0.00881369,0.003338988,0.045068692,0.05824876,0.011343679,0.011588078,0.006559652,0.030129006,9.232908e-05,0.5,0.001309937,0.14948367,0.5,0
2456,NODE21_processed_png/c2649.png,0.037800703,0.07838086,0.25004187,0.10294651,0.024203755,0.015137912,0.00523276,0.09752588,0.07534833,0.0212857,0.004759336,0.008120507,0.030454732,3.3261713e-05,0.5,0.00081547,0.19474964,0.5,0
2457,NODE21_processed_png/c3468.png,0.09476015,0.052506592,0.17522559,0.078721225,0.01745486,0.016683705,0.001715456,0.0962417,0.06026281,0.010234467,0.034381308,0.006820641,0.03538542,7.8173405e-05,0.5,0.002103071,0.23389815,0.5,0
2458,NODE21_processed_png/c3156.png,0.054036822,0.060864266,0.15070838,0.0674296,0.02262491,0.012698677,0.003130208,0.047876444,0.05097721,0.009919561,0.006937412,0.007933072,0.035952874,8.936459e-05,0.5,0.002258421,0.107259266,0.5,0
2459,NODE21_processed_png/c2716.png,0.06904743,0.07730063,0.20641603,0.11391175,0.025078606,0.012498301,0.010596704,0.08064529,0.06330188,0.024608998,0.008661957,0.011808296,0.042489987,0.0003375,0.5,0.006775119,0.17237075,0.5,0
2460,NODE21_processed_png/c1603.png,0.00978745,0.062746406,0.16360886,0.14036083,0.027005225,0.016070645,0.005749464,0.02239033,0.06316007,0.010596599,0.002628044,0.008670185,0.023797866,9.562232e-06,0.5,0.000442293,0.18050288,0.5,0
2461,NODE21_processed_png/n0432.png,0.046382755,0.05175108,0.20085016,0.09347373,0.042978454,0.029495982,0.004290736,0.04844452,0.089317545,0.008117324,0.015183705,0.011287533,0.039405864,0.000181871,0.5,0.002507978,0.1492624,0.5,1
2462,NODE21_processed_png/c0043.png,0.066183425,0.06215574,0.19320741,0.14222653,0.026348267,0.044407748,0.003494089,0.054069396,0.117083944,0.01038503,0.010236654,0.012566689,0.037202485,0.00018801,0.5,0.005555458,0.51968527,0.5,0
2463,NODE21_processed_png/c2377.png,0.011425872,0.04912828,0.22408164,0.056848064,0.030000672,0.002230625,0.001344908,0.03129694,0.08781445,0.003571673,0.003451493,0.004363087,0.017629372,4.638709e-05,0.5,0.000545974,0.11652785,0.5,0
2464,NODE21_processed_png/c3537.png,0.06965813,0.068109766,0.18146233,0.02563912,0.032778297,0.002327262,0.000561844,0.12068126,0.07075381,0.00553374,0.051621143,0.004864555,0.032575175,7.810723e-05,0.5,0.001555237,0.14914735,0.5,0
2465,NODE21_processed_png/c3290.png,0.05672339,0.08285232,0.16500454,0.15177384,0.010637701,0.024111511,0.001918768,0.0446337,0.13403901,0.006942554,0.006106836,0.015408374,0.05749646,8.705322e-06,0.5,0.001933571,0.68492746,0.5,0
2466,NODE21_processed_png/n0053.png,0.048502397,0.0534765,0.19640893,0.050528765,0.023941366,0.023134477,0.005582348,0.054642014,0.079473376,0.009425985,0.013841385,0.013065564,0.05498633,0.000146147,0.5,0.002420193,0.20420131,0.5,1
2467,NODE21_processed_png/c0422.png,0.029055528,0.07134169,0.16927235,0.045999996,0.015492067,0.004735782,0.003105588,0.031028064,0.070377916,0.005537374,0.005490963,0.008146221,0.028833183,2.8924238e-05,0.5,0.000801462,0.20796879,0.5,0
2468,NODE21_processed_png/c0850.png,0.054578647,0.02751906,0.16546202,0.021982146,0.012824222,0.005636134,0.001438031,0.06751121,0.07203995,0.008912953,0.034857977,0.006675869,0.022161085,0.000247725,0.5,0.004354119,0.16706495,0.5,0
2469,NODE21_processed_png/c0385.png,0.04100985,0.081875674,0.20792869,0.09057572,0.03189098,0.029992746,0.006966012,0.045117516,0.09249223,0.013570553,0.009147553,0.011747821,0.058010496,0.000170648,0.5,0.002051306,0.4281646,0.5,0
2470,NODE21_processed_png/c1262.png,0.06034412,0.047646124,0.13736002,0.020699058,0.004250499,0.007592069,0.002802237,0.126941,0.02732631,0.012273259,0.013868006,0.006365208,0.027612718,0.000145883,0.5,0.003569436,0.060087446,0.5,0
2471,NODE21_processed_png/c1514.png,0.0538451,0.030086525,0.124708585,0.029326856,0.004386304,0.006802481,0.002067547,0.02893442,0.034921236,0.009531348,0.010041641,0.006940458,0.0347341,5.9501177e-05,0.5,0.001418463,0.081782036,0.5,0
2472,NODE21_processed_png/c1966.png,0.045938045,0.03963036,0.17320217,0.052258767,0.025298648,0.007486693,0.000877235,0.03731148,0.06245274,0.004382376,0.010075762,0.004803817,0.038561415,0.000117742,0.5,0.001961617,0.07842263,0.5,0
2473,NODE21_processed_png/c0881.png,0.02037708,0.04770296,0.16644546,0.060428858,0.019991834,0.006124383,0.003185252,0.031774323,0.07973762,0.007418562,0.00649535,0.008824853,0.024561439,1.9807398e-05,0.5,0.000950865,0.32541856,0.5,0
2474,NODE21_processed_png/n0082.png,0.045248408,0.056735184,0.20573363,0.04197636,0.042023286,0.006511185,0.003004028,0.07366,0.076694265,0.008710713,0.01974211,0.008479884,0.03482992,0.00020521,0.5,0.003684568,0.1341195,0.5,1
2475,NODE21_processed_png/c0354.png,0.03550606,0.032243762,0.2001441,0.020611806,0.009088213,0.004111796,0.001301412,0.035334144,0.059188653,0.004698186,0.008744279,0.004890613,0.026913607,3.935835e-05,0.5,0.000726687,0.1174526,0.5,0
2476,NODE21_processed_png/c3241.png,0.037998985,0.064880036,0.17403024,0.040197566,0.020183254,0.019264454,0.004064907,0.06699494,0.06953939,0.007437781,0.03462369,0.008772851,0.018356375,7.563229e-05,0.5,0.001025356,0.1536175,0.5,0
2477,NODE21_processed_png/c2873.png,0.043603536,0.09286866,0.21270362,0.02881185,0.017980123,0.002352339,0.000937983,0.09189322,0.10099813,0.004233153,0.008877039,0.004445811,0.020551957,1.3850671e-05,0.5,0.000625712,0.34547856,0.5,0
2478,NODE21_processed_png/c2401.png,0.07690299,0.06752506,0.19026744,0.023742229,0.029222656,0.004860142,0.000784601,0.15709323,0.11675246,0.008547231,0.011666006,0.010338367,0.043764297,0.000149026,0.5,0.006388981,0.37416777,0.5,0
2479,NODE21_processed_png/c0092.png,0.03436191,0.09073244,0.16370626,0.051183123,0.016107043,0.010083667,0.004964641,0.07077749,0.046988662,0.013816791,0.007290929,0.01336202,0.043307047,3.6282076e-05,0.5,0.000869021,0.15163988,0.5,0
2480,NODE21_processed_png/n0891.png,0.012838382,0.081994146,0.21523492,0.032240827,0.03562653,0.005504261,0.002406244,0.03141831,0.12369143,0.00637737,0.012684165,0.007646297,0.023594981,5.109041e-06,0.5,0.000433754,0.5617418,0.5,1
2481,NODE21_processed_png/c1175.png,0.06969199,0.06486941,0.17115125,0.034772746,0.011548153,0.014449735,0.0007831,0.0711879,0.0694516,0.006545165,0.007895599,0.004931369,0.042052772,1.7998107e-05,0.5,0.001540237,0.28034312,0.5,0
2482,NODE21_processed_png/c2060.png,0.032573737,0.014436246,0.09450124,0.016207505,0.001335194,0.007920156,0.000765358,0.014996965,0.008180027,0.004638686,0.03084888,0.005028628,0.015793996,0.000106768,0.5,0.001427793,0.00387071,0.5,0
2483,NODE21_processed_png/c3187.png,0.043017987,0.03795078,0.1998137,0.068051465,0.028902605,0.020121124,0.010410427,0.07161257,0.075024545,0.013398604,0.02411368,0.008779382,0.02796486,2.2964603e-05,0.5,0.001650366,0.0834504,0.5,0
2484,NODE21_processed_png/c3620.png,0.031856492,0.064209595,0.18830921,0.08960662,0.0391071,0.007480318,0.002147593,0.065950714,0.08216441,0.007449159,0.017022127,0.008149605,0.034996968,0.000160902,0.5,0.002608072,0.26963884,0.5,0
2485,NODE21_processed_png/c3319.png,0.03663103,0.08056831,0.21652174,0.07209845,0.027430916,0.004912783,0.002368726,0.067794725,0.11521917,0.008852631,0.024791576,0.00603203,0.017817242,5.461028e-06,0.5,0.000548965,0.2564862,0.5,0
2486,NODE21_processed_png/c2559.png,0.013253959,0.09034404,0.21162494,0.049415648,0.056127507,0.004083457,0.003400587,0.03386452,0.16028206,0.004156118,0.007706888,0.009140255,0.011785344,2.4510176e-05,0.5,0.000994069,0.5258274,0.5,0
2487,NODE21_processed_png/c2138.png,0.041841738,0.060102295,0.21302125,0.115934856,0.017656457,0.050331187,0.004838367,0.040456947,0.0875032,0.008183791,0.006752473,0.011105675,0.05263519,2.3221186e-05,0.5,0.001776371,0.24668099,0.5,0
2488,NODE21_processed_png/c3778.png,0.03270616,0.029844841,0.121922135,0.09215872,0.011903301,0.018038401,0.003948348,0.037538204,0.027072033,0.017754314,0.008123342,0.010189325,0.050841812,2.5372598e-05,0.5,0.002208169,0.04557774,0.5,0
2489,NODE21_processed_png/c0908.png,0.050007176,0.05751264,0.20927846,0.03364084,0.043749895,0.005317593,0.00221935,0.060819305,0.08066749,0.007808385,0.022131672,0.01554819,0.043124743,0.000147591,0.5,0.004575115,0.17027044,0.5,0
2490,NODE21_processed_png/c2588.png,0.05322774,0.10903521,0.22359264,0.10682713,0.05169432,0.005673643,0.003677978,0.10335405,0.17901789,0.010604646,0.019254725,0.010608603,0.0319701,0.000134397,0.5,0.00189824,0.5871347,0.5,0
2491,NODE21_processed_png/c0798.png,0.03777914,0.07086602,0.2980456,0.24613078,0.10197929,0.06846426,0.009115925,0.044236645,0.11695632,0.014625053,0.004015642,0.016367454,0.0716922,6.4920365e-05,0.5,0.001814629,0.11225162,0.5,0
2492,NODE21_processed_png/c1568.png,0.031182682,0.061577242,0.16127242,0.09369597,0.023016132,0.018668737,0.004558784,0.06002258,0.04369722,0.00835068,0.00583185,0.009588612,0.019211425,4.058769e-05,0.5,0.002361113,0.20433946,0.5,0
2493,NODE21_processed_png/c0328.png,0.04714243,0.07571321,0.23149757,0.10957032,0.04233962,0.024627587,0.004749981,0.052264612,0.13217059,0.010071484,0.008886138,0.012525643,0.04907275,0.000160319,0.5,0.002829403,0.48646748,0.5,0
2494,NODE21_processed_png/c0749.png,0.02949492,0.07543969,0.18308699,0.029971218,0.025004385,0.011492495,0.0010249,0.114214,0.072601266,0.005116725,0.004303776,0.010358091,0.02305756,1.2729379e-05,0.5,0.003393939,0.33368084,0.5,0
2495,NODE21_processed_png/n0338.png,0.031298015,0.11842158,0.22731268,0.06694389,0.08131911,0.011033711,0.002324538,0.04885801,0.14654714,0.006939484,0.009271293,0.008765516,0.02210981,3.1756736e-05,0.5,0.000509213,0.42827117,0.5,1
2496,NODE21_processed_png/c1109.png,0.060013235,0.05081223,0.1791979,0.12650867,0.032188717,0.023389954,0.012894874,0.08263586,0.10015357,0.02409272,0.029020518,0.010493667,0.037366007,9.6690994e-05,0.5,0.003480359,0.3502964,0.5,0
2497,NODE21_processed_png/c1842.png,0.031395182,0.07066914,0.17540641,0.19705017,0.022489827,0.012011455,0.003430977,0.056643806,0.08514096,0.009032699,0.006119982,0.007138823,0.0265384,8.296879e-06,0.5,0.000347817,0.42209876,0.5,0
2498,NODE21_processed_png/c1430.png,0.056714986,0.04183062,0.16479912,0.04669794,0.023827353,0.010123299,0.005544583,0.06701804,0.06279651,0.010949236,0.041143008,0.015654368,0.03654846,0.000664818,0.5,0.007105127,0.13656324,0.5,0
2499,NODE21_processed_png/c1397.png,0.085364416,0.057209697,0.14538196,0.10781004,0.016614871,0.02740525,0.00480923,0.073455505,0.073048115,0.013597964,0.014226817,0.011280782,0.049721632,0.000247989,0.5,0.004770772,0.33614194,0.5,0
2500,NODE21_processed_png/c0270.png,0.0628742,0.045922402,0.20313087,0.021819819,0.039340507,0.004415827,0.002822084,0.08028505,0.06603018,0.008580838,0.025500191,0.007275278,0.027424388,0.000340194,0.5,0.003289561,0.099384956,0.5,0
2501,NODE21_processed_png/n0601.png,0.024227448,0.038829207,0.19476604,0.07703648,0.032685928,0.004409346,0.001216006,0.048931357,0.065536104,0.011636904,0.005259525,0.004990774,0.024305534,4.654759e-05,0.5,0.001514247,0.182409,0.5,1
2502,NODE21_processed_png/c3365.png,0.04613064,0.03443863,0.14254966,0.02285621,0.015151811,0.00485904,0.00317144,0.039515495,0.023402903,0.007231876,0.017739706,0.007778827,0.024025038,0.0001894,0.5,0.003877884,0.020670464,0.5,0
2503,NODE21_processed_png/c2525.png,0.03630729,0.05422251,0.18920483,0.19166845,0.02236051,0.07130734,0.010364459,0.028616063,0.06690566,0.010682209,0.003374216,0.011533028,0.034715936,8.0662685e-05,0.5,0.002871593,0.20941281,0.5,0
2504,NODE21_processed_png/c2957.png,0.020481389,0.053079564,0.16026305,0.044109777,0.018194802,0.01706712,0.002670783,0.02927592,0.03415761,0.006471312,0.004310836,0.00689376,0.022762371,2.2369555e-05,0.5,0.000703428,0.10055406,0.5,0
2505,NODE21_processed_png/c2282.png,0.049697854,0.07397258,0.15337373,0.14746852,0.009087417,0.08818888,0.001098278,0.044656806,0.06299683,0.01182991,0.00287755,0.007735753,0.061334986,9.106086e-06,0.5,0.001543919,0.2751403,0.5,0
2506,NODE21_processed_png/c0611.png,0.039793715,0.067760065,0.16617288,0.20307052,0.021593206,0.024545835,0.012681292,0.07197571,0.07073044,0.019139541,0.008536846,0.017591426,0.0440775,0.000298395,0.5,0.004166153,0.17022623,0.5,0
2507,NODE21_processed_png/n0260.png,0.085933946,0.056417767,0.19810595,0.050206672,0.04103174,0.017059334,0.003912932,0.059538245,0.11222609,0.016485913,0.010356018,0.016531345,0.066269025,0.000324458,0.5,0.010004857,0.344105,0.5,1
2508,NODE21_processed_png/c1051.png,0.022671236,0.032738496,0.13160774,0.04683597,0.014121359,0.00697605,0.001970596,0.026521761,0.042976063,0.006253603,0.007086671,0.007474639,0.029494196,0.000143644,0.5,0.002203774,0.060740005,0.5,0
2509,NODE21_processed_png/c2144.png,0.030226126,0.09925107,0.18415043,0.22625524,0.049710404,0.016520187,0.005584699,0.078411765,0.1094401,0.016695462,0.005380474,0.015082478,0.058487307,5.036706e-05,0.5,0.001095339,0.39966053,0.5,0
2510,NODE21_processed_png/c3704.png,0.034132887,0.06975974,0.19686942,0.05701219,0.07212097,0.004475389,0.00372606,0.06834808,0.08377189,0.007783204,0.02927825,0.008734128,0.027349116,9.938758e-05,0.5,0.00353624,0.16852139,0.5,0
2511,NODE21_processed_png/c3072.png,0.07602493,0.08741016,0.17324412,0.06617911,0.010982731,0.015121033,0.006833072,0.10394164,0.09270548,0.018616915,0.012666976,0.010678015,0.044242986,8.232168e-05,0.5,0.005453207,0.53824264,0.5,0
2512,NODE21_processed_png/c2632.png,0.03868774,0.059806257,0.21263504,0.15721348,0.047953714,0.032644168,0.009820707,0.052967858,0.10354476,0.015631393,0.005472388,0.022342661,0.058045104,9.8941244e-05,0.5,0.004148324,0.31344265,0.5,0
2513,NODE21_processed_png/c1080.png,0.019594718,0.1034055,0.21269523,0.043931007,0.010246364,0.006170735,0.003634377,0.044953007,0.0910323,0.011184664,0.005217157,0.004695378,0.016017081,5.320278e-06,0.5,0.000391067,0.2404972,0.5,0
2514,NODE21_processed_png/c1727.png,0.044649154,0.026070446,0.15731455,0.022045188,0.00862464,0.004531201,0.002843584,0.048865065,0.023068754,0.02281707,0.01507682,0.004234395,0.03495361,0.000135476,0.5,0.003033772,0.031542584,0.5,0
2515,NODE21_processed_png/c0167.png,0.066463225,0.042387962,0.19048682,0.04620981,0.030379247,0.010401964,0.002412432,0.04778913,0.08998952,0.009345512,0.01585678,0.009169285,0.04175009,0.000155058,0.5,0.003076257,0.24584973,0.5,0
2516,NODE21_processed_png/c2986.png,0.05707482,0.029934186,0.1557175,0.06047255,0.014228436,0.029564876,0.005619363,0.034560975,0.048945043,0.011442807,0.013057433,0.00691095,0.057555053,7.926569e-05,0.5,0.002286022,0.07765968,0.5,0
2517,NODE21_processed_png/c2253.png,0.029808916,0.04646967,0.16035683,0.038106147,0.015562591,0.011822845,0.00090079,0.031009655,0.038485527,0.004790456,0.00565153,0.004805596,0.025160966,2.7946058e-05,0.5,0.001665833,0.056966692,0.5,0
2518,NODE21_processed_png/c3413.png,0.072935395,0.047689874,0.14913273,0.09019735,0.009329384,0.023226656,0.00399667,0.06877816,0.032241948,0.01673456,0.04721028,0.007825962,0.02096328,0.00022814,0.5,0.00350049,0.04380545,0.5,0
2519,NODE21_processed_png/c3861.png,0.022933811,0.043708898,0.15291959,0.101373054,0.019073462,0.017094912,0.005950312,0.022803389,0.047806695,0.010326713,0.005055602,0.011190726,0.030788517,3.744485e-05,0.5,0.001673133,0.106330305,0.5,0
2520,NODE21_processed_png/n0177.png,0.04610387,0.08068744,0.2432044,0.07737714,0.060430706,0.012549625,0.0057641,0.08004851,0.087604485,0.008443323,0.006086231,0.018260319,0.045902237,0.000133081,0.5,0.003438688,0.18231933,0.5,1
2521,NODE21_processed_png/c0974.png,0.034678236,0.04245091,0.1741655,0.05161625,0.026230872,0.010891659,0.001650203,0.031889647,0.058881134,0.007666248,0.006468367,0.006074952,0.037444595,4.41683e-05,0.5,0.001006908,0.13049962,0.5,0
2522,NODE21_processed_png/c0506.png,0.06475973,0.047072552,0.14556229,0.184387,0.00937597,0.05367994,0.006108441,0.08732921,0.025899766,0.015172443,0.004523052,0.009942765,0.050637875,0.000129637,0.5,0.002130237,0.04948187,0.5,0
2523,NODE21_processed_png/c1893.png,0.05694779,0.042869225,0.15664425,0.05773025,0.014103171,0.007507242,0.005353987,0.039730854,0.06429173,0.011275885,0.012670691,0.006681618,0.027306376,7.346493e-05,0.5,0.001640199,0.21733801,0.5,0
2524,NODE21_processed_png/n1090.png,0.061055087,0.049266215,0.23308046,0.07743508,0.047313116,0.009742665,0.003012959,0.07072938,0.10130747,0.009764323,0.021421177,0.013313691,0.04329932,0.00023421,0.5,0.005416091,0.31561673,0.5,1
2525,NODE21_processed_png/c2718.png,0.033217933,0.029727213,0.1175028,0.10218287,0.008936748,0.10077243,0.007217223,0.020557543,0.021470789,0.00904908,0.008130814,0.012843029,0.029201232,0.000623735,0.5,0.003773797,0.015365677,0.5,0
2526,NODE21_processed_png/c3539.png,0.04001656,0.081959456,0.20842537,0.08518416,0.031643778,0.010082257,0.003115394,0.068762444,0.139431,0.009032482,0.006726445,0.008921098,0.042846132,5.6549845e-05,0.5,0.002257544,0.54032177,0.5,0
2527,NODE21_processed_png/c2379.png,0.014611082,0.111053355,0.1905809,0.06827284,0.05003483,0.00455907,0.002946738,0.069676906,0.12483547,0.005545841,0.014393484,0.010506313,0.013633901,2.0490785e-05,0.5,0.000151719,0.48246318,0.5,0
2528,NODE21_processed_png/c1968.png,0.07211671,0.035835605,0.1803465,0.043814164,0.022408774,0.010068067,0.002421554,0.065316215,0.06722335,0.011589464,0.0391541,0.006453762,0.021567551,0.00014038,0.5,0.002938833,0.21447927,0.5,0
2529,NODE21_processed_png/c3189.png,0.018629575,0.071745,0.18393384,0.024037112,0.01079074,0.005956847,0.001930491,0.041907363,0.052744165,0.004561291,0.008198681,0.008887205,0.031166118,9.822283e-06,0.5,0.00034127,0.092333816,0.5,0
2530,NODE21_processed_png/n0673.png,0.042165738,0.057202205,0.2195161,0.03961089,0.049498364,0.007032801,0.002718553,0.063859425,0.13558736,0.006059698,0.03413018,0.00820215,0.035611738,0.000282734,0.5,0.002975763,0.5066879,0.5,1
2531,NODE21_processed_png/c0202.png,0.0463532,0.07899742,0.20811832,0.13389814,0.021883741,0.019226337,0.004251923,0.07056214,0.0548939,0.005708371,0.005237757,0.015770981,0.040195625,4.2576157e-05,0.5,0.00151684,0.09371032,0.5,0
2532,NODE21_processed_png/c1442.png,0.07483565,0.044593707,0.19474497,0.07595214,0.021170316,0.008175598,0.004983822,0.07634912,0.07584527,0.012494843,0.03608519,0.007224856,0.03328511,0.000192027,0.5,0.003729671,0.32049417,0.5,0
2533,NODE21_processed_png/n1033.png,0.053444024,0.082273275,0.21527947,0.078696534,0.025436278,0.028122952,0.011767043,0.05763193,0.09277675,0.008049742,0.009543297,0.014849411,0.026015868,0.000396853,0.5,0.002020757,0.21520537,0.5,1
2534,NODE21_processed_png/c2557.png,0.077154666,0.07147065,0.14797822,0.10424801,0.014153411,0.02540291,0.001636683,0.087586425,0.061337326,0.008828172,0.019118896,0.009689142,0.052704886,0.000132674,0.5,0.004138527,0.2419634,0.5,0
2535,NODE21_processed_png/c2925.png,0.03210019,0.15847538,0.2394311,0.14975049,0.081235155,0.008211584,0.004867859,0.14151652,0.29927695,0.007178051,0.008304108,0.01166839,0.0337298,7.662277e-06,0.5,0.000636963,0.893455,0.5,0
2536,NODE21_processed_png/c3317.png,0.06416994,0.04652438,0.18036853,0.024022147,0.004692981,0.009501601,0.002224474,0.065421194,0.045380183,0.011616376,0.014697,0.00618257,0.029705435,3.788268e-05,0.5,0.000945658,0.16286482,0.5,0
2537,NODE21_processed_png/c1784.png,0.034081575,0.069970675,0.16003695,0.11190832,0.023567967,0.018135786,0.008395915,0.036684684,0.08826869,0.007493286,0.010756279,0.011191328,0.024722656,0.000107206,0.5,0.000822263,0.4398537,0.5,0
2538,NODE21_processed_png/c1023.png,0.09331938,0.041739907,0.15360537,0.048616447,0.001817328,0.02761538,0.002916222,0.046413697,0.024550084,0.017690876,0.002981647,0.012470129,0.044672124,4.5414505e-05,0.5,0.004281844,0.06094502,0.5,0
2539,NODE21_processed_png/n0212.png,0.035964966,0.04235582,0.15901306,0.12626612,0.015528522,0.0311344,0.005574532,0.03994195,0.051280975,0.01391105,0.00900047,0.00982575,0.03125183,7.1722316e-05,0.5,0.002599206,0.115548566,0.5,1
2540,NODE21_processed_png/c0663.png,0.07084944,0.08180408,0.19546835,0.06709383,0.018056784,0.027084159,0.005732663,0.052495703,0.11451854,0.00976047,0.003797714,0.012124114,0.056916,0.000286169,0.5,0.003764304,0.39850911,0.5,0
2541,NODE21_processed_png/c3776.png,0.060905967,0.08611021,0.2298788,0.24733958,0.043592665,0.016590944,0.003741958,0.114465356,0.11623019,0.010962637,0.05592434,0.009430301,0.019377325,6.305152e-05,0.5,0.00362579,0.10650609,0.5,0
2542,NODE21_processed_png/c2136.png,0.04165296,0.036060404,0.17757067,0.061756432,0.017797446,0.020461604,0.00293977,0.074959315,0.055739272,0.014015178,0.01595539,0.005529921,0.028543204,0.000102361,0.5,0.001515905,0.13069566,0.5,0
2543,NODE21_processed_png/c2640.png,0.06054164,0.034334727,0.17451824,0.1198636,0.011554397,0.08834267,0.006368381,0.036654074,0.025708212,0.017220298,0.005492528,0.009152534,0.043781828,0.000107699,0.5,0.001635817,0.0513314,0.5,0
2544,NODE21_processed_png/c3000.png,0.030072862,0.0752278,0.19369234,0.13208391,0.029869275,0.07710823,0.002913547,0.04336961,0.04876918,0.007450308,0.004077734,0.012273095,0.045614265,0.000160536,0.5,0.004704099,0.07493224,0.5,0
2545,NODE21_processed_png/c0115.png,0.047758173,0.07998813,0.15664023,0.13476807,0.026404204,0.011089562,0.002682811,0.08448424,0.115114376,0.008504379,0.017859241,0.008457159,0.032798648,8.1741884e-05,0.5,0.00185175,0.56667763,0.5,0
2546,NODE21_processed_png/n0564.png,0.030688003,0.11418231,0.25818005,0.06575333,0.079820916,0.014223547,0.004145765,0.1402909,0.1687256,0.012348614,0.035371274,0.011765102,0.023951609,8.936202e-05,0.5,0.001590907,0.5306804,0.5,1
2547,NODE21_processed_png/c1755.png,0.054657564,0.032313503,0.14035681,0.080431014,0.008022733,0.03552568,0.010768481,0.09340549,0.023128677,0.019494932,0.03633478,0.009711279,0.03549615,0.000529017,0.5,0.002237132,0.021892475,0.5,0
2548,NODE21_processed_png/c3461.png,0.050844554,0.021173071,0.1289508,0.10088189,0.003340866,0.03479247,0.002752792,0.029774139,0.03588888,0.010697548,0.006457727,0.010390512,0.03383384,0.000132833,0.5,0.003370259,0.070307046,0.5,0
2549,NODE21_processed_png/c3813.png,0.07759182,0.053400867,0.12640314,0.0674781,0.005167021,0.05637269,0.001713076,0.14650992,0.01965269,0.007698816,0.00735018,0.009899974,0.039177787,0.000138534,0.5,0.00488172,0.026224738,0.5,0
2550,NODE21_processed_png/c2221.png,0.061072912,0.027932003,0.11832036,0.014080274,0.008897862,0.00797723,0.000683439,0.07556228,0.02629899,0.004560551,0.014173332,0.003804111,0.01606518,8.725885e-05,0.5,0.002081886,0.045568757,0.5,0
2551,NODE21_processed_png/c2586.png,0.09437083,0.06967482,0.15712199,0.0639015,0.009267985,0.0232034,0.002143903,0.091005646,0.060398646,0.011132594,0.008716699,0.009990475,0.04686201,0.000298177,0.5,0.013443544,0.08981898,0.5,0
2552,NODE21_processed_png/c1334.png,0.03333412,0.044464182,0.1534225,0.038568117,0.011170982,0.007148993,0.00221175,0.025020087,0.02688179,0.007633739,0.008429151,0.008083656,0.027975708,2.6540234e-05,0.5,0.00217497,0.043270953,0.5,0
2553,NODE21_processed_png/c1493.png,0.022763705,0.06416709,0.20474692,0.1056258,0.052304592,0.008870298,0.00440207,0.049593378,0.07632035,0.014325446,0.006284083,0.007112526,0.032557752,1.6791932e-05,0.5,0.000765584,0.107767716,0.5,0
2554,NODE21_processed_png/c0906.png,0.04753142,0.07011713,0.16559525,0.117884316,0.02412779,0.016488556,0.01209227,0.0968357,0.090642005,0.030530736,0.02126431,0.014403322,0.036227345,4.8624548e-05,0.5,0.000694638,0.46943617,0.5,0
2555,NODE21_processed_png/c0574.png,0.057386436,0.058426872,0.19630878,0.047824103,0.01573329,0.00931363,0.001675946,0.07293135,0.06906547,0.00717224,0.003830687,0.008602598,0.044118267,4.1252864e-05,0.5,0.004448904,0.23108232,0.5,0
2556,NODE21_processed_png/c2764.png,0.022054989,0.053457897,0.15399575,0.20083608,0.01679614,0.05056724,0.002523974,0.02879961,0.037658848,0.007114618,0.005019597,0.017816106,0.04766257,0.000131111,0.5,0.002059664,0.04024142,0.5,0
2557,NODE21_processed_png/c3124.png,0.06450214,0.0762415,0.22030926,0.12765972,0.046640005,0.024977904,0.01101428,0.08468804,0.104173504,0.013216673,0.006870439,0.015893882,0.045369543,0.000231983,0.5,0.002945827,0.17916659,0.5,0
2558,NODE21_processed_png/c0796.png,0.061296098,0.056439918,0.19039303,0.08267195,0.017723577,0.009728654,0.004125013,0.10448154,0.075924315,0.01287963,0.015708985,0.005555533,0.026559457,6.0607174e-05,0.5,0.000990253,0.15909433,0.5,0
2559,NODE21_processed_png/c0031.png,0.02310903,0.10447175,0.19150509,0.102356255,0.03221003,0.006129732,0.00407247,0.06776324,0.12909177,0.009067508,0.007278237,0.009999938,0.017807417,3.45801e-05,0.5,0.000639211,0.45102793,0.5,0
2560,NODE21_processed_png/n0440.png,0.06707768,0.09354612,0.3075557,0.016628949,0.084131785,0.001550791,0.000681929,0.20279911,0.17879333,0.005102018,0.022476766,0.005489527,0.022197,5.2146195e-05,0.5,0.001533667,0.55897963,0.5,1
2561,NODE21_processed_png/c1671.png,0.08932025,0.053165663,0.1699479,0.01941079,0.019927897,0.005212042,0.001528933,0.09051715,0.06689741,0.011818935,0.018409574,0.005511367,0.08375631,2.9827597e-05,0.5,0.002341568,0.35186243,0.5,0
2562,NODE21_processed_png/c3545.png,0.06334196,0.050834704,0.17194562,0.08095771,0.017912084,0.031944647,0.002066767,0.045678824,0.06789234,0.007493455,0.004822673,0.007860715,0.035221573,0.000112538,0.5,0.002192034,0.15333141,0.5,0
2563,NODE21_processed_png/c2305.png,0.019662144,0.03912234,0.17918728,0.033788808,0.011658739,0.005738116,0.002353107,0.022004358,0.05386142,0.006635541,0.002763232,0.005662839,0.032798935,2.1018308e-05,0.5,0.000833804,0.23948833,0.5,0
2564,NODE21_processed_png/c1210.png,0.022254707,0.057768747,0.15809323,0.15341327,0.030617472,0.009251434,0.001402046,0.040030226,0.067204684,0.00769894,0.007671116,0.009426455,0.018407587,2.9885457e-05,0.5,0.001268654,0.31761017,0.5,0
2565,NODE21_processed_png/n0786.png,0.03728538,0.035377633,0.20040911,0.023493009,0.02453977,0.004287887,0.001929354,0.064539455,0.05958609,0.007621785,0.038802173,0.004557823,0.030099003,0.000235936,0.5,0.001179858,0.06973103,0.5,1
2566,NODE21_processed_png/c0450.png,0.039052304,0.042835884,0.16931526,0.037240617,0.03653142,0.004866318,0.002285712,0.049756207,0.051279847,0.007572821,0.03169725,0.006074427,0.022640869,0.00027757,0.5,0.001879962,0.101449855,0.5,0
2567,NODE21_processed_png/c0822.png,0.041677624,0.08232839,0.17279352,0.0823679,0.01169293,0.007234354,0.003746033,0.073759034,0.0745588,0.011749624,0.004634117,0.006012914,0.02515116,3.2089418e-05,0.5,0.001251046,0.23012696,0.5,0
2568,NODE21_processed_png/n0021.png,0.035408065,0.072899014,0.22992216,0.1429566,0.04587175,0.04806386,0.011925859,0.058676593,0.05609423,0.013172912,0.00357379,0.020532446,0.041439842,0.000225498,0.5,0.002282721,0.031719524,0.5,1
2569,NODE21_processed_png/c0326.png,0.10855969,0.036412206,0.1334519,0.07716753,0.003881445,0.029592607,0.012912286,0.044578157,0.030053787,0.025433637,0.023381293,0.013864941,0.033185698,0.000586286,0.5,0.014199537,0.07736735,0.5,0
2570,NODE21_processed_png/c0481.png,0.07514228,0.043822616,0.13747917,0.113343105,0.003470766,0.019339103,0.002619931,0.11382629,0.034385815,0.011851302,0.014056698,0.005514744,0.020703975,0.000126978,0.5,0.002601699,0.05396594,0.5,0
2571,NODE21_processed_png/c1566.png,0.04900688,0.03621609,0.13285045,0.052661948,0.007640098,0.013792128,0.002427874,0.0485597,0.043272793,0.008964838,0.009430372,0.005493364,0.021671107,2.5226413e-05,0.5,0.001093729,0.14062421,0.5,0
2572,NODE21_processed_png/c1914.png,0.063466385,0.042078406,0.19297026,0.1115247,0.023028161,0.04634697,0.003754442,0.042492513,0.042951375,0.016700746,0.005447018,0.006359879,0.041994326,9.832557e-05,0.5,0.002145421,0.069454946,0.5,0
2573,NODE21_processed_png/c2801.png,0.07738157,0.041116916,0.16125362,0.053464778,0.013897403,0.018819118,0.004584257,0.054864634,0.037312355,0.01778445,0.019375024,0.008098916,0.031754524,0.000603771,0.5,0.007009368,0.06331832,0.5,0
2574,NODE21_processed_png/c2473.png,0.011570248,0.09948573,0.26286185,0.22423397,0.07629902,0.023742072,0.013011644,0.042392485,0.17038661,0.01208154,0.00282202,0.014050355,0.025260359,1.3017383e-05,0.5,0.000584431,0.55034196,0.5,0
2575,NODE21_processed_png/c3233.png,0.034872822,0.15812682,0.2109154,0.02771908,0.040879346,0.002104629,0.003173635,0.07083389,0.19003768,0.005802938,0.004604254,0.015856653,0.02821171,1.1129601e-05,0.5,0.001109244,0.8165279,0.5,0
2576,NODE21_processed_png/c3594.png,0.057850074,0.07433928,0.16319716,0.048921064,0.01648068,0.003073593,0.001795533,0.12160758,0.06443517,0.007511082,0.055310197,0.005474087,0.016972542,0.000108296,0.5,0.001120294,0.31682584,0.5,0
2577,NODE21_processed_png/c1107.png,0.042735018,0.052015755,0.20691621,0.047502078,0.02150057,0.004680336,0.003619011,0.03536089,0.059994813,0.00604061,0.008392206,0.00627204,0.026085353,7.307651e-05,0.5,0.001981207,0.13005684,0.5,0
2578,NODE21_processed_png/c0747.png,0.0707407,0.062867954,0.17539807,0.05408447,0.020397987,0.010722524,0.001279188,0.099570915,0.07113334,0.006862449,0.014504855,0.005039905,0.044623334,0.000177215,0.5,0.004401548,0.19002312,0.5,0
2579,NODE21_processed_png/n0491.png,0.05583036,0.07386547,0.23214087,0.15430316,0.05879764,0.02159799,0.010968306,0.090731435,0.108126804,0.020731578,0.013289432,0.016366227,0.03049639,0.000319033,0.5,0.004530583,0.24002022,0.5,1
2580,NODE21_processed_png/c3652.png,0.04521233,0.13223302,0.21699148,0.046684474,0.055524327,0.009634846,0.003836073,0.05647597,0.15395154,0.009334698,0.025054177,0.010298426,0.024524428,0.000115858,0.5,0.002016664,0.49049532,0.5,0
2581,NODE21_processed_png/c2012.png,0.04413308,0.064972214,0.22125128,0.097088724,0.016009199,0.014799988,0.005324131,0.03588524,0.09125103,0.009768606,0.004210081,0.010011915,0.020953009,0.000136443,0.5,0.001726874,0.20195499,0.5,0
2582,NODE21_processed_png/c2959.png,0.03277087,0.04044834,0.1394323,0.031519953,0.002524497,0.011645308,0.001298264,0.062592626,0.033481225,0.00962157,0.009698265,0.006791584,0.032969415,9.325711e-05,0.5,0.005448141,0.05074792,0.5,0
2583,NODE21_processed_png/c1399.png,0.016869517,0.03471443,0.13216688,0.037575472,0.013849407,0.010073743,0.002856922,0.01647121,0.037934683,0.007115726,0.001830058,0.007666777,0.047990438,8.2709055e-05,0.5,0.003217009,0.1035824,0.5,0
2584,NODE21_processed_png/c0169.png,0.049240228,0.06603845,0.19570094,0.07586902,0.024314964,0.010472385,0.001453196,0.15174875,0.11524423,0.013301779,0.016278606,0.008483372,0.027154539,3.842642e-05,0.5,0.001750988,0.49843737,0.5,0
2585,NODE21_processed_png/c1729.png,0.03702983,0.04638345,0.21593404,0.026526198,0.049910534,0.005452666,0.001265635,0.053331167,0.07553103,0.005856656,0.01302648,0.006901958,0.044292465,0.000130029,0.5,0.001688288,0.2244418,0.5,0
2586,NODE21_processed_png/c1348.png,0.04253174,0.03479463,0.11877092,0.05944809,0.006398012,0.01728687,0.003071542,0.028712863,0.03378894,0.009435498,0.007259664,0.009331375,0.031207396,6.787089e-05,0.5,0.002817566,0.099353634,0.5,0
2587,NODE21_processed_png/c0508.png,0.023277929,0.11675858,0.23773539,0.056529734,0.046603285,0.01655703,0.002176296,0.05769234,0.14653878,0.006619224,0.010890028,0.010408454,0.02205968,2.2490367e-05,0.5,0.000837566,0.8283893,0.5,0
2588,NODE21_processed_png/n0179.png,0.06879064,0.0594817,0.16951387,0.07564709,0.013675179,0.01568741,0.004017697,0.07299512,0.04652279,0.017078118,0.008046514,0.010766559,0.06496567,0.000189471,0.5,0.005708297,0.057317697,0.5,1
2589,NODE21_processed_png/c2988.png,0.045499545,0.03698571,0.20590264,0.021164369,0.021030843,0.003270092,0.000970633,0.07098055,0.07932896,0.006237936,0.022904849,0.00500246,0.021416787,5.963621e-05,0.5,0.001217368,0.24167627,0.5,0
2590,NODE21_processed_png/c3123.png,0.037570715,0.061104614,0.1995787,0.09163025,0.04416085,0.008851455,0.003934462,0.06445176,0.07956765,0.010155178,0.014838944,0.009644907,0.03062103,3.9827482e-05,0.5,0.000649219,0.24739759,0.5,0
2591,NODE21_processed_png/c3684.png,0.05359489,0.060811076,0.17094438,0.1671811,0.0265677,0.066661656,0.003512877,0.08705059,0.060398277,0.011376926,0.018108647,0.010001005,0.047054715,4.839556e-05,0.5,0.003026785,0.17270477,0.5,0
2592,NODE21_processed_png/c2763.png,0.10379954,0.04896475,0.16538768,0.06009777,0.012432016,0.0174892,0.010867591,0.046333943,0.056045,0.009992177,0.001690266,0.01831285,0.04705465,0.000351478,0.5,0.004927946,0.08905332,0.5,0
2593,NODE21_processed_png/c1676.png,0.06231534,0.029273896,0.15634479,0.030731374,0.013352563,0.005233962,0.001057172,0.036028583,0.055921342,0.004973984,0.02971634,0.005065725,0.03177517,0.00027875,0.5,0.002734339,0.11640392,0.5,0
2594,NODE21_processed_png/n0835.png,0.035830244,0.054209992,0.30425814,0.052599136,0.10890601,0.003151915,0.000796787,0.105566174,0.12870236,0.00538062,0.014332134,0.006172922,0.020010797,2.769759e-05,0.5,0.000952724,0.30325416,0.5,1
2595,NODE21_processed_png/c0791.png,0.06535809,0.06602221,0.1651463,0.07871999,0.013415595,0.010732427,0.002939401,0.11464678,0.062232204,0.013688216,0.015576969,0.008403211,0.024940155,0.000175167,0.5,0.004279731,0.21725069,0.5,0
2596,NODE21_processed_png/c2302.png,0.02412249,0.020797871,0.12994899,0.025180265,0.010861777,0.00443417,0.000940229,0.03201281,0.029015886,0.006973026,0.011408952,0.005941895,0.02009313,6.188256e-05,0.5,0.002070264,0.028753117,0.5,0
2597,NODE21_processed_png/c3542.png,0.04287707,0.081979394,0.22640581,0.11446457,0.016876778,0.017337434,0.008001349,0.06255686,0.105599955,0.011431342,0.014413918,0.008070326,0.023199745,2.2108505e-05,0.5,0.001235175,0.38580206,0.5,0
2598,NODE21_processed_png/c0825.png,0.06506857,0.10668403,0.22644216,0.10175379,0.010354871,0.01633194,0.001669269,0.09435147,0.101559594,0.018175445,0.008305102,0.009217831,0.05960077,1.8335099e-05,0.5,0.001536927,0.38938087,0.5,0
2599,NODE21_processed_png/c0457.png,0.033727035,0.062414784,0.19026709,0.035506364,0.051183846,0.003231657,0.002210474,0.042647652,0.11575932,0.006831842,0.011236301,0.010294953,0.02587428,0.000125893,0.5,0.001350964,0.3198927,0.5,0
2600,NODE21_processed_png/c1217.png,0.028842118,0.06426829,0.22554179,0.13526419,0.08811344,0.005202601,0.004666842,0.10224203,0.14329098,0.014358205,0.018989425,0.014224544,0.02197052,0.000117735,0.5,0.001557536,0.40314564,0.5,0
2601,NODE21_processed_png/c1913.png,0.022111513,0.022901718,0.15146609,0.02587528,0.007413763,0.009294844,0.004407538,0.017069777,0.034316856,0.013089557,0.012301138,0.006012284,0.029142143,3.207372e-05,0.5,0.000796315,0.097117186,0.5,0
2602,NODE21_processed_png/c1561.png,0.024176486,0.058156926,0.23165014,0.09436411,0.0358069,0.015557754,0.005014538,0.03642967,0.11883849,0.01497672,0.002970008,0.009275097,0.042476643,8.72492e-06,0.5,0.001185591,0.38711837,0.5,0
2603,NODE21_processed_png/n1110.png,0.08405642,0.060521655,0.22264339,0.08948782,0.036690287,0.013412062,0.007816678,0.08342711,0.10280281,0.014818115,0.014740357,0.01749108,0.0532329,0.00042322,0.5,0.004117084,0.302904,0.5,1
2604,NODE21_processed_png/c0486.png,0.041409686,0.121978916,0.20153902,0.038672145,0.025236519,0.010134127,0.01515671,0.09736878,0.1367468,0.007587961,0.028902186,0.008641858,0.035062492,4.5428147e-05,0.5,0.001249884,0.51967955,0.5,0
2605,NODE21_processed_png/c0321.png,0.029976176,0.048750114,0.14482927,0.20971283,0.009058358,0.011387059,0.011165515,0.061661433,0.040419213,0.015146869,0.004216897,0.007517969,0.02653637,1.901383e-05,0.5,0.002017618,0.08501785,0.5,0
2606,NODE21_processed_png/c3593.png,0.096505694,0.05726511,0.14261074,0.08217511,0.009360407,0.034484502,0.001997747,0.06368623,0.05248685,0.008324761,0.007424497,0.009359675,0.038938213,0.000154297,0.5,0.005839921,0.258313,0.5,0
2607,NODE21_processed_png/c3234.png,0.05319513,0.084866285,0.20311604,0.06065287,0.0260298,0.00394571,0.00187468,0.09547831,0.116378926,0.006574393,0.031060606,0.008202663,0.02203562,0.000107508,0.5,0.001570919,0.5153242,0.5,0
2608,NODE21_processed_png/c2474.png,0.025329476,0.04806625,0.18942308,0.2604184,0.037325792,0.012556326,0.015049938,0.059701454,0.06999003,0.028343238,0.023820326,0.009319351,0.024602382,9.71191e-05,0.5,0.001724978,0.08516815,0.5,0
2609,NODE21_processed_png/c2806.png,0.046134487,0.03974193,0.1648176,0.13655424,0.015628647,0.042541537,0.009400147,0.039339654,0.056248948,0.019752016,0.004219178,0.009959009,0.044619963,7.051974e-05,0.5,0.004049808,0.1386436,0.5,0
2610,NODE21_processed_png/n0496.png,0.039876375,0.11947899,0.20163475,0.02796638,0.017267754,0.003978742,0.002189371,0.18288438,0.07905833,0.015485521,0.001089428,0.03439194,0.103551656,1.3997105e-05,0.5,0.002712048,0.37733445,0.5,1
2611,NODE21_processed_png/n0331.png,0.032965012,0.07026344,0.23378167,0.059363212,0.03116564,0.010195061,0.003220178,0.03702485,0.113035165,0.00985292,0.00527094,0.006105855,0.026550766,0.000134892,0.5,0.001817084,0.29779795,0.5,1
2612,NODE21_processed_png/c0740.png,0.03286862,0.038983535,0.19914041,0.05845399,0.02566779,0.007046059,0.002013094,0.06744095,0.050988507,0.012279486,0.014603619,0.008389277,0.026084939,0.000137966,0.5,0.002751479,0.0652289,0.5,0
2613,NODE21_processed_png/c1100.png,0.040435117,0.034274135,0.12625,0.075574584,0.00764388,0.011713652,0.004374746,0.05187586,0.034603883,0.016010487,0.008823158,0.007056062,0.038236953,0.000103179,0.5,0.001582824,0.06656266,0.5,0
2614,NODE21_processed_png/c2015.png,0.059304144,0.061786905,0.18416558,0.04807777,0.010399018,0.012013146,0.00250912,0.081492305,0.05825952,0.007639166,0.010231911,0.007748499,0.028341418,4.125302e-05,0.5,0.00257767,0.1514199,0.5,0
2615,NODE21_processed_png/c3655.png,0.033957608,0.06437805,0.17365272,0.051089097,0.019615807,0.004790982,0.003830719,0.05267003,0.078769945,0.008445133,0.010458383,0.009446063,0.022096273,2.3104092e-05,0.5,0.000956398,0.29646528,0.5,0
2616,NODE21_processed_png/c1439.png,0.06463152,0.034344807,0.16467299,0.054218806,0.013522348,0.00981241,0.002979845,0.047524583,0.09272971,0.011179561,0.014719234,0.008163729,0.030090084,9.5213225e-05,0.5,0.003784057,0.38529024,0.5,0
2617,NODE21_processed_png/n1048.png,0.03977056,0.09085941,0.21468411,0.063560955,0.022953872,0.01055561,0.002059295,0.06720648,0.085115716,0.007528854,0.008560196,0.010890027,0.04270827,4.914222e-05,0.5,0.002535101,0.4326457,0.5,1
2618,NODE21_processed_png/n0269.png,0.068968415,0.052688945,0.18643361,0.11742295,0.050163127,0.023962809,0.007460797,0.058160253,0.05934193,0.008610189,0.019706262,0.014085609,0.043475106,0.000544206,0.5,0.004050124,0.056654964,0.5,1
2619,NODE21_processed_png/c0618.png,0.013270856,0.09652369,0.17497271,0.09974767,0.02393815,0.007502579,0.001871278,0.022744255,0.122043416,0.004013179,0.002144304,0.010517177,0.022919148,3.8035746e-06,0.5,0.000389185,0.5212563,0.5,0
2620,NODE21_processed_png/c1058.png,0.080356255,0.065007225,0.23670325,0.041818026,0.031940725,0.004173718,0.001700527,0.14585735,0.09492874,0.007703007,0.04213776,0.006236156,0.018693928,0.000337075,0.5,0.004030641,0.22738557,0.5,0
2621,NODE21_processed_png/n1099.png,0.060785968,0.13473503,0.32907024,0.09448063,0.09417774,0.009485464,0.007070228,0.18080305,0.25391185,0.015050158,0.031196143,0.016354369,0.044810474,0.000297574,0.5,0.001111943,0.8833948,0.5,1
2622,NODE21_processed_png/c3868.png,0.095678255,0.061907474,0.15412794,0.09176713,0.024921943,0.013911563,0.001641885,0.1288338,0.103923924,0.011612545,0.02361553,0.012261888,0.04549013,0.000660421,0.5,0.007932001,0.41365868,0.5,0
2623,NODE21_processed_png/c0859.png,0.03837952,0.09933579,0.21959107,0.17948163,0.07024123,0.022896199,0.010337995,0.09070495,0.1625963,0.015620437,0.008958952,0.023599582,0.05142088,6.237668e-05,0.5,0.00241665,0.6785971,0.5,0
2624,NODE21_processed_png/c3299.png,0.036118787,0.044712134,0.17267738,0.12061972,0.013373824,0.027857373,0.006524655,0.04440657,0.06297189,0.013559012,0.010995538,0.007565229,0.036853906,2.710167e-05,0.5,0.00124633,0.2251256,0.5,0
2625,NODE21_processed_png/c3248.png,0.02960276,0.0570895,0.21597105,0.10370029,0.020094551,0.027286395,0.008508644,0.04706998,0.046250347,0.008028724,0.006754085,0.010499556,0.06754523,0.000174609,0.5,0.00135606,0.040327806,0.5,0
2626,NODE21_processed_png/c2408.png,0.07975494,0.0494401,0.124487594,0.10871582,0.003031233,0.05732202,0.002294121,0.05886625,0.0486312,0.010118781,0.011652502,0.013467798,0.080423504,5.031353e-05,0.5,0.00420295,0.24504304,0.5,0
2627,NODE21_processed_png/c0888.png,0.05288123,0.106880724,0.1844572,0.15780796,0.030526178,0.014470187,0.004660656,0.07312542,0.15140739,0.011500646,0.010462598,0.009687249,0.028048588,7.750329e-05,0.5,0.001672805,0.692811,0.5,0
2628,NODE21_processed_png/c2069.png,0.03127236,0.07015746,0.18159588,0.15251748,0.038181756,0.02025646,0.005584437,0.07814963,0.063630104,0.012841849,0.009741179,0.012986059,0.026613442,5.7709192e-05,0.5,0.002403446,0.17170036,0.5,0
2629,NODE21_processed_png/c3629.png,0.047697317,0.08079632,0.1653842,0.0639038,0.01633344,0.01794588,0.002317976,0.0791829,0.06765203,0.008149609,0.009180686,0.009921652,0.027170409,3.4678844e-05,0.5,0.00319761,0.40740174,0.5,0
2630,NODE21_processed_png/c1445.png,0.06936604,0.04694992,0.18034396,0.018800538,0.010688962,0.005225329,0.000925054,0.13088384,0.068900645,0.00887502,0.00994583,0.006155239,0.02385589,5.1199084e-05,0.5,0.003412579,0.27115953,0.5,0
2631,NODE21_processed_png/c1837.png,0.039248142,0.028296655,0.15848565,0.062113814,0.012800538,0.0210475,0.001897627,0.04029357,0.04118771,0.00994732,0.042535607,0.003717726,0.017184991,2.3858696e-05,0.5,0.001589752,0.06749988,0.5,0
2632,NODE21_processed_png/n1034.png,0.07066806,0.072394066,0.16633067,0.050248798,0.035278033,0.008554365,0.004699788,0.086504675,0.070133895,0.010336414,0.017830582,0.022505216,0.05911763,0.000658832,0.5,0.004028746,0.26567274,0.5,1
2633,NODE21_processed_png/c0205.png,0.044554383,0.045783438,0.24305864,0.032649286,0.06543431,0.004226321,0.001926702,0.061707772,0.10652015,0.005711348,0.04708333,0.007320304,0.02119579,0.000173899,0.5,0.001163308,0.41483337,0.5,0
2634,NODE21_processed_png/c2922.png,0.10012258,0.047811415,0.17860001,0.11896108,0.012970219,0.0175864,0.003857429,0.13989052,0.03167665,0.02134691,0.007298048,0.009543047,0.039879825,0.000144931,0.5,0.006795903,0.056248736,0.5,0
2635,NODE21_processed_png/c2550.png,0.04916412,0.078365035,0.20717537,0.077181354,0.026180504,0.010887202,0.008045614,0.06915681,0.08280495,0.010619273,0.016920488,0.014109467,0.021963378,0.000163275,0.5,0.001932723,0.29807517,0.5,0
2636,NODE21_processed_png/c0664.png,0.03750695,0.07159995,0.22556783,0.0391743,0.01272616,0.01138677,0.008413717,0.07009879,0.07618761,0.012926362,0.017633233,0.011318308,0.0362338,2.1691178e-05,0.5,0.001373027,0.3297897,0.5,0
2637,NODE21_processed_png/c1024.png,0.06789751,0.038704816,0.17209394,0.071386695,0.030771635,0.029458987,0.011456873,0.09342975,0.06132576,0.019656276,0.049485974,0.01086225,0.027251642,0.001031191,0.5,0.007024071,0.101442926,0.5,0
2638,NODE21_processed_png/c1783.png,0.029376993,0.06497016,0.16731718,0.05054934,0.006498726,0.009796727,0.001547024,0.03588859,0.055291176,0.006759102,0.003743195,0.005451287,0.033145927,3.1980221e-06,0.5,0.000560991,0.27150398,0.5,0
2639,NODE21_processed_png/c2131.png,0.044696845,0.09726777,0.19551829,0.07878504,0.029266631,0.018526703,0.004478914,0.08193086,0.09320684,0.00879909,0.009123233,0.008147808,0.02661532,0.000337041,0.5,0.002841818,0.33698094,0.5,0
2640,NODE21_processed_png/c2696.png,0.029636579,0.06800324,0.18928319,0.100652635,0.021350458,0.010013549,0.003254823,0.03902653,0.096181974,0.007305109,0.005777202,0.006749542,0.024796026,1.2828701e-05,0.5,0.001153904,0.21759605,0.5,0
2641,NODE21_processed_png/c3771.png,0.033489708,0.035323862,0.18837595,0.027524114,0.025508864,0.005065383,0.00094069,0.041592594,0.07795166,0.007325097,0.006512261,0.006580944,0.031504013,4.5743098e-05,0.5,0.001729418,0.20559728,0.5,0
2642,NODE21_processed_png/c3007.png,0.052676436,0.025935708,0.05151451,0.08805901,0.002726181,0.013472966,0.003266105,0.120267354,0.00479298,0.026629927,0.044092946,0.011981662,0.037882734,0.001049403,0.5,0.008018023,0.00455399,0.5,0
2643,NODE21_processed_png/c2647.png,0.04060146,0.06571176,0.18818891,0.17559922,0.019322457,0.045719333,0.002047031,0.038016062,0.069734946,0.007832817,0.004099109,0.009229648,0.03780618,2.5839281e-05,0.5,0.000832693,0.0842997,0.5,0
2644,NODE21_processed_png/c1752.png,0.022307882,0.09632948,0.16913773,0.15888396,0.036149643,0.013063556,0.002150276,0.04453797,0.12205435,0.007593611,0.00189123,0.010893037,0.038056508,1.7128099e-05,0.5,0.002002677,0.55050945,0.5,0
2645,NODE21_processed_png/c0112.png,0.029232549,0.06730276,0.20633274,0.035985947,0.03195602,0.003689913,0.003946571,0.039506335,0.1251644,0.005541398,0.021098483,0.009051379,0.025367413,1.3141354e-05,0.5,0.000783277,0.5280515,0.5,0
2646,NODE21_processed_png/n0911.png,0.059211977,0.087375544,0.19892533,0.12807198,0.03311344,0.02194255,0.003562002,0.07719734,0.13886392,0.01129066,0.007331083,0.011392314,0.04243491,7.8895486e-05,0.5,0.002575722,0.44555312,0.5,1
2647,NODE21_processed_png/c2581.png,0.044480946,0.028225241,0.12214379,0.10560007,0.006630686,0.05715787,0.001961405,0.062889755,0.020389583,0.014996517,0.008967851,0.007830558,0.03531262,6.3149964e-05,0.5,0.005478716,0.032724172,0.5,0
2648,NODE21_processed_png/c2226.png,0.028975978,0.027664114,0.14636436,0.026413716,0.009110065,0.00453053,0.002757757,0.036204174,0.048126604,0.010230411,0.017579148,0.005948756,0.022033358,0.00010272,0.5,0.001533931,0.08969834,0.5,0
2649,NODE21_processed_png/c3814.png,0.04524728,0.046985924,0.16482231,0.03292635,0.01108804,0.006060615,0.001709906,0.05238141,0.03752721,0.009616993,0.008631855,0.009166159,0.08287017,0.000554856,0.5,0.003822115,0.071066216,0.5,0
2650,NODE21_processed_png/c3466.png,0.039890856,0.06908782,0.22202969,0.04167662,0.034675226,0.004074608,0.002835464,0.04644065,0.13849318,0.005169423,0.022356244,0.007573503,0.017533086,6.226917e-05,0.5,0.000889757,0.61,0.5,0
2651,NODE21_processed_png/c0573.png,0.060027737,0.06492339,0.14838088,0.11088436,0.008972974,0.010997443,0.002772547,0.050800238,0.051297322,0.013630146,0.010787585,0.00552306,0.03849485,2.6361166e-05,0.5,0.001784397,0.16927712,0.5,0
2652,NODE21_processed_png/c0901.png,0.037618708,0.11176042,0.2590917,0.09687506,0.0422768,0.022759171,0.008574475,0.120810345,0.09306297,0.019942632,0.008837434,0.017127153,0.045462262,5.0594328e-05,0.5,0.001609573,0.23184729,0.5,0
2653,NODE21_processed_png/c1494.png,0.027579268,0.07255793,0.20898637,0.06520047,0.031408064,0.01852477,0.003644631,0.057145517,0.059652697,0.009870601,0.003756675,0.01012712,0.036712576,4.4539713e-05,0.5,0.001665254,0.09384659,0.5,0
2654,NODE21_processed_png/c1333.png,0.031713855,0.07326265,0.26662898,0.07839565,0.058488358,0.025482861,0.009219355,0.03927164,0.10503828,0.011976298,0.001487103,0.011658339,0.045968655,4.434666e-05,0.5,0.002258259,0.1811693,0.5,0
2655,NODE21_processed_png/c1098.png,0.06463683,0.041844416,0.12719828,0.02684535,0.006992152,0.007792597,0.000820139,0.07441202,0.034285966,0.009706427,0.010000359,0.00578998,0.03714711,3.1904445e-05,0.5,0.002292289,0.118986145,0.5,0
2656,NODE21_processed_png/c3879.png,0.030331729,0.05550754,0.15584439,0.053215656,0.015200141,0.014563513,0.002492076,0.030569563,0.041470684,0.004582196,0.008367844,0.006404086,0.022752268,4.479358e-05,0.5,0.001062892,0.04358883,0.5,0
2657,NODE21_processed_png/c1428.png,0.05195943,0.07137259,0.18621911,0.042536873,0.011390924,0.006088104,0.004433387,0.0476011,0.061460476,0.007891399,0.016251944,0.005808618,0.025429435,0.000239869,0.5,0.002424424,0.10812493,0.5,0
2658,NODE21_processed_png/n1059.png,0.022865586,0.109385625,0.2678,0.0846996,0.08652977,0.008997964,0.002921126,0.05385214,0.11796392,0.008137779,0.004623879,0.00860752,0.036925692,2.3563767e-05,0.5,0.001136312,0.25942388,0.5,1
2659,NODE21_processed_png/n0619.png,0.05128532,0.047203906,0.17925844,0.08790063,0.013366866,0.03197655,0.006332955,0.053490903,0.054881252,0.022641264,0.020400478,0.009793839,0.037947115,9.878655e-05,0.5,0.002732599,0.23692387,0.5,1
2660,NODE21_processed_png/c0268.png,0.0796109,0.036933023,0.14942245,0.074236326,0.006676382,0.028716434,0.001538408,0.06089989,0.058803074,0.010372681,0.00951309,0.007351674,0.034838047,0.000130873,0.5,0.005981837,0.21315831,0.5,0
2661,NODE21_processed_png/n0278.png,0.037936047,0.07579609,0.26944977,0.09299823,0.10277013,0.023793716,0.007915356,0.038097493,0.06627529,0.007339905,0.004054359,0.016276518,0.046697266,7.630545e-05,0.5,0.001694642,0.029975858,0.5,1
2662,NODE21_processed_png/c0609.png,0.042213168,0.049153645,0.18100041,0.057949476,0.02809277,0.007615808,0.005891534,0.06699046,0.08081713,0.008320545,0.042492945,0.010325253,0.019360384,0.000186715,0.5,0.002924021,0.28768626,0.5,0
2663,NODE21_processed_png/c1049.png,0.06271361,0.06314215,0.1324383,0.05980122,0.010448245,0.007345863,0.003509465,0.060840417,0.050116945,0.012024858,0.013445978,0.007624146,0.033335794,2.0846395e-05,0.5,0.001230924,0.14386056,0.5,0
2664,NODE21_processed_png/c3225.png,0.05694512,0.035619132,0.16879682,0.073395446,0.015161426,0.044080533,0.016580056,0.059415754,0.047410436,0.018689115,0.016401017,0.016300792,0.03336195,0.000696194,0.5,0.005899913,0.05088536,0.5,0
2665,NODE21_processed_png/c3582.png,0.05213494,0.043278947,0.15673792,0.054451916,0.015969994,0.025816424,0.002383382,0.07897296,0.0463482,0.009274934,0.023878522,0.004868697,0.021843312,0.000173435,0.5,0.007373599,0.19920646,0.5,0
2666,NODE21_processed_png/c2817.png,0.034998156,0.0930863,0.20810859,0.06260134,0.04089352,0.009297401,0.005344218,0.068649225,0.12775661,0.009897465,0.008819666,0.012002488,0.040186502,3.5092566e-05,0.5,0.00101257,0.56808794,0.5,0
2667,NODE21_processed_png/c2465.png,0.04194849,0.062421743,0.21275544,0.041538924,0.028531667,0.012242629,0.005416535,0.051497955,0.049517274,0.010201284,0.021665826,0.004756173,0.019723285,8.92886e-05,0.5,0.002421884,0.1262722,0.5,0
2668,NODE21_processed_png/c1570.png,0.046453733,0.07462922,0.15231645,0.14028841,0.012963867,0.034057043,0.01074904,0.07539969,0.04838339,0.017681915,0.008597629,0.012120848,0.031166133,0.000123219,0.5,0.00626823,0.16702971,0.5,0
2669,NODE21_processed_png/c1902.png,0.03662958,0.047444694,0.21593235,0.09562587,0.02886421,0.01655675,0.010071224,0.058502518,0.06134173,0.00870055,0.007644597,0.01196426,0.021109069,0.000100939,0.5,0.003407941,0.049434163,0.5,0
2670,NODE21_processed_png/n0741.png,0.054582275,0.11561327,0.1705096,0.16129653,0.024954073,0.046042733,0.004431594,0.18601635,0.09117347,0.02392845,0.009040323,0.014709536,0.040301077,8.265086e-05,0.5,0.004214584,0.3526306,0.5,1
2671,NODE21_processed_png/c0330.png,0.024348548,0.065365516,0.2091526,0.08185533,0.06734402,0.014442676,0.005260575,0.03405344,0.09816684,0.010199036,0.004269251,0.016940337,0.06215207,5.629347e-05,0.5,0.001858426,0.20068036,0.5,0
2672,NODE21_processed_png/c0497.png,0.029806115,0.07839082,0.20317376,0.024336152,0.025094919,0.003804494,0.001488369,0.06929661,0.08381707,0.004858424,0.004428785,0.00475347,0.036019314,2.2880617e-05,0.5,0.000707896,0.23427704,0.5,0
2673,NODE21_processed_png/c2004.png,0.07651041,0.054649998,0.1773186,0.039161593,0.017676938,0.005690377,0.00096577,0.098839395,0.12092837,0.007926433,0.019946551,0.00538426,0.037169363,3.2124473e-05,0.5,0.002508112,0.4665727,0.5,0
2674,NODE21_processed_png/c3644.png,0.04054957,0.04459436,0.18584205,0.028022358,0.027223976,0.004637713,0.001622478,0.055313412,0.06682425,0.006610839,0.01026739,0.007712323,0.028012687,0.000124906,0.5,0.001775436,0.22583234,0.5,0
2675,NODE21_processed_png/n0320.png,0.017321425,0.062236793,0.20350781,0.0758326,0.044600356,0.006620925,0.004252279,0.03331164,0.113370195,0.008582341,0.013871814,0.012263229,0.02139316,4.6776797e-05,0.5,0.000805118,0.37214437,0.5,1
2676,NODE21_processed_png/c0751.png,0.03868813,0.042594,0.16750695,0.07648119,0.019195167,0.010782924,0.006130698,0.047913752,0.040503647,0.01377788,0.009928676,0.009182961,0.03219157,8.83286e-05,0.5,0.001753416,0.080574974,0.5,0
2677,NODE21_processed_png/n0487.png,0.040716905,0.08551008,0.26431867,0.068992145,0.05913751,0.009589858,0.002237226,0.070162475,0.16726512,0.007072196,0.01233474,0.013289953,0.04170845,0.000135504,0.5,0.003423685,0.58762944,0.5,1
2678,NODE21_processed_png/c1111.png,0.06880846,0.06346524,0.20381403,0.12824075,0.041642737,0.054706264,0.009341594,0.0542798,0.04650024,0.009188339,0.008922033,0.015263549,0.023232576,0.000433627,0.5,0.005838792,0.024796868,0.5,0
2679,NODE21_processed_png/c1667.png,0.01525867,0.053542633,0.19245537,0.04224507,0.018972984,0.008923584,0.004783175,0.015950216,0.03723147,0.005574812,0.005333273,0.012535352,0.017524105,2.689067e-05,0.5,0.000987579,0.041318152,0.5,0
2680,NODE21_processed_png/c0780.png,0.03726328,0.073215365,0.2155947,0.060264766,0.030955793,0.011039623,0.009848951,0.047806934,0.09389292,0.012508756,0.012015208,0.010081643,0.0627829,0.000254789,0.5,0.001868845,0.25905317,0.5,0
2681,NODE21_processed_png/c0027.png,0.04837911,0.041619316,0.18740627,0.0415368,0.013708436,0.010180559,0.002106554,0.029017024,0.060271826,0.007676368,0.005470429,0.005389012,0.045499135,3.782485e-05,0.5,0.001731037,0.117741056,0.5,0
2682,NODE21_processed_png/n0824.png,0.079718016,0.05243624,0.2036481,0.046956863,0.021763878,0.006558638,0.001833856,0.076404795,0.08040923,0.007358663,0.024014387,0.007677293,0.021068433,0.000313486,0.5,0.003963947,0.2090756,0.5,1
2683,NODE21_processed_png/c3695.png,0.049923003,0.0475062,0.14118208,0.06665364,0.008743344,0.016620707,0.005936281,0.04647793,0.03522712,0.02043334,0.014304425,0.012082356,0.036296204,0.000108465,0.5,0.003013457,0.13811468,0.5,0
2684,NODE21_processed_png/c3132.png,0.056083217,0.070061676,0.19694772,0.038975064,0.027024116,0.005863001,0.00227018,0.10338136,0.09629668,0.013616514,0.011336733,0.012901906,0.047124516,5.490503e-05,0.5,0.00354645,0.30333886,0.5,0
2685,NODE21_processed_png/c2772.png,0.054331224,0.055228453,0.16740477,0.07962373,0.023670213,0.010855557,0.002164106,0.06983208,0.06794688,0.006269122,0.03548598,0.006520751,0.023654165,0.000104397,0.5,0.001587535,0.2571368,0.5,0
2686,NODE21_processed_png/c0446.png,0.046870835,0.10174729,0.19850467,0.08900611,0.032386232,0.005826059,0.002721835,0.11058421,0.11811246,0.009897868,0.005360073,0.010392903,0.04645961,1.9524214e-05,0.5,0.001538041,0.52889925,0.5,0
2687,NODE21_processed_png/c0834.png,0.051154427,0.051969618,0.14407408,0.08298957,0.015485511,0.009416404,0.0031348,0.07346592,0.045004345,0.013804192,0.0128511,0.007049692,0.039591864,0.000266082,0.5,0.002381946,0.08291872,0.5,0
2688,NODE21_processed_png/n0037.png,0.029720856,0.067362286,0.22028227,0.05238034,0.029910106,0.010295632,0.003400336,0.04247404,0.064519085,0.005743877,0.008565887,0.008019201,0.03364032,3.2045195e-05,0.5,0.002347061,0.102065824,0.5,1
2689,NODE21_processed_png/c1206.png,0.100284845,0.067428656,0.15522312,0.16783948,0.013652418,0.06540717,0.004562697,0.17841877,0.04746168,0.022634134,0.013315314,0.012361594,0.04355477,9.291536e-05,0.5,0.003964854,0.14907083,0.5,0
2690,NODE21_processed_png/c2313.png,0.03763499,0.045109827,0.22613448,0.019450653,0.028316736,0.003207165,0.001907428,0.055781327,0.070057005,0.007545663,0.016789146,0.006562313,0.048243675,0.000105383,0.5,0.001620537,0.19503029,0.5,0
2691,NODE21_processed_png/c3553.png,0.027055444,0.06879489,0.18930838,0.15410952,0.035505243,0.005551066,0.005432995,0.054239076,0.13073014,0.010358546,0.011803193,0.009539327,0.026421782,4.8877457e-05,0.5,0.000576396,0.63861275,0.5,0
2692,NODE21_processed_png/c1743.png,0.05404655,0.036847197,0.1494799,0.02211515,0.01929973,0.005105977,0.001170023,0.02769796,0.05216588,0.005270776,0.016553782,0.00774412,0.033130582,0.000269084,0.5,0.006009589,0.124198966,0.5,0
2693,NODE21_processed_png/c0103.png,0.048671816,0.027686581,0.12814516,0.01529362,0.005245515,0.01085094,0.000598669,0.022163738,0.03884533,0.003208578,0.012416332,0.005077701,0.02842604,7.574108e-06,0.5,0.001168329,0.14284295,0.5,0
2694,NODE21_processed_png/n0572.png,0.072662145,0.07286507,0.23320381,0.10169635,0.060495473,0.011708698,0.006190414,0.1077517,0.075989895,0.010607673,0.021571297,0.013111106,0.036840446,0.000228456,0.5,0.003467751,0.09008087,0.5,1
2695,NODE21_processed_png/c3016.png,0.092055775,0.07297436,0.17102306,0.07675866,0.018807014,0.020585017,0.004973844,0.17278215,0.085672855,0.0149188,0.0346693,0.011284643,0.037879556,0.000164147,0.5,0.004592607,0.3583637,0.5,0
2696,NODE21_processed_png/c2656.png,0.017821252,0.04064949,0.17339337,0.046500374,0.018503247,0.007029838,0.007447292,0.020821106,0.05051001,0.009952853,0.005071064,0.008302261,0.030310037,2.4284493e-05,0.5,0.001088078,0.13108103,0.5,0
2697,NODE21_processed_png/c0910.png,0.022085728,0.03470785,0.1597536,0.08383559,0.006325235,0.004116246,0.00492314,0.021093719,0.032341838,0.013417329,0.007768317,0.005086134,0.025188811,2.6739282e-05,0.5,0.000765724,0.08052081,0.5,0
2698,NODE21_processed_png/c0562.png,0.057259403,0.044726215,0.1548425,0.05178483,0.004462118,0.010179099,0.002625359,0.057459388,0.035816528,0.014014046,0.014080367,0.007343301,0.027869731,7.6023345e-05,0.5,0.001990938,0.07163219,0.5,0
2699,NODE21_processed_png/c1485.png,0.022139784,0.08266086,0.21375003,0.053290255,0.043407608,0.009279288,0.002909972,0.04054279,0.13015434,0.008048943,0.020469043,0.011501192,0.028449403,1.6103579e-05,0.5,0.000258087,0.6459899,0.5,0
2700,NODE21_processed_png/c2237.png,0.06541595,0.06634794,0.20199424,0.052264635,0.026643362,0.013148993,0.00202432,0.09469083,0.10373541,0.011357601,0.01190231,0.010133549,0.033891242,0.000166839,0.5,0.004408993,0.37808642,0.5,0
2701,NODE21_processed_png/c2590.png,0.04754504,0.06619659,0.19245963,0.08614268,0.019802343,0.021172285,0.003624434,0.057031628,0.10810959,0.007785925,0.016524523,0.006345193,0.020779863,3.6338795e-05,0.5,0.000896121,0.25978482,0.5,0
2702,NODE21_processed_png/c3477.png,0.036080923,0.10261917,0.1823334,0.084537394,0.023691956,0.019547794,0.005468529,0.05513485,0.075975254,0.009542526,0.017926253,0.011084386,0.024192883,6.6783876e-05,0.5,0.001997741,0.09269651,0.5,0
2703,NODE21_processed_png/c3805.png,0.044821877,0.050735533,0.18290123,0.025064303,0.02612169,0.007266401,0.002207634,0.05891437,0.05043675,0.008338235,0.034021173,0.006228532,0.02429616,0.000279428,0.5,0.002006168,0.12574835,0.5,0
2704,NODE21_processed_png/c3301.png,0.039451927,0.08069497,0.183096,0.037377726,0.0540737,0.003266593,0.001606925,0.11740635,0.1497544,0.006681299,0.02827054,0.006961418,0.01923948,8.7777276e-05,0.5,0.001026882,0.72175634,0.5,0
2705,NODE21_processed_png/c2541.png,0.023393309,0.06145897,0.18449233,0.100147285,0.016007254,0.006313629,0.005297748,0.034447137,0.08813281,0.018274175,0.007765689,0.007312798,0.036707167,8.466718e-06,0.5,0.0002382,0.43877396,0.5,0
2706,NODE21_processed_png/c2933.png,0.031354055,0.05292428,0.13163662,0.035301834,0.006512302,0.016823914,0.001657948,0.02424618,0.03876998,0.009086648,0.009166938,0.011343547,0.051898435,9.795759e-05,0.5,0.002859587,0.120246105,0.5,0
2707,NODE21_processed_png/c1826.png,0.041267697,0.06917073,0.19394895,0.1812501,0.016305901,0.064419605,0.004315155,0.035592802,0.05478209,0.006989517,0.00208488,0.01071376,0.065858506,4.4471763e-05,0.5,0.00143907,0.04559415,0.5,0
2708,NODE21_processed_png/c1454.png,0.0879751,0.028435616,0.12587184,0.08077822,0.003963666,0.03259986,0.002515931,0.07104978,0.023239905,0.014332252,0.011142142,0.007178574,0.044866603,0.000100462,0.5,0.002587061,0.059850544,0.5,0
2709,NODE21_processed_png/c0214.png,0.034506574,0.03422074,0.15359113,0.045833167,0.019912768,0.013914102,0.002700389,0.03544926,0.03597841,0.008418544,0.027489906,0.006089161,0.030071978,0.000728861,0.5,0.004235575,0.02554905,0.5,0
2710,NODE21_processed_png/c2687.png,0.049198173,0.045693766,0.21146885,0.053105354,0.039449222,0.012433735,0.005756001,0.070698574,0.08988069,0.016498214,0.026733806,0.008230566,0.044528738,4.3031043e-05,0.5,0.001631793,0.21412198,0.5,0
2711,NODE21_processed_png/c2120.png,0.039829433,0.08874303,0.17485523,0.096181735,0.00554277,0.028817236,0.002750502,0.046903845,0.045469195,0.013119523,0.001459705,0.007333521,0.034210898,2.2902534e-05,0.5,0.002147016,0.12579985,0.5,0
2712,NODE21_processed_png/c3760.png,0.020384979,0.06707577,0.21406007,0.047044646,0.023621332,0.008215425,0.004251296,0.0360344,0.0760981,0.006101009,0.00927842,0.005193292,0.018905288,2.1774575e-05,0.5,0.000502758,0.23990722,0.5,0
2713,NODE21_processed_png/c0675.png,0.07212828,0.059248198,0.17493187,0.022500116,0.020593317,0.003661957,0.000738971,0.14107034,0.062226422,0.005534623,0.018120527,0.006990806,0.025358057,0.00011871,0.5,0.00286451,0.17189345,0.5,0
2714,NODE21_processed_png/c1792.png,0.030962309,0.065440886,0.19271113,0.024998525,0.022720935,0.006822657,0.001442049,0.02965494,0.056425985,0.00486787,0.007420137,0.006293126,0.024493268,1.5865913e-05,0.5,0.000425332,0.09682252,0.5,0
2715,NODE21_processed_png/c1035.png,0.080752164,0.039758522,0.13181455,0.06352264,0.012726951,0.016384708,0.002280101,0.065228924,0.055601276,0.010086826,0.029350923,0.006102645,0.044585202,0.000282635,0.5,0.005443457,0.12174773,0.5,0
2716,NODE21_processed_png/c0899.png,0.04191513,0.10678781,0.24177757,0.1604286,0.024826588,0.0435644,0.006161802,0.055338655,0.18279433,0.01075507,0.019721083,0.010023222,0.025383893,1.3436512e-05,0.5,0.000288294,0.57687813,0.5,0
2717,NODE21_processed_png/c3259.png,0.04484333,0.054058872,0.19221081,0.035094347,0.018247189,0.039723158,0.001436063,0.030939348,0.0470525,0.007013585,0.003242969,0.007228016,0.037544653,4.595941e-05,0.5,0.002695452,0.08554886,0.5,0
2718,NODE21_processed_png/c2419.png,0.041450575,0.042575564,0.19468357,0.10755453,0.009367917,0.03990795,0.005713683,0.03859555,0.04174387,0.007019386,0.003422713,0.012388606,0.043555167,6.412015e-05,0.5,0.002683384,0.04803549,0.5,0
2719,NODE21_processed_png/c2078.png,0.05020134,0.034135394,0.12677677,0.033054005,0.007648812,0.011357684,0.001491775,0.083920136,0.039323773,0.015644794,0.012658201,0.009132694,0.047766928,0.000187531,0.5,0.003422427,0.10825497,0.5,0
2720,NODE21_processed_png/c3638.png,0.06283008,0.05151771,0.14637677,0.052701946,0.005731427,0.010356663,0.000654628,0.065697014,0.044910748,0.010332392,0.00492022,0.006347502,0.037574492,2.8708817e-05,0.5,0.004769088,0.16001861,0.5,0
2721,NODE21_processed_png/c3288.png,0.048092436,0.0497438,0.1153932,0.05348324,0.006152589,0.006342328,0.001561969,0.078746095,0.020780934,0.012444658,0.010047483,0.008263156,0.036737517,5.5225773e-05,0.5,0.004026084,0.0219283,0.5,0
2722,NODE21_processed_png/c0848.png,0.057862837,0.04351007,0.17640527,0.059793662,0.014675579,0.015750732,0.003742877,0.037227094,0.077788204,0.015429546,0.005249371,0.006844067,0.037620474,5.180282e-05,0.5,0.001106021,0.25088814,0.5,0
2723,NODE21_processed_png/c0104.png,0.042207856,0.087586276,0.26529846,0.092594214,0.065437846,0.015807442,0.012295154,0.049461287,0.099023335,0.010733553,0.004563803,0.012552796,0.03325464,0.000138362,0.5,0.002238787,0.14169502,0.5,0
2724,NODE21_processed_png/n0575.png,0.034423728,0.11902034,0.19915192,0.07940298,0.038635354,0.016841998,0.002684546,0.04986701,0.14580455,0.005985375,0.004522633,0.010914424,0.046255175,2.2800283e-05,0.5,0.001747974,0.47218093,0.5,1
2725,NODE21_processed_png/c1744.png,0.040293343,0.032578584,0.1699837,0.048422266,0.015370707,0.010177437,0.004708519,0.033872698,0.044156224,0.013781606,0.007954851,0.007124222,0.028323136,6.0166585e-05,0.5,0.001298163,0.09266714,0.5,0
2726,NODE21_processed_png/c2651.png,0.032712176,0.06295193,0.19073486,0.1617784,0.029918736,0.017566033,0.005324648,0.048353907,0.08323866,0.012957067,0.009819528,0.012811241,0.03140652,5.2412768e-05,0.5,0.002133079,0.23644955,0.5,0
2727,NODE21_processed_png/c3011.png,0.022515621,0.06595858,0.19973366,0.13373761,0.024502939,0.006433457,0.004398396,0.02977941,0.10589291,0.011288424,0.009112813,0.011800477,0.025772357,1.000228e-05,0.5,0.000475173,0.29374814,0.5,0
2728,NODE21_processed_png/c1482.png,0.04042612,0.122947134,0.2159372,0.048615985,0.02832491,0.003393422,0.002217705,0.078979574,0.13750395,0.008114994,0.009370815,0.00598165,0.024082199,2.3762303e-05,0.5,0.000694488,0.5235846,0.5,0
2729,NODE21_processed_png/c1325.png,0.045285515,0.05835006,0.17295729,0.03616461,0.011454361,0.010294102,0.002986783,0.092078835,0.05026285,0.007160798,0.017462369,0.008796235,0.020521855,7.077325e-05,0.5,0.001832139,0.1390717,0.5,0
2730,NODE21_processed_png/c0565.png,0.039975654,0.06559813,0.24313816,0.08910759,0.03863611,0.006970128,0.003771285,0.055010803,0.10831446,0.006361413,0.0114872,0.006565502,0.022568647,0.000165365,0.5,0.001754474,0.3184468,0.5,0
2731,NODE21_processed_png/c0917.png,0.035266962,0.033269513,0.15871905,0.033274658,0.006355688,0.007353868,0.00054954,0.032713197,0.0422423,0.006047631,0.008302419,0.0043207,0.02410944,2.3216004e-05,0.5,0.000905655,0.0888985,0.5,0
2732,NODE21_processed_png/n0114.png,0.10913592,0.08630844,0.2013939,0.11530141,0.054854367,0.023347156,0.004412797,0.10669082,0.1296768,0.013776987,0.040725697,0.017260328,0.07223979,0.00073384,0.5,0.00635755,0.24155405,0.5,1
2733,NODE21_processed_png/c3802.png,0.04451376,0.04432063,0.16586046,0.06463914,0.008876739,0.015304978,0.00165282,0.053868677,0.05322656,0.011686529,0.008567527,0.007645284,0.04476806,2.410903e-05,0.5,0.001138107,0.21178174,0.5,0
2734,NODE21_processed_png/c3470.png,0.035103865,0.07170056,0.18260454,0.14309387,0.03998343,0.020864477,0.00548391,0.042399928,0.10432527,0.007794166,0.008419779,0.008319896,0.021269552,2.6853024e-05,0.5,0.000537174,0.39224616,0.5,0
2735,NODE21_processed_png/c2597.png,0.020699335,0.087154485,0.17617571,0.05776795,0.029238833,0.002947364,0.0019323,0.058633413,0.08748326,0.003729546,0.006812959,0.013024228,0.012260308,4.0441802e-05,0.5,0.001301048,0.5501096,0.5,0
2736,NODE21_processed_png/c2230.png,0.013637841,0.0949889,0.2642999,0.03824058,0.11026794,0.007940074,0.004643918,0.025402166,0.11432139,0.004684912,0.004968944,0.009102583,0.01443668,1.0843705e-05,0.5,0.000251004,0.1911976,0.5,0
2737,NODE21_processed_png/c2934.png,0.029044269,0.0429301,0.21871506,0.077514485,0.03509251,0.007012559,0.006314528,0.070068136,0.06916531,0.020655118,0.015250347,0.009388825,0.026118666,8.511568e-05,0.5,0.001069594,0.21269271,0.5,0
2738,NODE21_processed_png/c2546.png,0.039235275,0.085818514,0.20109779,0.06403325,0.026841758,0.010696675,0.004299583,0.03656273,0.10818305,0.00820704,0.002089552,0.012838025,0.043313723,5.1347135e-05,0.5,0.003329649,0.4872856,0.5,0
2739,NODE21_processed_png/c3306.png,0.021773383,0.056118984,0.2023019,0.05199116,0.009797374,0.007082259,0.004802143,0.030284489,0.05526265,0.013518771,0.004634396,0.009474861,0.03219937,1.2851992e-05,0.5,0.001361346,0.1895004,0.5,0
2740,NODE21_processed_png/n0662.png,0.08446407,0.057864908,0.18463178,0.045459926,0.038579658,0.011524118,0.004230913,0.093782745,0.04814586,0.010184506,0.03961146,0.008379298,0.06103649,0.00015942,0.5,0.003917619,0.06781024,0.5,1
2741,NODE21_processed_png/c0213.png,0.047809105,0.06370313,0.13767345,0.12639266,0.012665344,0.036408875,0.005075997,0.07221259,0.051070385,0.019454964,0.006767206,0.010329385,0.045063064,4.643679e-05,0.5,0.003974129,0.080182925,0.5,0
2742,NODE21_processed_png/c1453.png,0.02160398,0.071497865,0.20326224,0.060894087,0.037526697,0.004592451,0.002985491,0.05060893,0.096168175,0.006176934,0.0107664,0.010688515,0.01886892,1.8661234e-05,0.5,0.000926808,0.28166163,0.5,0
2743,NODE21_processed_png/c1821.png,0.04484841,0.10485515,0.19291295,0.067187026,0.026039243,0.019599048,0.007357679,0.071453504,0.08634349,0.012988646,0.00645671,0.015910808,0.055275317,4.9035254e-05,0.5,0.002569086,0.3890614,0.5,0
2744,NODE21_processed_png/n1022.png,0.037885204,0.042229634,0.17048213,0.041311942,0.025099289,0.014192656,0.007491531,0.040089104,0.031205475,0.009551753,0.022861414,0.010609835,0.029224347,0.000570541,0.5,0.003563989,0.020967891,0.5,1
2745,NODE21_processed_png/c3767.png,0.050913796,0.041818865,0.17258553,0.049601123,0.004295902,0.010100272,0.004975333,0.05366997,0.029163256,0.013083282,0.004754731,0.005310976,0.03894228,3.303919e-05,0.5,0.00061412,0.042599555,0.5,0
2746,NODE21_processed_png/c2127.png,0.0241626,0.0975936,0.20146708,0.052887596,0.0358867,0.006879184,0.001872988,0.0851188,0.124680035,0.00363996,0.018435635,0.005264547,0.016887274,1.698541e-05,0.5,0.000228063,0.56524485,0.5,0
2747,NODE21_processed_png/c2680.png,0.037386015,0.085480005,0.1889144,0.09363333,0.021908745,0.02037493,0.005135757,0.10709188,0.07918563,0.008680937,0.005259724,0.008722676,0.01765447,2.5344665e-05,0.5,0.000878382,0.29197702,0.5,0
2748,NODE21_processed_png/c1032.png,0.056984972,0.06840429,0.19348623,0.1634156,0.049379535,0.013973264,0.002131336,0.072024114,0.069661155,0.010087002,0.025766782,0.004143632,0.022920398,0.000236726,0.5,0.001272442,0.07011951,0.5,0
2749,NODE21_processed_png/c1795.png,0.088707834,0.05301836,0.1870804,0.02445812,0.02405673,0.004166039,0.001096688,0.08713922,0.07453292,0.009948236,0.010721858,0.008087211,0.0440039,0.000358925,0.5,0.005781769,0.23622061,0.5,0
2750,NODE21_processed_png/n0203.png,0.06181096,0.05238386,0.20722511,0.054922026,0.039458785,0.008874633,0.0166031,0.08250946,0.071039215,0.016415551,0.045019366,0.010943735,0.04618159,0.000448898,0.5,0.001891345,0.12637398,0.5,1
2751,NODE21_processed_png/c0672.png,0.030927883,0.084230244,0.21742144,0.08144157,0.05575709,0.006111945,0.007871483,0.050071087,0.1231982,0.009884478,0.005996487,0.014586821,0.039992545,9.016751e-05,0.5,0.001070127,0.26174662,0.5,0
2752,NODE21_processed_png/c1979.png,0.03761167,0.04774354,0.1788374,0.081714325,0.022056935,0.022612585,0.004920022,0.06605502,0.060331374,0.012190182,0.0193812,0.005596739,0.024857195,0.000237809,0.5,0.001425174,0.08207858,0.5,0
2753,NODE21_processed_png/c3198.png,0.014612386,0.056367375,0.16572936,0.12005567,0.019200929,0.013363902,0.003351237,0.026758732,0.03781726,0.007169904,0.005240239,0.006449679,0.018396528,1.732988e-05,0.5,0.000268069,0.03299181,0.5,0
2754,NODE21_processed_png/c2709.png,0.021688787,0.04572885,0.1924838,0.06788952,0.0449401,0.004536116,0.003010782,0.038186096,0.058967713,0.010696837,0.016733564,0.008769705,0.023579786,0.000182552,0.5,0.001548518,0.070087396,0.5,0
2755,NODE21_processed_png/c3149.png,0.04121155,0.029290862,0.12065826,0.029249582,0.012495198,0.011866082,0.002633953,0.040990077,0.030449908,0.014557095,0.04272348,0.008872051,0.026041863,0.000228674,0.5,0.005775634,0.061878182,0.5,0
2756,NODE21_processed_png/c3528.png,0.06534992,0.039134588,0.13892515,0.12155096,0.009323978,0.01366079,0.002069084,0.055507734,0.0363042,0.025810935,0.005175577,0.009925014,0.0532651,9.307916e-05,0.5,0.005070067,0.07661006,0.5,0
2757,NODE21_processed_png/c2368.png,0.036328077,0.07479023,0.20432784,0.10280882,0.02487594,0.01802534,0.006060896,0.06293024,0.07577143,0.012880393,0.014600107,0.006230622,0.03040302,7.335663e-05,0.5,0.000991733,0.13602075,0.5,0
2758,NODE21_processed_png/c0178.png,0.032493435,0.056464855,0.18649581,0.07959592,0.030343348,0.016378462,0.005625641,0.03358987,0.08632815,0.008457326,0.006761574,0.012323241,0.046216946,9.778279e-05,0.5,0.00160733,0.3498343,0.5,0
2759,NODE21_processed_png/n0509.png,0.042639203,0.11280988,0.24128422,0.057311643,0.07322418,0.012981218,0.004612968,0.087322496,0.14664802,0.011117395,0.016332928,0.01813389,0.049103435,0.000326117,0.5,0.00510023,0.6531339,0.5,1
2760,NODE21_processed_png/c1738.png,0.048443545,0.022490615,0.13187258,0.07448795,0.006915152,0.04792169,0.00850973,0.046096567,0.024916805,0.020377515,0.024633793,0.008075036,0.02724079,0.000341699,0.5,0.001731566,0.046244454,0.5,0
2761,NODE21_processed_png/c2999.png,0.044105202,0.055070933,0.1797819,0.19443934,0.023070097,0.031220598,0.009891395,0.03133878,0.1051848,0.011181829,0.002950638,0.018553877,0.04846327,8.678783e-05,0.5,0.003599691,0.3681029,0.5,0
2762,NODE21_processed_png/c1359.png,0.03415761,0.1080738,0.22544849,0.09411489,0.04039017,0.013607568,0.005651291,0.060559116,0.14923315,0.010031416,0.00802336,0.011698621,0.038987756,1.7259108e-05,0.5,0.001087382,0.5575822,0.5,0
2763,NODE21_processed_png/c0519.png,0.04350588,0.06419901,0.17992517,0.06483685,0.013226654,0.011794014,0.001954799,0.044125564,0.056381788,0.007842876,0.003633941,0.009175599,0.03853428,9.68436e-05,0.5,0.003827016,0.111228,0.5,0
2764,NODE21_processed_png/n0168.png,0.05761476,0.062049087,0.24138154,0.12865064,0.056128237,0.027220603,0.009746343,0.052319158,0.11596851,0.010038095,0.016284904,0.020895682,0.04966852,0.000790785,0.5,0.00355604,0.23354352,0.5,1
2765,NODE21_processed_png/c1388.png,0.028101154,0.07796947,0.19748451,0.105423175,0.026290527,0.008336058,0.003850004,0.052356,0.09822996,0.009370347,0.008878,0.010075212,0.016253911,3.4788947e-05,0.5,0.001298546,0.46089232,0.5,0
2766,NODE21_processed_png/c2948.png,0.048074044,0.036594275,0.16718209,0.088361464,0.02299999,0.015218147,0.011498023,0.055229142,0.042846743,0.022671262,0.0186943,0.01197685,0.035167094,0.000150307,0.5,0.003634224,0.06200567,0.5,0
2767,NODE21_processed_png/c2462.png,0.02274261,0.033613898,0.17010102,0.026785908,0.018669652,0.003293935,0.001586426,0.016750172,0.05599677,0.005068011,0.005700598,0.007264328,0.03147126,0.000104829,0.5,0.00123285,0.13700704,0.5,0
2768,NODE21_processed_png/c2810.png,0.024662023,0.07216238,0.26233572,0.08208376,0.06958993,0.005642958,0.003618307,0.04162469,0.11231856,0.00624341,0.006028673,0.010225372,0.025590478,1.4974387e-05,0.5,0.000754319,0.21885584,0.5,0
2769,NODE21_processed_png/c3585.png,0.036612257,0.07480708,0.21564463,0.13307886,0.024909543,0.008524031,0.0043965,0.045585852,0.14084618,0.006560939,0.010998561,0.009435959,0.02587149,4.667276e-05,0.5,0.001858815,0.49321726,0.5,0
2770,NODE21_processed_png/c3222.png,0.047374986,0.055567753,0.19392215,0.054724302,0.044617806,0.007294323,0.00294536,0.07625481,0.08016955,0.008566189,0.014482825,0.007751556,0.035341058,0.00013716,0.5,0.002142455,0.15727262,0.5,0
2771,NODE21_processed_png/c0490.png,0.021867879,0.10140935,0.2073728,0.07082857,0.028151786,0.005134965,0.001695245,0.05704673,0.14308539,0.007398602,0.009557223,0.008744733,0.017538114,4.7025433e-06,0.5,0.00026846,0.52434146,0.5,0
2772,NODE21_processed_png/c0337.png,0.051812112,0.05011232,0.13890988,0.042604115,0.00810512,0.016324537,0.000500405,0.04623981,0.049467675,0.008664688,0.004931139,0.008920179,0.06448443,5.7942176e-05,0.5,0.00639153,0.26606512,0.5,0
2773,NODE21_processed_png/c1905.png,0.020067658,0.05314958,0.20378815,0.05519471,0.035352077,0.007526877,0.004199886,0.03536898,0.046827514,0.005113627,0.01109919,0.008331375,0.014352109,5.550423e-05,0.5,0.001067,0.06880953,0.5,0
2774,NODE21_processed_png/n1106.png,0.07369005,0.06666722,0.15800762,0.116711624,0.035595488,0.011403345,0.003015878,0.11919384,0.08998145,0.01140357,0.020322636,0.010281798,0.039117347,0.000268273,0.5,0.00391523,0.3897001,0.5,1
2775,NODE21_processed_png/c3643.png,0.0385329,0.06775824,0.20915608,0.069625914,0.02469987,0.009323464,0.00322487,0.06973364,0.07928923,0.01145645,0.012000016,0.007233759,0.049796987,3.2313157e-05,0.5,0.001465411,0.29445857,0.5,0
2776,NODE21_processed_png/c2003.png,0.05034447,0.06421279,0.18336694,0.090139724,0.027369801,0.037416697,0.003803855,0.066089034,0.088352464,0.019331113,0.021611743,0.007673091,0.06574276,1.6675469e-05,0.5,0.001062361,0.2763798,0.5,0
2777,NODE21_processed_png/c1116.png,0.041133948,0.048243593,0.1742066,0.11039754,0.014030087,0.019683799,0.007701299,0.04945014,0.038305484,0.015002073,0.003807528,0.006169954,0.023529228,8.395271e-05,0.5,0.003522261,0.046629496,0.5,0
2778,NODE21_processed_png/c0756.png,0.046033166,0.07394262,0.1833678,0.10217437,0.016714819,0.029546369,0.003300609,0.09462428,0.064372875,0.015448163,0.010256736,0.010166013,0.024229974,2.0378167e-05,0.5,0.002334337,0.38361546,0.5,0
2779,NODE21_processed_png/c0020.png,0.026244743,0.032986697,0.1702619,0.053151283,0.024788404,0.007026277,0.001626943,0.049962934,0.059142537,0.012692695,0.011918479,0.007385021,0.03948081,2.4769897e-05,0.5,0.00083431,0.26883867,0.5,0
2780,NODE21_processed_png/n0823.png,0.02611056,0.09166966,0.22771925,0.1091662,0.098515704,0.005820885,0.00490703,0.09499965,0.099381655,0.009286108,0.022978196,0.015621327,0.035672486,0.000280604,0.5,0.001531994,0.23405495,0.5,1
2781,NODE21_processed_png/n0451.png,0.052444566,0.041916948,0.22378023,0.035841387,0.053094603,0.005617752,0.001723519,0.06399829,0.0999126,0.005713699,0.028219322,0.006005868,0.023302605,7.663475e-05,0.5,0.001766639,0.1281839,0.5,1
2782,NODE21_processed_png/c0787.png,0.051800303,0.03904481,0.12303208,0.16948219,0.008262162,0.036576387,0.002492311,0.047154553,0.036911145,0.02025932,0.009670829,0.009028059,0.071067944,3.6120437e-05,0.5,0.002255093,0.3002442,0.5,0
2783,NODE21_processed_png/c1660.png,0.028088769,0.06506862,0.16705704,0.07056963,0.027194576,0.014675006,0.001427529,0.034624062,0.076488756,0.005506688,0.005044605,0.006645295,0.029074086,3.5682926e-05,0.5,0.000982508,0.15241268,0.5,0
2784,NODE21_processed_png/c2775.png,0.02649887,0.06770825,0.25986856,0.022322726,0.10245368,0.001153949,0.001532942,0.05919871,0.22005196,0.003826872,0.022807794,0.006383042,0.010316172,3.381773e-05,0.5,0.00037673,0.53494084,0.5,0
2785,NODE21_processed_png/c3135.png,0.018172655,0.0994937,0.21981862,0.06547727,0.080034405,0.001719233,0.002047133,0.06839139,0.25900862,0.004747802,0.011309703,0.009069618,0.012583236,3.5682926e-05,0.5,0.000334675,0.82367516,0.5,0
2786,NODE21_processed_png/c3692.png,0.045098163,0.054276157,0.16661656,0.10059209,0.009638319,0.023243232,0.006622858,0.04392228,0.054454435,0.011356663,0.003754957,0.012203361,0.045629285,0.000163915,0.5,0.004081273,0.12506808,0.5,0
2787,NODE21_processed_png/c1201.png,0.03946077,0.038621027,0.10001669,0.09608441,0.007481412,0.009535131,0.000619336,0.06596753,0.036953084,0.007753441,0.011755004,0.008236128,0.031261772,3.0620977e-05,0.5,0.005216893,0.07408339,0.5,0
2788,NODE21_processed_png/c0833.png,0.0431042,0.038532455,0.1504647,0.06063628,0.00942327,0.008034796,0.001623206,0.041216128,0.05920342,0.007346796,0.013001964,0.005781714,0.022075597,0.000129146,0.5,0.002419645,0.20243752,0.5,0
2789,NODE21_processed_png/c0441.png,0.04562172,0.06227299,0.15759705,0.04709667,0.002844787,0.005914248,0.003878468,0.06728183,0.04756583,0.013074083,0.00726493,0.007194163,0.021397421,3.079413e-05,0.5,0.001173751,0.12933946,0.5,0
2790,NODE21_processed_png/c3554.png,0.033102375,0.037640467,0.11326164,0.0775538,0.0072749,0.013271467,0.001204251,0.02646101,0.02763695,0.005866672,0.003588168,0.005694677,0.03989921,0.000120433,0.5,0.002280185,0.03358116,0.5,0
2791,NODE21_processed_png/c2314.png,0.04120207,0.051132217,0.17170061,0.087869585,0.010549208,0.025018077,0.002797932,0.05063061,0.068514824,0.00786169,0.010227751,0.00917767,0.028450245,0.000122793,0.5,0.005594664,0.25849217,0.5,0
2792,NODE21_processed_png/c2599.png,0.021103512,0.07233958,0.19365811,0.055889316,0.02351946,0.004757,0.002101222,0.055579167,0.08187046,0.006202133,0.038698386,0.005112722,0.019113168,1.8846986e-05,0.5,0.000334534,0.16086774,0.5,0
2793,NODE21_processed_png/c0919.png,0.012971626,0.048535205,0.1844207,0.11984197,0.067431234,0.011982439,0.003027321,0.03882097,0.037017822,0.009734575,0.011064856,0.012822845,0.02750747,2.9599492e-05,0.5,0.000499258,0.01740384,0.5,0
2794,NODE21_processed_png/c3308.png,0.04079269,0.05557256,0.11929333,0.04948582,0.01360811,0.006872068,0.004101534,0.04611242,0.0483617,0.008432738,0.011879268,0.009512769,0.029550627,9.839742e-05,0.5,0.001622302,0.19291882,0.5,0
2795,NODE21_processed_png/c2548.png,0.05468288,0.102696404,0.20859413,0.08401361,0.04343417,0.011687414,0.003196355,0.07161557,0.14986105,0.006892066,0.007013372,0.013072906,0.045595776,7.606512e-05,0.5,0.001875697,0.6736293,0.5,0
2796,NODE21_processed_png/c2129.png,0.050477322,0.096683376,0.21790637,0.02154682,0.028283518,0.004075476,0.001199902,0.06768349,0.14507845,0.005924382,0.007936998,0.010281323,0.05347112,0.000221342,0.5,0.004843251,0.57337064,0.5,0
2797,NODE21_processed_png/c3769.png,0.03800356,0.05098195,0.2574745,0.043392844,0.036977462,0.009187263,0.003118652,0.03450945,0.089449145,0.005881423,0.010900432,0.006770523,0.023122767,5.366065e-05,0.5,0.001457174,0.17072327,0.5,0
2798,NODE21_processed_png/c3250.png,0.027028559,0.055354968,0.2984413,0.063615575,0.08744536,0.032828722,0.004934699,0.05600194,0.08438961,0.007519899,0.013505176,0.00948191,0.024481095,2.6055797e-05,0.5,0.00088312,0.10526562,0.5,0
2799,NODE21_processed_png/c2410.png,0.08034187,0.07591121,0.17341048,0.057914037,0.017977118,0.020679267,0.002682461,0.05830382,0.07260628,0.008935222,0.022856493,0.014783933,0.05237348,0.000306913,0.5,0.004538603,0.27930436,0.5,0
2800,NODE21_processed_png/c2862.png,0.025309995,0.07009363,0.16939831,0.16662025,0.025396522,0.009934889,0.008199199,0.053030472,0.07455528,0.014661035,0.01306144,0.012012905,0.028693303,4.733376e-05,0.5,0.001332786,0.27775517,0.5,0
2801,NODE21_processed_png/c1977.png,0.036238827,0.057460934,0.18540943,0.047902707,0.013011989,0.017660985,0.004455138,0.019009456,0.07784131,0.007335456,0.002305937,0.013174704,0.04160101,3.0455674e-05,0.5,0.003469488,0.2893355,0.5,0
2802,NODE21_processed_png/c1505.png,0.06347667,0.061171483,0.19678567,0.09541539,0.01690922,0.023807157,0.003783911,0.0841922,0.055027425,0.014878695,0.013786159,0.009061703,0.04069892,0.000154124,0.5,0.00409165,0.14728901,0.5,0
2803,NODE21_processed_png/c0345.png,0.039328437,0.046596147,0.13236095,0.17399995,0.010575764,0.027384099,0.00230976,0.04828687,0.03283395,0.010720636,0.008233053,0.007047653,0.026757397,3.9711733e-05,0.5,0.001526893,0.07181387,0.5,0
2804,NODE21_processed_png/c0890.png,0.021541601,0.050984673,0.14484248,0.039300263,0.019207003,0.004250857,0.002227806,0.026325429,0.09778069,0.00720414,0.005587167,0.007474529,0.029993432,1.7215332e-05,0.5,0.001145377,0.5984213,0.5,0
2805,NODE21_processed_png/c2071.png,0.023938255,0.10657145,0.22553726,0.0559556,0.03407749,0.01003137,0.003115453,0.037915718,0.1031618,0.006573272,0.006096074,0.008527331,0.021231478,2.2849872e-05,0.5,0.000580272,0.39208925,0.5,0
2806,NODE21_processed_png/c3631.png,0.06686122,0.07476577,0.19075775,0.05285493,0.025003145,0.00505145,0.003977154,0.118181184,0.049596287,0.010785867,0.035578106,0.007768362,0.02650346,0.000851521,0.5,0.003559444,0.10288732,0.5,0
2807,NODE21_processed_png/c3196.png,0.029217007,0.08107597,0.25416952,0.105915956,0.023253523,0.027354902,0.003707945,0.043957796,0.088074595,0.010242327,0.009312194,0.007401406,0.040452864,5.5032513e-05,0.5,0.00170236,0.21584459,0.5,0
2808,NODE21_processed_png/c0083.png,0.04001603,0.057587177,0.18685952,0.079722196,0.017955557,0.013507155,0.004663039,0.03396419,0.09201533,0.010047087,0.005038898,0.007763299,0.040586483,1.6826669e-05,0.5,0.001412821,0.26819834,0.5,0
2809,NODE21_processed_png/n0880.png,0.04144993,0.07638554,0.2562038,0.074822806,0.046387184,0.007676981,0.00409468,0.04779539,0.18512908,0.00555126,0.008745605,0.008473377,0.022341123,3.9134913e-05,0.5,0.000625709,0.57358944,0.5,1
2810,NODE21_processed_png/c1164.png,0.030778252,0.028420696,0.13138828,0.031462796,0.005698458,0.014341659,0.001709225,0.027063243,0.027729472,0.009483486,0.00745164,0.007678654,0.031388953,5.071519e-05,0.5,0.002350657,0.041358616,0.5,0
2811,NODE21_processed_png/c1612.png,0.028408514,0.068007834,0.21174236,0.07883737,0.03063181,0.011697668,0.007458854,0.04458913,0.04055218,0.011690665,0.003273164,0.009048805,0.036472477,5.941199e-05,0.5,0.001112595,0.027569616,0.5,0
2812,NODE21_processed_png/n0851.png,0.040810656,0.054013047,0.17165473,0.034496807,0.024787672,0.005098087,0.002731878,0.06170232,0.0465633,0.012773857,0.035315163,0.008791963,0.036387265,0.000289838,0.5,0.003539242,0.04831996,0.5,1
2813,NODE21_processed_png/c0052.png,0.05177223,0.07033496,0.18641089,0.066912726,0.02263438,0.008023594,0.001053805,0.06232799,0.114830196,0.005288823,0.01066062,0.006099141,0.031036567,9.036867e-05,0.5,0.001642539,0.45787874,0.5,0
2814,NODE21_processed_png/c3147.png,0.04274645,0.1027485,0.22608583,0.13614187,0.04149153,0.015704315,0.007503924,0.06815786,0.13430184,0.014794561,0.009781615,0.009278227,0.030592937,4.2923133e-05,0.5,0.00048189,0.48287857,0.5,0
2815,NODE21_processed_png/c2707.png,0.04115238,0.056191087,0.17914444,0.06338136,0.019989606,0.004875822,0.002182665,0.08362488,0.08611106,0.013856269,0.016040642,0.019998373,0.066075176,1.5226667e-05,0.5,0.002715067,0.14120401,0.5,0
2816,NODE21_processed_png/c0394.png,0.054147925,0.059389353,0.1720895,0.03119599,0.028529223,0.00681977,0.004753677,0.12786734,0.047735844,0.011280344,0.041504234,0.007499523,0.030568663,0.000496383,0.5,0.003267539,0.082824074,0.5,0
2817,NODE21_processed_png/n0042.png,0.02928663,0.10546106,0.25046206,0.12565298,0.053021148,0.013330661,0.005448476,0.08430651,0.10109056,0.013189661,0.007572118,0.013813492,0.04697319,7.566736e-05,0.5,0.002593871,0.17833902,0.5,1
2818,NODE21_processed_png/c0841.png,0.09503876,0.061253794,0.2455676,0.01965676,0.052662697,0.004577622,0.000465731,0.20361656,0.14619854,0.006956357,0.029407758,0.008337478,0.040858295,0.000128497,0.5,0.005519744,0.6046709,0.5,0
2819,NODE21_processed_png/c0433.png,0.030915491,0.065336965,0.19677094,0.04707325,0.030975876,0.01862513,0.001987628,0.028826239,0.12077922,0.004587478,0.006826129,0.009692373,0.024603114,3.6415568e-05,0.5,0.002204327,0.4090943,0.5,0
2820,NODE21_processed_png/c1273.png,0.05322894,0.06021684,0.25495327,0.06036317,0.051513817,0.014416678,0.005790889,0.09549207,0.104007915,0.009371564,0.009377048,0.007184194,0.026232729,0.000124882,0.5,0.001718039,0.15687138,0.5,0
2821,NODE21_processed_png/c2366.png,0.07083423,0.07726341,0.16130807,0.16805618,0.014909374,0.06290617,0.005114166,0.10519402,0.082598835,0.014324625,0.007931471,0.013556032,0.056926396,6.602299e-05,0.5,0.003544391,0.4107004,0.5,0
2822,NODE21_processed_png/c3281.png,0.063860685,0.037862625,0.17280523,0.02346276,0.009539774,0.005836137,0.001045139,0.08275944,0.035177268,0.010385589,0.009369381,0.00768796,0.038207848,0.000127235,0.5,0.004962209,0.04422674,0.5,0
2823,NODE21_processed_png/c3526.png,0.042634383,0.0721817,0.20306917,0.054991733,0.025365368,0.016401308,0.005199492,0.04237923,0.08146,0.007331461,0.007246182,0.007350439,0.031584177,0.000106896,0.5,0.001809027,0.2136251,0.5,0
2824,NODE21_processed_png/c1736.png,0.01219726,0.09268804,0.1672047,0.110854186,0.03570697,0.006404064,0.004814635,0.03428859,0.08998995,0.012087078,0.003591192,0.011738372,0.03584696,3.2597876e-05,0.5,0.000587681,0.19576268,0.5,0
2825,NODE21_processed_png/c1091.png,0.076445855,0.033605307,0.17701373,0.030125821,0.013251582,0.011023737,0.001295012,0.06628709,0.052495275,0.00637252,0.010486348,0.005226671,0.028042829,4.1098545e-05,0.5,0.001788448,0.1520368,0.5,0
2826,NODE21_processed_png/n0507.png,0.022865586,0.109385625,0.2678,0.0846996,0.08652977,0.008997964,0.002921126,0.05385214,0.11796392,0.008137779,0.004623879,0.00860752,0.036925692,2.3563767e-05,0.5,0.001136312,0.25942388,0.5,1
2827,NODE21_processed_png/c0176.png,0.024801997,0.08779683,0.20624414,0.17438255,0.061014824,0.011430004,0.008910524,0.04638916,0.14507043,0.008798687,0.02156303,0.012791109,0.012229098,0.000268665,0.5,0.001486186,0.5093142,0.5,0
2828,NODE21_processed_png/c2623.png,0.038809977,0.05316876,0.19138975,0.15831265,0.03320478,0.045404218,0.009468491,0.047780037,0.065767445,0.014645401,0.007464505,0.009994074,0.049860682,5.606139e-05,0.5,0.00293671,0.1636231,0.5,0
2829,NODE21_processed_png/c2184.png,0.05986126,0.068501145,0.1852605,0.095312975,0.01961229,0.010209641,0.006142648,0.10707627,0.05951856,0.010857045,0.016466532,0.009457812,0.017673714,0.00017227,0.5,0.001398708,0.21490008,0.5,0
2830,NODE21_processed_png/n0166.png,0.021457784,0.09279616,0.23005347,0.056593586,0.059065115,0.002651552,0.003061638,0.08194069,0.15489236,0.00659405,0.06860628,0.007658382,0.010130548,1.671478e-05,0.5,0.000398712,0.84362847,0.5,1
2831,NODE21_processed_png/c0517.png,0.02943931,0.12984738,0.2560043,0.03494319,0.068851195,0.001317235,0.002095722,0.083452746,0.20442043,0.003305994,0.005472229,0.009188149,0.018960139,6.187743e-05,0.5,0.000520229,0.7880728,0.5,0
2832,NODE21_processed_png/c0965.png,0.06784018,0.0508721,0.15519871,0.030817641,0.009282926,0.009756373,0.00209836,0.062145155,0.037732087,0.012220548,0.009122333,0.011725106,0.055898473,7.926303e-05,0.5,0.00410221,0.1277042,0.5,0
2833,NODE21_processed_png/c1357.png,0.03429903,0.0470811,0.18434505,0.04423544,0.025243647,0.006937002,0.002998245,0.06395466,0.04474231,0.011121746,0.011442297,0.006840125,0.029285591,4.656251e-05,0.5,0.001749457,0.12796302,0.5,0
2834,NODE21_processed_png/c1882.png,0.041510325,0.046083428,0.14935336,0.038409382,0.011083998,0.007170529,0.001318762,0.047401372,0.031314515,0.005941918,0.004761536,0.007143853,0.025086127,5.0603787e-05,0.5,0.002077698,0.08772457,0.5,0
2835,NODE21_processed_png/c2242.png,0.049640365,0.1021132,0.22734907,0.05941171,0.05119605,0.012706056,0.005282377,0.14122966,0.08764802,0.010888049,0.028567312,0.010297503,0.040293798,0.000103859,0.5,0.001481667,0.35610077,0.5,0
2836,NODE21_processed_png/c2997.png,0.011560101,0.05936655,0.1863588,0.050530482,0.027209153,0.009548289,0.00494386,0.032447062,0.052520268,0.005412518,0.007028424,0.00826632,0.012740624,1.2346546e-05,0.5,0.000645179,0.13279013,0.5,0
2837,NODE21_processed_png/c3870.png,0.02720927,0.053322647,0.18325652,0.049521603,0.014518745,0.008761563,0.00357324,0.046304483,0.048193872,0.008761488,0.005270422,0.006903634,0.044095878,0.000136926,0.5,0.001178965,0.07701705,0.5,0
2838,NODE21_processed_png/c3402.png,0.05526423,0.05256753,0.16926992,0.049821213,0.007889287,0.02208098,0.001288976,0.036611456,0.065669656,0.005926659,0.006270083,0.008419829,0.033707127,2.488715e-05,0.5,0.001703406,0.26210138,0.5,0
2839,NODE21_processed_png/c3374.png,0.038910918,0.0481952,0.18381085,0.079998374,0.037892524,0.003275128,0.002050425,0.15382066,0.1319208,0.011220978,0.053521454,0.004861555,0.018876052,6.360748e-05,0.5,0.00090605,0.4864909,0.5,0
2840,NODE21_processed_png/c2293.png,0.06334381,0.031497207,0.17805712,0.052899722,0.01625486,0.04038424,0.002259146,0.022420261,0.04002387,0.004261437,0.003536249,0.010040158,0.03141795,0.000314387,0.5,0.002929309,0.05013798,0.5,0
2841,NODE21_processed_png/c2946.png,0.02957487,0.051960167,0.21661507,0.03472582,0.0431197,0.010506295,0.003594768,0.086935416,0.071339354,0.007665524,0.03947797,0.005443017,0.023411732,1.5445565e-05,0.5,0.000610145,0.24456696,0.5,0
2842,NODE21_processed_png/c2534.png,0.09898411,0.059965722,0.13513443,0.10346645,0.010748164,0.01456666,0.00192904,0.072042175,0.050808318,0.010899768,0.020450842,0.006637941,0.033582095,0.000227524,0.5,0.004864822,0.0660031,0.5,0
2843,NODE21_processed_png/c1386.png,0.025253078,0.03869652,0.17367317,0.040390544,0.026246136,0.009101783,0.006101838,0.039018374,0.054631125,0.01176646,0.016767163,0.007252875,0.025217213,7.521355e-05,0.5,0.001099278,0.11023953,0.5,0
2844,NODE21_processed_png/n1050.png,0.043604154,0.11318883,0.24962348,0.020841246,0.04930043,0.004153591,0.001851372,0.092166975,0.10415325,0.007274308,0.09832026,0.010785982,0.016716726,0.000114991,0.5,0.002078507,0.5124768,0.5,1
2845,NODE21_processed_png/c1421.png,0.012459603,0.05259815,0.16643277,0.053102728,0.010769161,0.00850579,0.002899031,0.019498654,0.038162194,0.006529567,0.006379719,0.00648597,0.026122801,2.5772192e-06,0.5,0.00073679,0.06840662,0.5,0
2846,NODE21_processed_png/c1853.png,0.034089584,0.05827783,0.17491347,0.055509277,0.016593898,0.014515364,0.003635406,0.041355383,0.053891096,0.006932046,0.006351172,0.007914872,0.02768438,6.9726243e-06,0.5,0.001001646,0.16288385,0.5,0
2847,NODE21_processed_png/c0261.png,0.034860093,0.061485812,0.19467072,0.12126585,0.016023904,0.018632762,0.008002689,0.042460598,0.09884597,0.009589467,0.006173625,0.009963314,0.051353868,0.000112531,0.5,0.001267154,0.25716847,0.5,0
2848,NODE21_processed_png/n0610.png,0.058486193,0.05050311,0.23124674,0.035091747,0.029659517,0.007270661,0.000706884,0.14759624,0.08689206,0.007902202,0.023445223,0.005354586,0.029533999,1.9371892e-05,0.5,0.001361102,0.23433141,0.5,1
2849,NODE21_processed_png/c2155.png,0.14890341,0.04963311,0.12389631,0.048370957,0.003111391,0.012202391,0.002066433,0.19986194,0.033143852,0.015112921,0.009174316,0.009716609,0.033173345,0.000151953,0.5,0.007983709,0.13939288,0.5,0
2850,NODE21_processed_png/c3715.png,0.020300819,0.09415087,0.2287865,0.15488988,0.0699589,0.044122275,0.003852944,0.073807776,0.13334008,0.010422311,0.003834264,0.018792968,0.067280576,5.3955286e-05,0.5,0.00064802,0.3619786,0.5,0
2851,NODE21_processed_png/c0600.png,0.10741254,0.06020527,0.17625077,0.059965968,0.022506395,0.025172357,0.002462489,0.07090381,0.09738633,0.008302107,0.01938158,0.00762028,0.04529448,0.00010608,0.5,0.003295179,0.30757442,0.5,0
2852,NODE21_processed_png/n1108.png,0.055245426,0.06385515,0.19029145,0.022553602,0.049031164,0.0036406,0.001458119,0.04375246,0.09499463,0.008354861,0.03028868,0.006700123,0.026595391,0.000457812,0.5,0.007020912,0.4282226,0.5,1
2853,NODE21_processed_png/c1579.png,0.04812907,0.050201938,0.16052885,0.050580442,0.00959756,0.006641909,0.000719149,0.03441957,0.049103245,0.004000346,0.00381869,0.004874883,0.028594086,1.4006318e-05,0.5,0.002337477,0.07552283,0.5,0
2854,NODE21_processed_png/c0339.png,0.033750232,0.053282242,0.17836832,0.098820746,0.016874185,0.01475843,0.002673932,0.06399738,0.05711185,0.008441919,0.011443882,0.005066369,0.026381273,1.4042631e-05,0.5,0.000866471,0.1267634,0.5,0
2855,NODE21_processed_png/c0758.png,0.024748676,0.038001753,0.1740167,0.06727821,0.017466469,0.004232522,0.003556928,0.028298456,0.050225858,0.010858863,0.0217077,0.006292888,0.028407864,3.170892e-05,0.5,0.000418337,0.10679152,0.5,0
2856,NODE21_processed_png/c1118.png,0.043086234,0.09726349,0.18470725,0.025836932,0.006297317,0.007996104,0.000906356,0.10121423,0.04043267,0.007481409,0.009767728,0.004190391,0.023603857,3.775627e-05,0.5,0.001246959,0.10747565,0.5,0
2857,NODE21_processed_png/c0789.png,0.037881523,0.07721487,0.22824253,0.107671134,0.04274572,0.012902223,0.004152972,0.086534835,0.09567925,0.009588133,0.02271336,0.012848758,0.031632993,6.707478e-05,0.5,0.002009164,0.2170206,0.5,0
2858,NODE21_processed_png/c0171.png,0.014858317,0.071104355,0.22489898,0.1054863,0.04102852,0.026600953,0.001879504,0.027321754,0.08921545,0.00409588,0.008310582,0.006833015,0.018268762,1.196501e-05,0.5,0.000351194,0.14672337,0.5,0
2859,NODE21_processed_png/c1096.png,0.045854274,0.03257584,0.12774758,0.036634024,0.01386636,0.017950935,0.007643487,0.050348874,0.033965435,0.011303593,0.03693861,0.010137414,0.033426616,0.001229415,0.5,0.003314524,0.05674053,0.5,0
2860,NODE21_processed_png/c1731.png,0.016333388,0.05772057,0.16051419,0.05802522,0.018012455,0.009939412,0.007320178,0.017906623,0.0552954,0.011123639,0.009311701,0.011678983,0.025349328,3.2043852e-05,0.5,0.002012824,0.26745594,0.5,0
2861,NODE21_processed_png/c2183.png,0.024216695,0.08783238,0.22110122,0.13880105,0.023415098,0.017685637,0.005295758,0.045549583,0.11527316,0.01052239,0.00606139,0.007958484,0.02534125,2.6066311e-05,0.5,0.000829076,0.4993314,0.5,0
2862,NODE21_processed_png/c2624.png,0.07343315,0.044761855,0.20790353,0.045419626,0.034348,0.015771376,0.001849267,0.057066876,0.08342779,0.009637484,0.021867773,0.007635177,0.04567038,0.000232136,0.5,0.003075433,0.14711559,0.5,0
2863,NODE21_processed_png/c3064.png,0.056898084,0.060953755,0.1334471,0.09083082,0.015236191,0.03417691,0.003452677,0.04268989,0.06671243,0.007752647,0.012944997,0.01490694,0.043912202,0.000214145,0.5,0.004938109,0.15140839,0.5,0
2864,NODE21_processed_png/c1885.png,0.028453398,0.06774287,0.1510045,0.038070068,0.01251988,0.025573796,0.00214623,0.066853404,0.040792286,0.007218985,0.004147832,0.008196003,0.034745336,9.6508404e-05,0.5,0.002020859,0.24782135,0.5,0
2865,NODE21_processed_png/c1350.png,0.059589352,0.043788657,0.17336276,0.09695272,0.011118739,0.023666594,0.005171263,0.0924505,0.056421697,0.012214068,0.038839377,0.005489204,0.0151627,7.787415e-05,0.5,0.003528449,0.099117264,0.5,0
2866,NODE21_processed_png/n0161.png,0.06649077,0.05320068,0.17325182,0.14169751,0.007513356,0.035093907,0.005288436,0.06360712,0.06925749,0.01373545,0.004644834,0.011167099,0.044606492,7.1693335e-05,0.5,0.002321427,0.25672168,0.5,1
2867,NODE21_processed_png/c0962.png,0.07257823,0.08553296,0.22056115,0.07869833,0.02133812,0.00729377,0.001688095,0.11561783,0.1368225,0.015377251,0.008877521,0.009158953,0.028129283,8.126057e-05,0.5,0.004372006,0.5298909,0.5,0
2868,NODE21_processed_png/c0510.png,0.055566896,0.047158584,0.12655236,0.03762093,0.005441059,0.014016615,0.00248115,0.09487433,0.029740805,0.011937491,0.006084261,0.011409609,0.040756494,0.000140572,0.5,0.002956605,0.1286331,0.5,0
2869,NODE21_processed_png/c3405.png,0.032747097,0.04056605,0.20168404,0.13640772,0.031114187,0.010744309,0.000520736,0.052418932,0.07142918,0.006552659,0.012213542,0.004255932,0.01573919,8.28155e-06,0.5,0.001241032,0.358946,0.5,0
2870,NODE21_processed_png/c3877.png,0.049219307,0.037889007,0.15700005,0.14227514,0.030596383,0.05162933,0.01106697,0.047343913,0.04927088,0.017236128,0.034556184,0.016418258,0.036579862,0.000602274,0.5,0.005490472,0.21379912,0.5,0
2871,NODE21_processed_png/c2245.png,0.057220284,0.055675626,0.19519304,0.0650276,0.03497566,0.011997289,0.004874381,0.058322847,0.052542962,0.008699945,0.029444039,0.007737261,0.021076033,0.00013696,0.5,0.002804006,0.07749149,0.5,0
2872,NODE21_processed_png/c2533.png,0.03410587,0.107693665,0.19934557,0.037404876,0.024159415,0.00599066,0.00148805,0.059503175,0.094086915,0.005097782,0.003456792,0.007093207,0.026534028,1.2192854e-05,0.5,0.001078341,0.37865594,0.5,0
2873,NODE21_processed_png/c2941.png,0.04403997,0.029508868,0.166456,0.04967937,0.022291094,0.006965766,0.003357926,0.038060628,0.061063632,0.009472811,0.024375288,0.005360552,0.022954674,0.00023426,0.5,0.001675049,0.11411784,0.5,0
2874,NODE21_processed_png/c2294.png,0.016001571,0.077949665,0.15488465,0.0805268,0.038239278,0.00705244,0.005625414,0.029906701,0.07748041,0.008559445,0.010122273,0.012369442,0.025785599,6.107673e-05,0.5,0.00050751,0.23928447,0.5,0
2875,NODE21_processed_png/c3373.png,0.034706075,0.039098874,0.14596115,0.039257694,0.00444307,0.008740019,0.001208712,0.027915811,0.03319193,0.007226325,0.001994502,0.005979249,0.043006048,1.744301e-05,0.5,0.001245002,0.07246168,0.5,0
2876,NODE21_processed_png/c1854.png,0.027780803,0.031822577,0.17385715,0.073488005,0.033076186,0.009300321,0.004806088,0.032344595,0.034763444,0.019418484,0.003804499,0.006206914,0.03895272,9.26912e-05,0.5,0.001059152,0.027382417,0.5,0
2877,NODE21_processed_png/c1426.png,0.04374605,0.043920893,0.15862069,0.025708815,0.00848222,0.002760009,0.001070537,0.116239406,0.033878084,0.011883812,0.009260285,0.004575644,0.031642295,7.882976e-05,0.5,0.001484006,0.04442162,0.5,0
2878,NODE21_processed_png/c1381.png,0.042026814,0.05262387,0.15970072,0.10927019,0.020518644,0.012760155,0.004937646,0.10027698,0.04270517,0.012129227,0.01349986,0.010766062,0.03273725,7.7541656e-05,0.5,0.003290768,0.08071052,0.5,0
2879,NODE21_processed_png/c3712.png,0.05345931,0.03253169,0.13356209,0.09470499,0.00248896,0.03649796,0.003148605,0.05703437,0.019783227,0.017179918,0.010527563,0.00606543,0.024931252,0.000153365,0.5,0.002088215,0.05276547,0.5,0
2880,NODE21_processed_png/c2152.png,0.06964204,0.08897355,0.1871202,0.11297015,0.021458002,0.010690547,0.002956396,0.1216277,0.18126708,0.01914508,0.03104982,0.015555838,0.035263453,6.870192e-05,0.5,0.008373688,0.52782035,0.5,0
2881,NODE21_processed_png/c1047.png,0.02152031,0.12076612,0.23293772,0.026897995,0.022876017,0.004092344,0.003442312,0.046075057,0.117356,0.006224089,0.003015466,0.006959681,0.03232172,1.38141695e-05,0.5,0.000781871,0.31374627,0.5,0
2882,NODE21_processed_png/c0607.png,0.042630162,0.075637065,0.20427166,0.14415252,0.032749258,0.028551178,0.012064455,0.049753085,0.12944052,0.007997186,0.009664424,0.011609532,0.037915338,5.9090264e-05,0.5,0.001110608,0.23818496,0.5,0
2883,NODE21_processed_png/n0276.png,0.08770663,0.087032974,0.19986174,0.046872854,0.010995351,0.03555898,0.003052457,0.13457973,0.11386635,0.019663109,0.006108636,0.01286168,0.08400488,2.0964639e-05,0.5,0.007065421,0.44228798,0.5,1
2884,NODE21_processed_png/c0499.png,0.02975629,0.033935882,0.18747038,0.072644085,0.024253782,0.01267813,0.004534843,0.032818,0.06289564,0.008694651,0.018310945,0.009746894,0.022234406,0.000151523,0.5,0.001827061,0.11746902,0.5,0
2885,NODE21_processed_png/c2819.png,0.062023878,0.026492013,0.11588372,0.11494544,0.007797431,0.12467802,0.003362009,0.032988954,0.018612217,0.012189721,0.008644161,0.006185735,0.03654125,0.000183136,0.5,0.002240106,0.029933954,0.5,0
2886,NODE21_processed_png/n0489.png,0.023698673,0.10399256,0.24986677,0.14775988,0.08275118,0.019797271,0.004611094,0.050848562,0.1516374,0.007452787,0.011608974,0.02232609,0.051607158,0.000440687,0.5,0.001513892,0.49723935,0.5,1
2887,NODE21_processed_png/c0029.png,0.06688759,0.058616307,0.17707266,0.11771225,0.020661766,0.06890594,0.004310421,0.06256522,0.056151576,0.010223427,0.014722186,0.01337944,0.07226856,8.056675e-05,0.5,0.006052829,0.12571007,0.5,0
2888,NODE21_processed_png/c1669.png,0.028750468,0.042459194,0.18737358,0.12947515,0.025031693,0.036937825,0.002137808,0.04023637,0.044397738,0.011992306,0.004185373,0.008391484,0.041869164,1.4497066e-05,0.5,0.000730303,0.05692731,0.5,0
2889,NODE21_processed_png/c1208.png,0.04670735,0.06319036,0.16897829,0.028918931,0.007456644,0.011395758,0.001286328,0.06850039,0.04823336,0.008338031,0.004955777,0.005869495,0.0336933,1.6589292e-05,0.5,0.003110095,0.15328099,0.5,0
2890,NODE21_processed_png/c0448.png,0.05723305,0.049224854,0.1566861,0.04720874,0.018634653,0.009137121,0.005130672,0.12456891,0.05989979,0.011514449,0.054525934,0.005543061,0.024012981,0.000594885,0.5,0.002840032,0.16253881,0.5,0
2891,NODE21_processed_png/c2658.png,0.03594867,0.040623568,0.16780126,0.107326105,0.016608812,0.016149329,0.003987346,0.049017098,0.069062255,0.013571708,0.024336003,0.00690937,0.038262427,7.773214e-05,0.5,0.001312691,0.27945563,0.5,0
2892,NODE21_processed_png/c3018.png,0.041018784,0.0982979,0.23895283,0.123402484,0.029021317,0.02719227,0.003013983,0.099839374,0.16498683,0.008862732,0.0055146,0.010362407,0.029355785,6.0493716e-05,0.5,0.002603756,0.6955612,0.5,0
2893,NODE21_processed_png/c3479.png,0.05078539,0.090970665,0.20030612,0.14752807,0.018721852,0.070156,0.002922494,0.0962232,0.10606676,0.019296424,0.004653602,0.007459493,0.060196694,1.39011545e-05,0.5,0.00235148,0.34820676,0.5,0
2894,NODE21_processed_png/c2239.png,0.04933151,0.043780345,0.14458577,0.14156453,0.007641859,0.08712067,0.01203744,0.04543617,0.027176235,0.026958428,0.010223539,0.015143789,0.063986935,0.000236011,0.5,0.001825256,0.03376125,0.5,0
2895,NODE21_processed_png/c1828.png,0.043490924,0.045571838,0.1810768,0.016165063,0.009076159,0.002546176,0.001109191,0.043109246,0.047592085,0.003943031,0.009402549,0.006905298,0.04054269,3.172577e-05,0.5,0.001656792,0.10648883,0.5,0
2896,NODE21_processed_png/c2689.png,0.06821108,0.046660304,0.17007512,0.047568608,0.007948089,0.010362538,0.003228805,0.14781974,0.0376929,0.025414752,0.03332025,0.005866814,0.025963422,0.000226892,0.5,0.001367192,0.1299891,0.5,0
2897,NODE21_processed_png/c2865.png,0.04107269,0.0670382,0.22503187,0.101159036,0.04870087,0.006431354,0.009562326,0.04495922,0.1623196,0.012724465,0.007977067,0.019308822,0.036345072,5.109699e-05,0.5,0.001517021,0.52977914,0.5,0
2898,NODE21_processed_png/c2417.png,0.069463365,0.084282845,0.17867336,0.19072933,0.027038967,0.10286463,0.004023122,0.067570485,0.06949302,0.010836461,0.011961761,0.018289967,0.049951907,0.000275393,0.5,0.003519855,0.14910598,0.5,0
2899,NODE21_processed_png/c3257.png,0.04569973,0.044866253,0.2154248,0.07467942,0.008462235,0.016277518,0.007210465,0.05656688,0.0425188,0.012357101,0.012286959,0.005398578,0.024347544,6.2081395e-05,0.5,0.001408287,0.053244457,0.5,0
2900,NODE21_processed_png/c0897.png,0.01969066,0.09636873,0.21346508,0.07777438,0.01974178,0.004964163,0.002177461,0.06445067,0.06434175,0.004478436,0.001515734,0.009307088,0.017859513,1.4393527e-05,0.5,0.000468068,0.11247547,0.5,0
2901,NODE21_processed_png/n0094.png,0.057499174,0.061220177,0.20492508,0.065936424,0.03632486,0.024414979,0.007710074,0.038500402,0.051393606,0.006020596,0.007508819,0.019293198,0.037379075,0.00029462,0.5,0.004821527,0.047642518,0.5,1
2902,NODE21_processed_png/n0733.png,0.06243766,0.08271327,0.20550618,0.14223117,0.04193268,0.029297411,0.015143877,0.08058096,0.12234301,0.016440384,0.022766266,0.018520176,0.035772312,0.000838792,0.5,0.005038035,0.44163853,0.5,1
2903,NODE21_processed_png/c1502.png,0.04482163,0.06456696,0.15285197,0.074600086,0.018649645,0.008309003,0.001758257,0.12126425,0.045494553,0.007337446,0.009849302,0.007621784,0.022117842,5.8736332e-05,0.5,0.002157786,0.19486819,0.5,0
2904,NODE21_processed_png/c1970.png,0.0770128,0.043465707,0.2217507,0.036579028,0.044297103,0.01568292,0.00057084,0.1174507,0.12163427,0.007911818,0.023051888,0.007812751,0.04324849,0.000125426,0.5,0.006273359,0.46219635,0.5,0
2905,NODE21_processed_png/c3191.png,0.026861686,0.05425561,0.17954005,0.021455176,0.006492643,0.002620812,0.001623268,0.03609063,0.048508324,0.009187728,0.002706188,0.006659959,0.050447706,3.5553374e-05,0.5,0.001419575,0.041325975,0.5,0
2906,NODE21_processed_png/c3636.png,0.053585712,0.05267455,0.14676762,0.08490243,0.011556663,0.029143007,0.009468371,0.060144383,0.05105254,0.014277247,0.012879322,0.008662501,0.030069612,8.7698965e-05,0.5,0.002668853,0.1389264,0.5,0
2907,NODE21_processed_png/c2076.png,0.040450122,0.036592476,0.15280023,0.0580057,0.023499763,0.015796032,0.003308315,0.039067477,0.053214867,0.009624278,0.01998956,0.010665764,0.028772216,0.000416678,0.5,0.004382059,0.12877983,0.5,0
2908,NODE21_processed_png/c1163.png,0.05237479,0.047744222,0.1923429,0.04172103,0.008199326,0.02446047,0.00746467,0.03256375,0.037455194,0.01053046,0.008410756,0.005901771,0.022241518,8.587551e-05,0.5,0.003421044,0.040088683,0.5,0
2909,NODE21_processed_png/c0084.png,0.04450526,0.049228266,0.1518906,0.07791538,0.013858135,0.025671873,0.001396014,0.028583974,0.06740414,0.00607479,0.007253065,0.006945074,0.03739014,0.000110462,0.5,0.003029209,0.17918198,0.5,0
2910,NODE21_processed_png/c0723.png,0.02104888,0.08209083,0.16016148,0.04527613,0.022534208,0.007601257,0.002462263,0.05617776,0.08411135,0.005663274,0.005001497,0.005625965,0.011378018,3.4328423e-05,0.5,0.000426837,0.32694396,0.5,0
2911,NODE21_processed_png/c0055.png,0.03496873,0.06531903,0.19472678,0.015277605,0.020634178,0.002826949,0.002237265,0.052931964,0.06582552,0.005399889,0.007844952,0.004379404,0.027768306,2.1800506e-05,0.5,0.001505499,0.16708292,0.5,0
2912,NODE21_processed_png/c1615.png,0.035966467,0.029305639,0.15731068,0.03324266,0.01342166,0.005899646,0.001627162,0.044290673,0.049586523,0.00937588,0.008938139,0.006577803,0.028084604,4.4751952e-05,0.5,0.001459766,0.11587503,0.5,0
2913,NODE21_processed_png/c2700.png,0.038555898,0.043477014,0.19229116,0.07598536,0.017277515,0.016773563,0.001617997,0.048877053,0.03566064,0.007269728,0.016405169,0.007455637,0.028596759,0.000295866,0.5,0.002340161,0.031148355,0.5,0
2914,NODE21_processed_png/c3140.png,0.059843935,0.07649357,0.22982146,0.09573283,0.03701471,0.013179865,0.004154566,0.055527467,0.20385675,0.006522764,0.015680565,0.010808395,0.018542232,0.000280226,0.5,0.002025152,0.6505574,0.5,0
2915,NODE21_processed_png/c1274.png,0.1123066,0.056238838,0.16306014,0.15405692,0.016951693,0.14806373,0.004082767,0.05743116,0.05135966,0.008800879,0.010147989,0.011788741,0.040750343,0.00044513,0.5,0.007651288,0.079705894,0.5,0
2916,NODE21_processed_png/c0434.png,0.08992921,0.058727834,0.22634064,0.05152056,0.040189262,0.006319279,0.001393124,0.085832685,0.16252232,0.008804714,0.030319985,0.010159195,0.034062866,0.000211596,0.5,0.004860268,0.3926659,0.5,0
2917,NODE21_processed_png/c0846.png,0.07050027,0.049142737,0.17337036,0.0529179,0.016812123,0.012241973,0.002581491,0.038961463,0.03772972,0.009472154,0.003224832,0.014657887,0.058456402,0.000121276,0.5,0.00443711,0.04820019,0.5,0
2918,NODE21_processed_png/c0393.png,0.013852748,0.055337824,0.15597817,0.050811313,0.012653929,0.00618443,0.002596925,0.034400124,0.036612652,0.007431039,0.006178436,0.007702501,0.017354148,1.6412263e-05,0.5,0.000920251,0.101427704,0.5,0
2919,NODE21_processed_png/c3521.png,0.020759046,0.17647,0.21060461,0.06457673,0.07396391,0.007218112,0.00315727,0.07057933,0.31978837,0.004902612,0.016970713,0.01372112,0.016228195,4.0838622e-05,0.5,0.000433986,0.91130805,0.5,0
2920,NODE21_processed_png/c3286.png,0.055443782,0.040493056,0.18377325,0.04721335,0.024248477,0.01705225,0.003766902,0.08029035,0.0739545,0.018832667,0.037011914,0.007746776,0.02873147,0.000320879,0.5,0.004279864,0.2355088,0.5,0
2921,NODE21_processed_png/c2361.png,0.101417966,0.07739769,0.15129432,0.13203782,0.013014028,0.027075522,0.000959432,0.2182813,0.07847237,0.011726319,0.005115727,0.008627599,0.06850086,2.5672187e-05,0.5,0.006405813,0.25447112,0.5,0
2922,NODE21_processed_png/c3080.png,0.04062833,0.029246232,0.13586372,0.28508994,0.004468889,0.20038445,0.00345865,0.03277258,0.020334518,0.013381492,0.003273692,0.008852134,0.032280926,4.982988e-05,0.5,0.003788978,0.024929702,0.5,0
2923,NODE21_processed_png/c3727.png,0.028910572,0.07131773,0.25753766,0.02312903,0.06889077,0.003476331,0.000600313,0.06693314,0.18593097,0.003183096,0.03280419,0.005384715,0.009393171,1.5601641e-05,0.5,0.000431152,0.7617606,0.5,0
2924,NODE21_processed_png/c2167.png,0.045544103,0.06019388,0.20480365,0.049280964,0.031962328,0.011436569,0.005364431,0.06843282,0.070958026,0.01148338,0.009700046,0.012224336,0.046227977,0.000121026,0.5,0.003829082,0.13017567,0.5,0
2925,NODE21_processed_png/c1072.png,0.053363055,0.07152751,0.14932697,0.20740208,0.019821715,0.09901149,0.002081777,0.07026803,0.05456959,0.008952372,0.002638402,0.011930332,0.044442225,3.9041424e-05,0.5,0.002144862,0.1054026,0.5,0
2926,NODE21_processed_png/c0195.png,0.07452804,0.06402968,0.15883802,0.15004686,0.01001884,0.016120177,0.004778696,0.09682544,0.046352353,0.011387961,0.011838433,0.017035,0.037254572,0.000215348,0.5,0.002423691,0.086018786,0.5,0
2927,NODE21_processed_png/c0632.png,0.015900228,0.10408562,0.20003726,0.07001034,0.031689905,0.021677842,0.003598704,0.03553727,0.11737868,0.006735445,0.005505205,0.008699195,0.028358461,2.1085525e-05,0.5,0.001032728,0.28447962,0.5,0
2928,NODE21_processed_png/c2506.png,0.041657276,0.07929191,0.20055692,0.11239526,0.04336856,0.013900114,0.006408951,0.076472245,0.15639874,0.010699335,0.018070567,0.007214187,0.02568551,6.517966e-05,0.5,0.001402942,0.5280769,0.5,0
2929,NODE21_processed_png/c2974.png,0.035242777,0.05339031,0.13962227,0.10127506,0.01795116,0.013941065,0.00131457,0.05299328,0.04077092,0.010003331,0.011660301,0.005596261,0.03078637,0.000223553,0.5,0.003853823,0.055023763,0.5,0
2930,NODE21_processed_png/c3893.png,0.04321743,0.042654715,0.13724324,0.3704363,0.01578817,0.16376866,0.010409013,0.074461915,0.04536419,0.02236501,0.015652318,0.010047415,0.048669938,0.000110885,0.5,0.001833393,0.06954106,0.5,0
2931,NODE21_processed_png/c3346.png,0.058670297,0.05035219,0.18811771,0.03406851,0.030410878,0.007988814,0.002003497,0.061089836,0.092163384,0.008322879,0.010855182,0.006630501,0.04824563,3.6801084e-05,0.5,0.002070741,0.26703653,0.5,0
2932,NODE21_processed_png/n0185.png,0.042172235,0.046658248,0.19696406,0.0782123,0.046496794,0.03235333,0.004646781,0.05959671,0.07509157,0.010169291,0.040599536,0.008413387,0.031171903,0.000209706,0.5,0.003223302,0.12932336,0.5,1
2933,NODE21_processed_png/c0986.png,0.04316686,0.05766379,0.19062063,0.065561324,0.034197416,0.012039819,0.002822613,0.062336165,0.11459339,0.010048979,0.03242843,0.007793656,0.0349913,0.000241451,0.5,0.001799035,0.5992018,0.5,0
2934,NODE21_processed_png/n0622.png,0.043346953,0.067146376,0.18808272,0.06726331,0.04188625,0.010932179,0.003900089,0.08071103,0.101085156,0.012284117,0.014608623,0.007923772,0.030987464,7.8466546e-05,0.5,0.00099472,0.25595647,0.5,1
2935,NODE21_processed_png/c1861.png,0.025477586,0.14816757,0.22123797,0.04326956,0.048217047,0.007160658,0.002548531,0.060226984,0.14324053,0.005832487,0.004912268,0.012867748,0.06057066,4.587783e-05,0.5,0.001075248,0.5109614,0.5,0
2936,NODE21_processed_png/c1413.png,0.030504087,0.05757335,0.24060476,0.041992556,0.033688333,0.004448152,0.001648321,0.059025858,0.124214545,0.011343689,0.011816289,0.006419333,0.026683472,1.6543667e-05,0.5,0.000868962,0.4491904,0.5,0
2937,NODE21_processed_png/c1365.png,0.021263415,0.06800702,0.2403021,0.035333253,0.041391816,0.007997087,0.004814916,0.02290719,0.101802506,0.003722171,0.007054313,0.01217992,0.022884022,4.5649147e-05,0.5,0.00090445,0.23029658,0.5,0
2938,NODE21_processed_png/c0957.png,0.023113126,0.084839724,0.23003186,0.12925291,0.08067758,0.010400276,0.006594494,0.07007207,0.22902387,0.010762635,0.014166033,0.011931219,0.030606074,5.814254e-05,0.5,0.000753556,0.8292557,0.5,0
2939,NODE21_processed_png/c0525.png,0.046430327,0.032413293,0.18839787,0.079209596,0.025845375,0.019409655,0.003752519,0.043024767,0.07971641,0.012075868,0.018292483,0.010294374,0.03393586,0.000205048,0.5,0.002473192,0.16264924,0.5,0
2940,NODE21_processed_png/n0154.png,0.04908566,0.0888522,0.18503568,0.08519482,0.04156745,0.022304442,0.001586804,0.07221151,0.09118165,0.012061401,0.006562685,0.012183694,0.050317105,5.4508862e-05,0.5,0.004175715,0.36468565,0.5,1
2941,NODE21_processed_png/c0282.png,0.06465596,0.04687256,0.15610532,0.12069442,0.009504024,0.037623767,0.00406852,0.09667721,0.05936495,0.012009745,0.019560201,0.012963904,0.04838042,5.4991495e-05,0.5,0.003127894,0.32636502,0.5,0
2942,NODE21_processed_png/c3430.png,0.052585226,0.08039384,0.1452446,0.07186467,0.004832567,0.018721031,0.002645448,0.12899423,0.0470045,0.009350183,0.00856973,0.006447178,0.024485886,1.5164238e-05,0.5,0.001558686,0.14027975,0.5,0
2943,NODE21_processed_png/c3842.png,0.049744967,0.03238166,0.16844101,0.04732257,0.039566766,0.03476104,0.001649603,0.04938902,0.048152454,0.006981113,0.019849729,0.008468684,0.03465883,0.000120317,0.5,0.004212323,0.07407585,0.5,0
2944,NODE21_processed_png/c3397.png,0.04337555,0.061716687,0.22871,0.07127228,0.027763631,0.01447182,0.005345054,0.07095419,0.1234295,0.011916512,0.032575946,0.00631284,0.02146077,9.608811e-05,0.5,0.000984036,0.29648003,0.5,0
2945,NODE21_processed_png/c2270.png,0.044663616,0.045069426,0.18588664,0.04219047,0.0320871,0.009279525,0.003550333,0.059019063,0.066372246,0.017538976,0.024044171,0.009286319,0.05533098,0.00012095,0.5,0.001573118,0.23442712,0.5,0
2946,NODE21_processed_png/n0947.png,0.049824376,0.069606505,0.2114326,0.07256493,0.047707662,0.010992829,0.008771369,0.07846,0.11138879,0.012580214,0.019354882,0.015976537,0.025048414,0.000280655,0.5,0.001828562,0.35147893,0.5,1
2947,NODE21_processed_png/c1704.png,0.031285897,0.026520193,0.16316858,0.027983293,0.032422904,0.011640502,0.001013154,0.04414446,0.03962462,0.009523748,0.03746716,0.004930821,0.021359492,0.000103614,0.5,0.001794922,0.052600022,0.5,0
2948,NODE21_processed_png/c2611.png,0.03904714,0.045706227,0.1627224,0.093112335,0.026779193,0.03432452,0.005580358,0.043821484,0.058005743,0.02010517,0.015887232,0.012372984,0.05070382,0.000161766,0.5,0.004894899,0.18380487,0.5,0
2949,NODE21_processed_png/c3051.png,0.036307722,0.06638681,0.1887015,0.09747804,0.010424933,0.007721756,0.00296771,0.061594784,0.06486002,0.01273992,0.002925749,0.004855387,0.029901778,2.1038044e-05,0.5,0.001061837,0.31534314,0.5,0
2950,NODE21_processed_png/c3568.png,0.038801465,0.051434204,0.25031808,0.036302365,0.03126858,0.004032248,0.001537639,0.065818965,0.10747537,0.005178889,0.00793454,0.006056345,0.017309498,0.000102169,0.5,0.001274131,0.16735935,0.5,0
2951,NODE21_processed_png/c2328.png,0.052428786,0.07000771,0.21268362,0.082033485,0.030787371,0.008712571,0.003964566,0.0506504,0.11630421,0.009709832,0.012328573,0.008258218,0.027100565,3.008941e-05,0.5,0.00093108,0.39739487,0.5,0
2952,NODE21_processed_png/c2749.png,0.09254623,0.066112176,0.130458,0.13978611,0.011298637,0.04725814,0.002068004,0.07052027,0.06923469,0.01318711,0.007464801,0.009426278,0.09227747,7.09206e-05,0.5,0.004257814,0.2516797,0.5,0
2953,NODE21_processed_png/c3109.png,0.0287597,0.04186765,0.1450821,0.14296189,0.009019267,0.013366461,0.002607859,0.046393123,0.051596295,0.009767242,0.007154782,0.004685037,0.025311936,3.1729218e-05,0.5,0.001150962,0.06333642,0.5,0
2954,NODE21_processed_png/c2798.png,0.03514296,0.04156805,0.20058791,0.08010102,0.013343244,0.031655613,0.01024833,0.04949502,0.039302822,0.016404986,0.00949715,0.01185645,0.035231132,5.8431575e-05,0.5,0.003555986,0.027140368,0.5,0
2955,NODE21_processed_png/c1939.png,0.015310246,0.08594647,0.20598334,0.03688504,0.012443848,0.006739305,0.002776658,0.030166075,0.083798386,0.006032091,0.005009736,0.004642036,0.017879544,7.868542e-06,0.5,0.000458268,0.11416342,0.5,0
2956,NODE21_processed_png/n0598.png,0.050697774,0.04177184,0.23690493,0.058424708,0.047440328,0.006048098,0.000586759,0.095612325,0.094367705,0.006083338,0.036245897,0.003526755,0.03492275,0.000237302,0.5,0.002091899,0.15232441,0.5,1
2957,NODE21_processed_png/c0588.png,0.019906728,0.043716058,0.15558562,0.112620875,0.028206224,0.067986734,0.001282364,0.017568825,0.038400166,0.003560652,0.004512055,0.006838087,0.029911349,3.745599e-05,0.5,0.00170617,0.023509722,0.5,0
2958,NODE21_processed_png/c2908.png,0.049148757,0.036041442,0.13714394,0.09706675,0.006530584,0.022002283,0.003785088,0.0385111,0.029642584,0.007435873,0.011000002,0.009824316,0.04405021,0.00015851,0.5,0.002075113,0.044975754,0.5,0
2959,NODE21_processed_png/c1319.png,0.02489681,0.072426505,0.2038563,0.061431084,0.031549823,0.005067594,0.004570843,0.035254262,0.10239106,0.006489101,0.005014376,0.008418852,0.021851096,2.680193e-05,0.5,0.00093932,0.18357457,0.5,0
2960,NODE21_processed_png/c0559.png,0.053130988,0.09443603,0.27468503,0.0956326,0.07409042,0.015040032,0.001999921,0.06308373,0.19796173,0.006294791,0.013727143,0.009980286,0.02294271,1.6345317e-05,0.5,0.000863677,0.6454038,0.5,0
2961,NODE21_processed_png/c0138.png,0.045640025,0.080107585,0.1985946,0.20622806,0.023459703,0.0763186,0.002909757,0.061828867,0.084663354,0.007530096,0.003750336,0.009253412,0.04422376,8.064838e-05,0.5,0.001505989,0.21887393,0.5,0
2962,NODE21_processed_png/c1778.png,0.031092275,0.08888164,0.1640317,0.11955529,0.011477298,0.007856491,0.005654054,0.09349833,0.089705355,0.0075639,0.005843544,0.007252477,0.011553824,1.1270341e-05,0.5,0.000399424,0.25441635,0.5,0
2963,NODE21_processed_png/c1994.png,0.020931803,0.049878214,0.18986766,0.09966748,0.030477626,0.007789833,0.004223762,0.022720102,0.08147918,0.007956706,0.003348403,0.008311735,0.027857373,1.4565482e-05,0.5,0.001293221,0.4208293,0.5,0
2964,NODE21_processed_png/c1241.png,0.03525254,0.11271707,0.24113154,0.099079356,0.075373664,0.006755077,0.010420177,0.080061,0.19447257,0.010330614,0.014763278,0.021856325,0.025483482,7.337215e-05,0.5,0.000718859,0.7357334,0.5,0
2965,NODE21_processed_png/c0401.png,0.05977917,0.052171614,0.17670508,0.059745617,0.020865012,0.010273914,0.001434431,0.06155034,0.089711346,0.010626117,0.022388596,0.011097197,0.033121344,8.229256e-05,0.5,0.005909837,0.26634237,0.5,0
2966,NODE21_processed_png/c0873.png,0.058401104,0.08417127,0.18877737,0.1150893,0.03638384,0.051402554,0.003884777,0.07756629,0.12786561,0.018822353,0.006632503,0.018876832,0.0818111,0.00019914,0.5,0.004678243,0.48203897,0.5,0
2967,NODE21_processed_png/n0070.png,0.048892662,0.09815646,0.27888224,0.042130467,0.037840616,0.009970256,0.004448455,0.09623225,0.07157701,0.006911801,0.011876276,0.011485399,0.035009187,0.000117763,0.5,0.001904617,0.061156407,0.5,1
2968,NODE21_processed_png/c3514.png,0.060286153,0.03267517,0.19170319,0.02130199,0.016635956,0.007919065,0.003936929,0.049714644,0.033761557,0.009245681,0.059353992,0.005221547,0.018564854,0.000308506,0.5,0.002457149,0.06673735,0.5,0
2969,NODE21_processed_png/c2881.png,0.04211002,0.053072415,0.21136688,0.056608934,0.045637056,0.013424043,0.002727751,0.06831511,0.12928952,0.008032993,0.008052689,0.009792984,0.026762266,2.5296153e-05,0.5,0.00160495,0.30607367,0.5,0
2970,NODE21_processed_png/c2354.png,0.06312697,0.059595797,0.15845227,0.1166136,0.024117101,0.03273436,0.002613513,0.051087383,0.08192288,0.010129688,0.009411396,0.010182788,0.052644663,0.000195203,0.5,0.004347852,0.20416404,0.5,0
2971,NODE21_processed_png/c0060.png,0.050346,0.038045656,0.15484557,0.07209898,0.014435173,0.008899345,0.002571019,0.07609457,0.054288484,0.020039909,0.018274045,0.011943016,0.057892986,0.000367333,0.5,0.007984604,0.12051804,0.5,0
2972,NODE21_processed_png/n0411.png,0.06813845,0.07312909,0.17018414,0.17935744,0.05259796,0.07296344,0.00660147,0.06772308,0.07684048,0.015335278,0.031150073,0.025410531,0.09750125,0.000876352,0.5,0.004334679,0.09191504,0.5,1
2973,NODE21_processed_png/n0863.png,0.07693968,0.060035225,0.1987131,0.01979763,0.013041045,0.007260625,0.001183169,0.07852249,0.10034566,0.006516843,0.015273626,0.00890927,0.030493408,0.000238961,0.5,0.006503139,0.43082583,0.5,1
2974,NODE21_processed_png/c1187.png,0.037074685,0.024800545,0.15243092,0.04538657,0.010055611,0.004806229,0.004139277,0.03455587,0.036513183,0.009174553,0.012275902,0.005578407,0.024785504,9.503534e-05,0.5,0.001549204,0.08603617,0.5,0
2975,NODE21_processed_png/c1620.png,0.031266488,0.062131148,0.21609324,0.034590628,0.018473405,0.006912884,0.001664872,0.021733008,0.053961705,0.007427882,0.001561131,0.005145743,0.053669225,2.0867958e-05,0.5,0.000943607,0.08097437,0.5,0
2976,NODE21_processed_png/c2092.png,0.01814965,0.05184008,0.17910346,0.06953581,0.029742362,0.007999152,0.003666326,0.029310934,0.076828085,0.01305526,0.004510148,0.007598462,0.037964676,8.3552666e-05,0.5,0.000620753,0.2140537,0.5,0
2977,NODE21_processed_png/c2735.png,0.061353758,0.018192444,0.12732121,0.037925076,0.004262643,0.01515879,0.001327737,0.041617572,0.025384113,0.008628854,0.018656958,0.005927444,0.028282102,0.000344651,0.5,0.001513265,0.04115608,0.5,0
2978,NODE21_processed_png/c3175.png,0.034770846,0.029968409,0.1188926,0.03177359,0.007998725,0.004839093,0.001291809,0.045082357,0.028049408,0.009037084,0.014136708,0.005920048,0.015798133,0.000214041,0.5,0.003415934,0.02704639,0.5,0
2979,NODE21_processed_png/c3603.png,0.0422144,0.05167273,0.15294312,0.07499207,0.005712996,0.010121184,0.001767795,0.03465471,0.0287345,0.006099783,0.014044929,0.005745797,0.030680528,2.3797953e-05,0.5,0.001098996,0.05360409,0.5,0
2980,NODE21_processed_png/c1156.png,0.086635835,0.04936926,0.118455596,0.055051308,0.001894528,0.016768273,0.00114758,0.06899452,0.027138744,0.015657514,0.002714231,0.006425826,0.050987165,1.4953409e-05,0.5,0.006253749,0.08326643,0.5,0
2981,NODE21_processed_png/c0716.png,0.0423111,0.034850605,0.1889879,0.025413001,0.024309587,0.006821256,0.003295421,0.053961273,0.049188003,0.01229171,0.025523206,0.005819598,0.033552434,0.000707575,0.5,0.003624599,0.08448861,0.5,0
2982,NODE21_processed_png/c2850.png,0.04842639,0.05965267,0.21267189,0.08237953,0.025120175,0.022781584,0.011173983,0.039249245,0.058173954,0.014193355,0.004085296,0.013848974,0.06353208,9.993728e-05,0.5,0.003785959,0.11468827,0.5,0
2983,NODE21_processed_png/c2385.png,0.016608069,0.09523523,0.25951222,0.12701559,0.08792488,0.006220407,0.003677496,0.036738195,0.2281159,0.009245035,0.008048497,0.013016749,0.015196197,3.325661e-05,0.5,0.001235978,0.522325,0.5,0
2984,NODE21_processed_png/c3262.png,0.027696516,0.05847795,0.17817585,0.06608865,0.010027465,0.01432571,0.003591349,0.026612366,0.045481145,0.006546787,0.004583808,0.007707545,0.040452715,1.4565162e-05,0.5,0.000550274,0.15247883,0.5,0
2985,NODE21_processed_png/c0377.png,0.047042456,0.08860262,0.22062315,0.08787676,0.032600753,0.014215352,0.003783769,0.07743808,0.11474016,0.006030585,0.014858745,0.006567822,0.022238748,2.440801e-05,0.5,0.000485568,0.25267395,0.5,0
2986,NODE21_processed_png/c1537.png,0.053374354,0.046488684,0.22950976,0.020111574,0.04536814,0.004236057,0.002109725,0.06576542,0.09458556,0.005958495,0.04814664,0.006116787,0.024219787,0.000208426,0.5,0.002174947,0.20495063,0.5,0
2987,NODE21_processed_png/c1945.png,0.023126947,0.026365712,0.12336675,0.07572808,0.011376834,0.017390387,0.001963506,0.051913604,0.03244356,0.008189068,0.027499275,0.005888471,0.015500381,8.0338206e-05,0.5,0.003432126,0.06211831,0.5,0
2988,NODE21_processed_png/c1290.png,0.04995164,0.057370353,0.19565731,0.18705387,0.033288505,0.13960245,0.004625402,0.041622337,0.058797117,0.014134582,0.003752115,0.012667631,0.08092767,0.000110198,0.5,0.004869224,0.091114946,0.5,0
2989,NODE21_processed_png/n0238.png,0.050930563,0.0488475,0.20221229,0.029918188,0.022487333,0.003284558,0.000825205,0.08153146,0.06869475,0.005720108,0.033623446,0.004209295,0.026068816,8.45957e-05,0.5,0.00177747,0.15603925,0.5,1
2990,NODE21_processed_png/c0649.png,0.03155556,0.04128402,0.23039095,0.074098736,0.03275628,0.010043471,0.003571471,0.04982869,0.10925761,0.012553326,0.015694115,0.006532635,0.024756199,9.712595e-05,0.5,0.003298845,0.33056766,0.5,0
2991,NODE21_processed_png/c1009.png,0.026401753,0.054453976,0.15147981,0.11811369,0.022192545,0.008569413,0.002715219,0.08158548,0.05063061,0.009175401,0.025039494,0.008494703,0.030787038,0.000257038,0.5,0.001145938,0.14219593,0.5,0
2992,NODE21_processed_png/c1468.png,0.019713257,0.034846578,0.17881389,0.059508648,0.024844728,0.005517016,0.002861623,0.027984258,0.073175825,0.012249551,0.007927536,0.006571195,0.03006308,1.9855095e-05,0.5,0.001923887,0.21987803,0.5,0
2993,NODE21_processed_png/n1019.png,0.06979301,0.11334422,0.2202856,0.16096395,0.026145324,0.041235115,0.002261731,0.15328135,0.11706363,0.015134173,0.01306749,0.008220159,0.044246696,5.7434572e-05,0.5,0.001906673,0.6605679,0.5,1
2994,NODE21_processed_png/n0659.png,0.036419038,0.09496086,0.21942997,0.09303942,0.016710047,0.025121272,0.002342701,0.05867662,0.10753016,0.008144809,0.005984228,0.011074833,0.03675052,2.7865875e-05,0.5,0.001203868,0.5715294,0.5,1
2995,NODE21_processed_png/c3839.png,0.039805237,0.04868375,0.16558726,0.18758008,0.019654268,0.0659438,0.002200629,0.08171623,0.087492675,0.01155947,0.012273919,0.011274796,0.028797299,4.7264028e-05,0.5,0.004520874,0.49600813,0.5,0
2996,NODE21_processed_png/n0688.png,0.047361087,0.05719136,0.2913181,0.03488273,0.058154576,0.004766862,0.001780469,0.14873797,0.11782402,0.013005164,0.029067054,0.006704389,0.026118446,0.000123214,0.5,0.001956597,0.1844352,0.5,1
2997,NODE21_processed_png/c0698.png,0.016436007,0.038086377,0.16136235,0.060573693,0.02266614,0.008646586,0.002936052,0.01784227,0.03991933,0.01043921,0.003071209,0.008602737,0.038387205,1.9513678e-05,0.5,0.000399177,0.055977672,0.5,0
2998,NODE21_processed_png/c0874.png,0.020252256,0.062151987,0.19636142,0.10785006,0.030651005,0.005352145,0.004154909,0.048062496,0.08025785,0.007641729,0.010941751,0.007257504,0.013159266,2.909837e-05,0.5,0.000380723,0.4105531,0.5,0
2999,NODE21_processed_png/c0406.png,0.06338227,0.055183265,0.17648236,0.11750278,0.012789669,0.057134826,0.004310253,0.042542372,0.07462645,0.006256538,0.004522208,0.013807338,0.047475215,5.9700447e-05,0.5,0.004324073,0.25290477,0.5,0
3000,NODE21_processed_png/n0077.png,0.05796844,0.04151109,0.20887014,0.026757658,0.02627526,0.003393484,0.001424771,0.07603165,0.06925702,0.013122418,0.015417218,0.007265704,0.03280134,0.000116008,0.5,0.004512928,0.18480012,0.5,1
3001,NODE21_processed_png/c1246.png,0.051270682,0.06359614,0.15045208,0.11602267,0.005968487,0.024735287,0.00524174,0.068947226,0.057693135,0.014004654,0.017223546,0.010252804,0.027870698,3.202296e-05,0.5,0.00247892,0.60518736,0.5,0
3002,NODE21_processed_png/c1993.png,0.045119125,0.04331397,0.14458814,0.050902035,0.007620101,0.006730891,0.003628045,0.04081262,0.048384618,0.017815072,0.01809377,0.006046358,0.022518506,0.000100939,0.5,0.001977637,0.13133366,0.5,0
3003,NODE21_processed_png/c2353.png,0.03301382,0.07407409,0.19852598,0.0539204,0.043432556,0.003094087,0.001652925,0.07826889,0.1598447,0.00565626,0.011825863,0.009985379,0.015973244,0.000105395,0.5,0.001008815,0.72835577,0.5,0
3004,NODE21_processed_png/c2886.png,0.041854724,0.10142621,0.2372764,0.094550095,0.04291556,0.00528084,0.006134866,0.06057438,0.17352057,0.00849286,0.021638632,0.014775257,0.017805891,7.7358425e-05,0.5,0.001075347,0.6575862,0.5,0
3005,NODE21_processed_png/c3513.png,0.052607976,0.05245926,0.16225287,0.079253174,0.018004052,0.013420052,0.001491649,0.06166614,0.038515076,0.007801673,0.005340314,0.012816247,0.04239093,0.00046642,0.5,0.005110547,0.057351075,0.5,0
3006,NODE21_processed_png/c1627.png,0.061660055,0.074935764,0.14142019,0.055206966,0.010398925,0.021468135,0.002025243,0.049574062,0.0739866,0.007264221,0.005510123,0.009459686,0.043302033,6.0059334e-05,0.5,0.003309831,0.26581824,0.5,0
3007,NODE21_processed_png/c1180.png,0.058849107,0.034845937,0.17133787,0.06465268,0.011513143,0.010486427,0.0044885,0.09393972,0.039488282,0.014286051,0.018968077,0.008221807,0.022460427,0.00010592,0.5,0.001419329,0.0885761,0.5,0
3008,NODE21_processed_png/c0067.png,0.06215355,0.07258327,0.24239646,0.0544852,0.03734794,0.024285603,0.006137247,0.034253366,0.08585388,0.011014747,0.007758554,0.008464653,0.03457964,0.000104896,0.5,0.003472595,0.14744136,0.5,0
3009,NODE21_processed_png/n0416.png,0.047570206,0.04729218,0.20131505,0.022970736,0.04133632,0.003198558,0.000817029,0.11182439,0.077157006,0.00654693,0.025467968,0.005473636,0.030369313,0.000211795,0.5,0.00219736,0.14819407,0.5,1
3010,NODE21_processed_png/c3172.png,0.06353036,0.050416596,0.20642559,0.01507636,0.02618638,0.003686353,0.000752498,0.0749578,0.08524862,0.008684343,0.025079515,0.009781705,0.0573554,0.000167294,0.5,0.003389636,0.35080308,0.5,0
3011,NODE21_processed_png/c2732.png,0.030576736,0.068671696,0.26764005,0.06751341,0.09946046,0.015297434,0.007729461,0.048503444,0.09763115,0.011451305,0.008416444,0.012856525,0.02406848,0.000205851,0.5,0.002992329,0.14925067,0.5,0
3012,NODE21_processed_png/c2095.png,0.02098423,0.03960779,0.16685517,0.057523716,0.038623136,0.004073123,0.003378011,0.07213704,0.08193341,0.011390077,0.022371627,0.008403568,0.021786308,4.8851824e-05,0.5,0.000949227,0.20810176,0.5,0
3013,NODE21_processed_png/c2044.png,0.049237043,0.108350515,0.16457736,0.2936026,0.014633183,0.05876314,0.004969657,0.11889102,0.07844279,0.03742414,0.005347007,0.009974531,0.041627735,9.159537e-06,0.5,0.001311317,0.18282443,0.5,0
3014,NODE21_processed_png/c3604.png,0.037292648,0.06903231,0.20589118,0.30868244,0.023488944,0.10359146,0.004655189,0.0600967,0.07909744,0.009486989,0.010369131,0.013191763,0.029383129,0.000152844,0.5,0.002901949,0.14570233,0.5,0
3015,NODE21_processed_png/c0711.png,0.057547566,0.114702895,0.20798737,0.19529215,0.03100725,0.08835397,0.006410913,0.15171659,0.14641847,0.014581908,0.0193232,0.014660104,0.039264683,0.000121048,0.5,0.001765725,0.622995,0.5,0
3016,NODE21_processed_png/c1151.png,0.027549757,0.056828137,0.16989386,0.10711137,0.010353048,0.017659763,0.001748063,0.020049082,0.06588625,0.004696742,0.007815411,0.005170238,0.01366498,2.4585885e-05,0.5,0.000472159,0.1976941,0.5,0
3017,NODE21_processed_png/c3265.png,0.042485658,0.036194358,0.15871847,0.08505225,0.017962502,0.038273253,0.011728444,0.02645485,0.036276232,0.013905015,0.006780525,0.01076535,0.03776478,0.000118417,0.5,0.002809886,0.03800279,0.5,0
3018,NODE21_processed_png/c2382.png,0.04973545,0.041134316,0.1543033,0.052190494,0.011882636,0.010280794,0.003286812,0.06811196,0.05142035,0.013343277,0.019383784,0.006792636,0.03218327,6.440111e-05,0.5,0.002219656,0.18790826,0.5,0
3019,NODE21_processed_png/c2425.png,0.022283839,0.10894184,0.20351397,0.11004472,0.026305396,0.011925039,0.002810803,0.06730072,0.124853924,0.007773762,0.006551885,0.011915191,0.020360088,1.023234e-05,0.5,0.000692347,0.71628284,0.5,0
3020,NODE21_processed_png/c2857.png,0.028648887,0.07462518,0.20662613,0.036210474,0.036406882,0.002648991,0.002916717,0.07884189,0.096978895,0.008569526,0.03174469,0.006648834,0.012886231,4.7494545e-05,0.5,0.000372078,0.2823481,0.5,0
3021,NODE21_processed_png/c1297.png,0.024458002,0.066872366,0.214094,0.10932033,0.03284626,0.009118758,0.006520388,0.034801368,0.12648363,0.011859389,0.010024054,0.01015441,0.027490504,2.8143302e-05,0.5,0.000300209,0.4746036,0.5,0
3022,NODE21_processed_png/c1942.png,0.036198333,0.055666704,0.2161803,0.043846607,0.024607202,0.0102123,0.003906332,0.04885122,0.08644241,0.011292378,0.010174137,0.009169775,0.049953222,5.2030213e-05,0.5,0.001228432,0.2540462,0.5,0
3023,NODE21_processed_png/c1530.png,0.036871754,0.06004364,0.19841905,0.1024527,0.033779383,0.014848855,0.009096109,0.068842165,0.11229039,0.011614814,0.008817844,0.015017971,0.027511552,1.5031058e-05,0.5,0.001619796,0.48311755,0.5,0
3024,NODE21_processed_png/n0701.png,0.08033866,0.085694104,0.22927643,0.062173862,0.037322365,0.009945006,0.005686575,0.117935605,0.1442414,0.00945785,0.03195928,0.024360647,0.03050908,0.000390176,0.5,0.005060028,0.6146112,0.5,1
3025,NODE21_processed_png/c0370.png,0.049320802,0.08365246,0.17638925,0.07885069,0.024820164,0.016837042,0.003455865,0.059674297,0.1176289,0.004985303,0.018891757,0.0064739,0.024016276,8.030136e-05,0.5,0.001191551,0.4801607,0.5,0
3026,NODE21_processed_png/c2160.png,0.051435217,0.08031863,0.2365509,0.04758018,0.025945857,0.008386491,0.002165269,0.10057421,0.093813695,0.008429424,0.006861168,0.005683587,0.019771975,5.9948732e-05,0.5,0.002683494,0.26110414,0.5,0
3027,NODE21_processed_png/c3720.png,0.026733523,0.05267685,0.208588,0.074559145,0.021222375,0.023374975,0.006303869,0.048207097,0.045959868,0.008391809,0.008250871,0.013932494,0.032286867,0.000146637,0.5,0.002429619,0.049952812,0.5,0
3028,NODE21_processed_png/c3087.png,0.047347296,0.04241355,0.18775876,0.013682909,0.02240084,0.004671809,0.000307533,0.1401326,0.053540442,0.003735271,0.01423962,0.005403603,0.023110986,2.4846338e-05,0.5,0.002746494,0.14890482,0.5,0
3029,NODE21_processed_png/n0244.png,0.029525416,0.09261436,0.21234348,0.085226506,0.04470333,0.01501127,0.005535526,0.053447127,0.07849829,0.010125784,0.012064518,0.011797859,0.02280095,0.000111366,0.5,0.000621177,0.10850748,0.5,1
3030,NODE21_processed_png/c0635.png,0.046561446,0.031255204,0.16587807,0.043805543,0.02490304,0.006511225,0.003668021,0.059513163,0.04756583,0.011778701,0.046377394,0.007690121,0.02648025,0.000230825,0.5,0.002849549,0.068649046,0.5,0
3031,NODE21_processed_png/c0192.png,0.01960013,0.03996848,0.17745431,0.107394986,0.012727575,0.010140184,0.006157401,0.023238786,0.05672218,0.008916328,0.003419613,0.008235353,0.019208668,3.7697703e-06,0.5,0.000548946,0.11144982,0.5,0
3032,NODE21_processed_png/c1075.png,0.047724713,0.050723232,0.20284046,0.05279193,0.025518129,0.008387815,0.008244962,0.05170555,0.08404893,0.01440639,0.018955529,0.006989162,0.0217966,0.000142339,0.5,0.001968419,0.19437632,0.5,0
3033,NODE21_processed_png/c3341.png,0.030859299,0.03778943,0.19156925,0.06217967,0.049291935,0.00875039,0.002507526,0.072537065,0.06623678,0.009895724,0.015587858,0.010032509,0.045081522,0.000258697,0.5,0.002743014,0.082778014,0.5,0
3034,NODE21_processed_png/c3894.png,0.07306691,0.035303164,0.14810753,0.032264654,0.014378581,0.005499778,0.00148064,0.10101133,0.04833011,0.012222124,0.026332084,0.00606362,0.02619829,3.5322926e-05,0.5,0.005123013,0.06626688,0.5,0
3035,NODE21_processed_png/c2973.png,0.04358987,0.069547825,0.16084698,0.22639732,0.013953364,0.09966393,0.005203931,0.036686655,0.038852364,0.010217775,0.001840348,0.012345036,0.0439785,0.000173635,0.5,0.003470817,0.092267014,0.5,0
3036,NODE21_processed_png/c2501.png,0.06061972,0.09680296,0.21321888,0.10157874,0.04549582,0.00759485,0.005655574,0.1013688,0.12143468,0.011505336,0.013070642,0.01341017,0.04320253,9.559569e-05,0.5,0.00297576,0.4463343,0.5,0
3037,NODE21_processed_png/c1414.png,0.06005053,0.058316853,0.14001934,0.030408023,0.008378635,0.010991533,0.002055538,0.11948395,0.03962649,0.010948649,0.021431964,0.006264452,0.02845088,7.479328e-05,0.5,0.00260164,0.14955854,0.5,0
3038,NODE21_processed_png/c1866.png,0.03643776,0.04982823,0.15926787,0.053373724,0.009582485,0.004258251,0.002800386,0.025651593,0.053458206,0.009562851,0.004877443,0.006778122,0.03465218,2.3546583e-05,0.5,0.000903059,0.30197614,0.5,0
3039,NODE21_processed_png/n1065.png,0.052608743,0.07292584,0.2524196,0.11662209,0.06775472,0.07409118,0.011987531,0.04382298,0.06581781,0.0093669,0.006455415,0.019514397,0.05630042,0.000210804,0.5,0.003023898,0.049817994,0.5,1
3040,NODE21_processed_png/n0625.png,0.028676307,0.10018162,0.18604046,0.020742645,0.007485297,0.002630719,0.000870056,0.0484306,0.12748891,0.004066615,0.006858943,0.006436233,0.024410732,6.4736496e-06,0.5,0.000544544,0.7057581,0.5,1
3041,NODE21_processed_png/c0254.png,0.012677249,0.06865213,0.18045402,0.03250596,0.010801236,0.004522946,0.002018049,0.021343924,0.059600625,0.004117649,0.007061614,0.005250569,0.01922466,4.9952623e-06,0.5,0.000477693,0.22333378,0.5,0
3042,NODE21_processed_png/n0182.png,0.06117229,0.057371538,0.17791572,0.13415805,0.021175835,0.023657298,0.019739842,0.05169218,0.08954511,0.011539436,0.011207462,0.020607142,0.025890889,0.000610513,0.5,0.004945269,0.20739488,0.5,1
3043,NODE21_processed_png/c0981.png,0.02831353,0.08579179,0.22461644,0.06684355,0.049593277,0.00756755,0.005429811,0.07090773,0.14972918,0.007302085,0.008727075,0.006208373,0.014245604,1.4899303e-05,0.5,0.000730193,0.34281972,0.5,0
3044,NODE21_processed_png/c0285.png,0.018473325,0.11223362,0.2108011,0.025409056,0.03473811,0.002179271,0.001378371,0.05980062,0.11583895,0.00270034,0.004915938,0.009986001,0.013555054,1.3955441e-05,0.5,0.000520619,0.38044706,0.5,0
3045,NODE21_processed_png/c0522.png,0.0394947,0.103486374,0.20072363,0.11064453,0.05060438,0.028178256,0.002884047,0.093015894,0.09023215,0.009194501,0.007610153,0.011761306,0.031408917,4.987014e-05,0.5,0.002107458,0.28431,0.5,0
3046,NODE21_processed_png/c0950.png,0.036613263,0.071104474,0.22164246,0.2236921,0.034756638,0.07869187,0.004788835,0.042834006,0.10509346,0.009745799,0.010037097,0.008223451,0.040006123,0.000115273,0.5,0.001352604,0.18131194,0.5,0
3047,NODE21_processed_png/n0153.png,0.040313937,0.09995066,0.23313493,0.1469947,0.07605805,0.02004822,0.00445543,0.10037196,0.20577326,0.013983611,0.026185745,0.015153859,0.027585786,0.000227928,0.5,0.002542024,0.8282768,0.5,1
3048,NODE21_processed_png/c1362.png,0.036157377,0.070142895,0.19657756,0.12061845,0.031457268,0.010238891,0.007194284,0.047394108,0.101573355,0.011874814,0.011781879,0.012352483,0.021983635,5.712159e-05,0.5,0.001644592,0.26767033,0.5,0
3049,NODE21_processed_png/c2277.png,0.05143814,0.059080098,0.20094994,0.08777071,0.029237537,0.010123236,0.002990481,0.08722687,0.0882831,0.008351833,0.018000616,0.013334636,0.017488671,3.9911203e-05,0.5,0.001578875,0.27408412,0.5,0
3050,NODE21_processed_png/c3390.png,0.02224696,0.08781071,0.18097284,0.11912561,0.05236787,0.012436112,0.004750334,0.045663096,0.1464438,0.007491066,0.02154246,0.016342862,0.022044146,0.000269985,0.5,0.001467694,0.5392371,0.5,0
3051,NODE21_processed_png/c3845.png,0.083443604,0.06396703,0.17418745,0.05371844,0.015159809,0.009227534,0.00185085,0.11148872,0.07674558,0.009800448,0.021165123,0.01404819,0.032715477,0.000136516,0.5,0.004836205,0.24118365,0.5,0
3052,NODE21_processed_png/c3437.png,0.06818483,0.07414458,0.19813149,0.06261521,0.015863664,0.0078597,0.002213276,0.07283012,0.075831614,0.011513959,0.004963783,0.006554621,0.043399833,5.6213055e-05,0.5,0.002069177,0.26409718,0.5,0
3053,NODE21_processed_png/c1703.png,0.05312374,0.042711355,0.15160291,0.08495139,0.013096456,0.025396707,0.0040819,0.057001755,0.02821622,0.020680252,0.004664554,0.012107076,0.053198498,0.000128948,0.5,0.003013371,0.042985592,0.5,0
3054,NODE21_processed_png/c0143.png,0.05509604,0.11135361,0.18173447,0.15424407,0.028161706,0.010249618,0.004641013,0.14802949,0.18118426,0.0155275,0.034514643,0.011735629,0.016592273,2.9866564e-05,0.5,0.000715527,0.82193804,0.5,0
3055,NODE21_processed_png/n0532.png,0.031572666,0.058387898,0.18905158,0.08519536,0.029796971,0.01015366,0.002377669,0.06006929,0.081995495,0.007536196,0.01055596,0.006178654,0.022411933,7.6110024e-05,0.5,0.001782985,0.22193456,0.5,1
3056,NODE21_processed_png/c3056.png,0.07257768,0.03544616,0.18215412,0.0233831,0.008279896,0.004762954,0.00133587,0.07331455,0.06624496,0.008133093,0.027688535,0.004252305,0.027860275,8.992477e-05,0.5,0.002279766,0.10453832,0.5,0
3057,NODE21_processed_png/c2616.png,0.061909165,0.071502075,0.14478886,0.10683977,0.010992644,0.023182815,0.00133501,0.091864765,0.06331434,0.006446508,0.004257089,0.013246472,0.043962646,8.9803674e-05,0.5,0.0024471,0.2287784,0.5,0
3058,NODE21_processed_png/c2488.png,0.03386948,0.06572244,0.19894968,0.052857403,0.025155915,0.007944935,0.001555833,0.041953318,0.058058318,0.006795169,0.005100728,0.006635225,0.04054753,9.585574e-05,0.5,0.003138638,0.06951638,0.5,0
3059,NODE21_processed_png/c0808.png,0.01498042,0.13892528,0.24727954,0.052559502,0.097223,0.004928477,0.003459956,0.047103956,0.20019726,0.005956281,0.009050448,0.013519923,0.012464504,8.730681e-06,0.5,0.00018046,0.6807927,0.5,0
3060,NODE21_processed_png/n0818.png,0.027500303,0.05965907,0.22521275,0.10481057,0.045458566,0.014794261,0.00278141,0.066750124,0.074004695,0.011558795,0.007356236,0.007929872,0.029852647,4.335331e-05,0.5,0.001646321,0.1103728,0.5,1
3061,NODE21_processed_png/c2038.png,0.042354204,0.0506474,0.16101831,0.10087578,0.008904616,0.011578918,0.002476116,0.060552515,0.06160983,0.014898721,0.013491933,0.00509399,0.031092435,1.0804665e-05,0.5,0.000681154,0.3274532,0.5,0
3062,NODE21_processed_png/c3678.png,0.044745583,0.05282041,0.17591906,0.12611604,0.017968485,0.020044835,0.005240954,0.06509224,0.058574438,0.011410408,0.012195845,0.017160283,0.027020168,0.000116672,0.5,0.006036735,0.1526833,0.5,0
3063,NODE21_processed_png/c3219.png,0.04973597,0.05133237,0.1971272,0.042921573,0.030678313,0.007327709,0.00460807,0.08200506,0.06388299,0.012782551,0.030247452,0.011050346,0.04818427,0.001155355,0.5,0.006231116,0.08730082,0.5,0
3064,NODE21_processed_png/c2459.png,0.018002657,0.03753912,0.1742261,0.027216263,0.016115144,0.014685384,0.005606261,0.021791145,0.033845935,0.008998843,0.006832046,0.004232308,0.01710609,4.7437647e-05,0.5,0.00066871,0.06253459,0.5,0
3065,NODE21_processed_png/c3752.png,0.02773584,0.041011933,0.167656,0.059190188,0.017851008,0.01804382,0.005897854,0.022859862,0.069571,0.015772207,0.005565515,0.008567603,0.040660005,7.532905e-05,0.5,0.001960978,0.30003652,0.5,0
3066,NODE21_processed_png/c2112.png,0.031540364,0.047956947,0.15914536,0.08269505,0.006752314,0.0167922,0.002544652,0.0355249,0.035582453,0.004492755,0.009371926,0.006130716,0.015467616,5.2118005e-05,0.5,0.001597214,0.06082015,0.5,0
3067,NODE21_processed_png/c1007.png,0.026167694,0.04657915,0.12661348,0.038944855,0.007086664,0.008239723,0.000952164,0.01646495,0.038287252,0.004088094,0.002153639,0.009615008,0.04268926,7.8713856e-05,0.5,0.001771047,0.090741985,0.5,0
3068,NODE21_processed_png/n0591.png,0.079620436,0.10314174,0.24426249,0.09399213,0.058178443,0.010970587,0.003967759,0.114264555,0.14862403,0.013130526,0.017958747,0.022374956,0.05988268,0.000795984,0.5,0.006335144,0.5039822,0.5,1
3069,NODE21_processed_png/c0647.png,0.057476755,0.07985176,0.19471318,0.041643586,0.019799955,0.006755942,0.004816774,0.171534,0.0617439,0.019940034,0.015704239,0.014670167,0.049461413,0.000144246,0.5,0.004087153,0.2280153,0.5,0
3070,NODE21_processed_png/n0236.png,0.033043332,0.049983688,0.22870937,0.14621261,0.033728532,0.036685083,0.008680923,0.044131484,0.10175752,0.011243015,0.00521384,0.011950276,0.045617756,4.0624174e-05,0.5,0.001397884,0.29138628,0.5,1
3071,NODE21_processed_png/c2901.png,0.028052364,0.08745353,0.18461129,0.06402059,0.030974304,0.004827285,0.002715449,0.03088093,0.067121156,0.005533789,0.003400778,0.007689536,0.01712419,7.792452e-05,0.5,0.000839974,0.09686209,0.5,0
3072,NODE21_processed_png/c2573.png,0.04386076,0.052269954,0.18677248,0.04423912,0.02138815,0.005114535,0.001498816,0.035790913,0.07743071,0.003794029,0.00393222,0.008052278,0.035818785,0.000126377,0.5,0.00383247,0.24140579,0.5,0
3073,NODE21_processed_png/c3494.png,0.051903084,0.032106407,0.1568738,0.09577109,0.02214008,0.022080397,0.006975954,0.037750263,0.06999552,0.008510687,0.038588766,0.007079557,0.019478573,8.5477295e-05,0.5,0.001159219,0.16707465,0.5,0
3074,NODE21_processed_png/c3333.png,0.04709319,0.063656956,0.17471726,0.17849025,0.015926054,0.06151198,0.008548915,0.08534797,0.05023336,0.017922493,0.005242912,0.018234113,0.05779638,0.00052258,0.5,0.004378757,0.07014019,0.5,0
3075,NODE21_processed_png/c0581.png,0.016274305,0.045525786,0.14785819,0.20929852,0.01754442,0.01379807,0.010306227,0.045628484,0.048242528,0.021083334,0.023556234,0.008616767,0.023626875,5.2917658e-05,0.5,0.000997257,0.15184149,0.5,0
3076,NODE21_processed_png/c0226.png,0.0627749,0.054481868,0.23295465,0.06997816,0.037713524,0.014035651,0.004539114,0.05304362,0.07461452,0.010637877,0.022703964,0.009558856,0.024302661,0.001099712,0.5,0.006031261,0.16135497,0.5,0
3077,NODE21_processed_png/n0657.png,0.049838822,0.06267923,0.19595872,0.10119344,0.02855889,0.012734605,0.003404749,0.073198125,0.08279324,0.011930429,0.022656733,0.008890902,0.02225371,0.000202122,0.5,0.005247994,0.23197009,0.5,1
3078,NODE21_processed_png/c1466.png,0.08302185,0.066248536,0.21290827,0.06662548,0.024504092,0.015048992,0.003148587,0.08069013,0.06390284,0.013146586,0.008915611,0.008308905,0.044050395,0.000175231,0.5,0.004692149,0.13583417,0.5,0
3079,NODE21_processed_png/c1814.png,0.02201959,0.043890584,0.16694307,0.027287299,0.005554525,0.005299143,0.000568415,0.035901852,0.04970508,0.004497867,0.0042823,0.003964862,0.016460776,1.4664481e-05,0.5,0.000583855,0.0808187,0.5,0
3080,NODE21_processed_png/c1310.png,0.05286481,0.06992311,0.18659532,0.03672731,0.007930551,0.006288128,0.001820281,0.054241545,0.07409689,0.00613654,0.003087988,0.006725167,0.036599487,4.8672333e-05,0.5,0.001735266,0.22504804,0.5,0
3081,NODE21_processed_png/n0121.png,0.048225917,0.07459751,0.24767086,0.029904338,0.04657831,0.002565911,0.001622979,0.06585945,0.13001058,0.011463956,0.011260259,0.008060016,0.0374267,0.00023301,0.5,0.003185266,0.36209267,0.5,1
3082,NODE21_processed_png/c0550.png,0.031453624,0.06734247,0.26354954,0.22784911,0.0438317,0.0430904,0.006062801,0.059557408,0.0725228,0.014588101,0.004235982,0.013152905,0.05593007,0.000123492,0.5,0.002343097,0.11602125,0.5,0
3083,NODE21_processed_png/c0922.png,0.08585712,0.07428121,0.15825221,0.06520503,0.014839736,0.009872993,0.002221011,0.11537584,0.04361168,0.011780776,0.017014815,0.007651145,0.044238146,0.000214742,0.5,0.009913183,0.093726665,0.5,0
3084,NODE21_processed_png/c3837.png,0.034040075,0.05988912,0.1925853,0.040943448,0.015404378,0.013738341,0.008441146,0.041463416,0.043006763,0.012735178,0.012992178,0.012242872,0.027420763,3.2920554e-05,0.5,0.001224852,0.07093683,0.5,0
3085,NODE21_processed_png/c3445.png,0.04722892,0.034205627,0.16715945,0.013947718,0.0118884,0.005280241,0.004011636,0.068061575,0.039863244,0.014236057,0.07469635,0.005885106,0.023330495,0.000602151,0.5,0.001612623,0.07096565,0.5,0
3086,NODE21_processed_png/c2205.png,0.07065114,0.029960671,0.16569245,0.04978773,0.017997272,0.01600259,0.002000031,0.039346687,0.060424194,0.005892694,0.009189954,0.007910022,0.029921833,0.000374691,0.5,0.002517297,0.16011317,0.5,0
3087,NODE21_processed_png/n0540.png,0.039899934,0.064519934,0.23458174,0.113746,0.05423927,0.008654445,0.0065006,0.07104712,0.10353119,0.010998742,0.017867487,0.011689696,0.0294999,0.000210908,0.5,0.002949972,0.1538272,0.5,1
3088,NODE21_processed_png/n0932.png,0.029503064,0.11334949,0.21725404,0.025942406,0.052487206,0.004337461,0.001085713,0.118938245,0.13360932,0.00758041,0.00950868,0.006685157,0.04631297,3.1007687e-05,0.5,0.003131173,0.5397593,0.5,1
3089,NODE21_processed_png/c0131.png,0.027182335,0.035797432,0.15552785,0.07243633,0.018132856,0.008743933,0.002900281,0.030631006,0.066816926,0.010705499,0.013785556,0.006176157,0.029251207,9.227151e-05,0.5,0.002186067,0.20249023,0.5,0
3090,NODE21_processed_png/c0696.png,0.051768135,0.06588308,0.17317961,0.08449226,0.02227021,0.02778343,0.003240319,0.05755568,0.08799856,0.009821381,0.009952979,0.010460011,0.053550545,0.000126466,0.5,0.004062162,0.26441494,0.5,0
3091,NODE21_processed_png/c1771.png,0.037832815,0.05442225,0.16917938,0.087028675,0.00795179,0.026789855,0.003067022,0.030167134,0.048919857,0.005715249,0.004498909,0.007189411,0.022825787,3.4274835e-05,0.5,0.001550425,0.22081184,0.5,0
3092,NODE21_processed_png/c3783.png,0.043003798,0.043576747,0.2286098,0.03494979,0.04004601,0.006754883,0.002852729,0.040738672,0.09695055,0.006858647,0.009546978,0.008653794,0.023759985,0.000136118,0.5,0.002551926,0.21469283,0.5,0
3093,NODE21_processed_png/c2888.png,0.022623343,0.07021167,0.18008433,0.10859799,0.032139834,0.00855054,0.002075198,0.03863203,0.11557044,0.00754937,0.007258338,0.008851056,0.023387592,1.9884392e-05,0.5,0.000714463,0.44982296,0.5,0
3094,NODE21_processed_png/c1248.png,0.08760645,0.06745557,0.1579732,0.0915637,0.014203668,0.027328957,0.002930593,0.05577386,0.06837967,0.00711664,0.007181202,0.012397334,0.04887983,7.913856e-05,0.5,0.002526024,0.272104,0.5,0
3095,NODE21_processed_png/n0079.png,0.07968637,0.057347108,0.17443953,0.03454461,0.019469937,0.012033207,0.004329333,0.06516078,0.05756517,0.010780482,0.02242827,0.009665106,0.029702477,0.000578882,0.5,0.003071296,0.124829315,0.5,1
3096,NODE21_processed_png/c0408.png,0.039783146,0.037886117,0.19077602,0.026824964,0.028991856,0.005905233,0.002106101,0.063884705,0.07330948,0.011208348,0.018738123,0.005367073,0.021050654,0.000103676,0.5,0.001639111,0.21538743,0.5,0
3097,NODE21_processed_png/c0069.png,0.049567897,0.036141183,0.15249008,0.05715379,0.012720723,0.011433302,0.004484228,0.08021426,0.0322046,0.011276464,0.021040723,0.00888737,0.021462493,0.000108428,0.5,0.002553259,0.06625292,0.5,0
3098,NODE21_processed_png/c1629.png,0.041402597,0.06441234,0.20172833,0.054009788,0.039649386,0.015264003,0.006655186,0.06257857,0.087167606,0.012370816,0.012458444,0.011795797,0.02877616,0.000142194,0.5,0.004060005,0.25587714,0.5,0
3099,NODE21_processed_png/c1299.png,0.03506715,0.047055904,0.17927937,0.076006114,0.028769514,0.009757728,0.006636347,0.076514974,0.06515624,0.015976597,0.019368963,0.009452573,0.030537542,7.604249e-05,0.5,0.001222406,0.18264075,0.5,0
3100,NODE21_processed_png/c2859.png,0.028003851,0.070541754,0.20932877,0.06819125,0.06813727,0.004669406,0.004596489,0.0973734,0.06422512,0.015732102,0.036652196,0.006278914,0.023936182,0.000145259,0.5,0.001093818,0.09425178,0.5,0
3101,NODE21_processed_png/c3089.png,0.009466598,0.1823782,0.24412602,0.1231154,0.1726622,0.006808285,0.005211861,0.042155262,0.18561332,0.007683718,0.007779423,0.025687775,0.015727997,1.1245347e-05,0.5,0.000151555,0.4152999,0.5,0
3102,NODE21_processed_png/c1868.png,0.02359689,0.10447171,0.23906547,0.07555176,0.06764739,0.004682535,0.006215267,0.08661277,0.15445477,0.006253331,0.017782439,0.015377685,0.015526595,1.40514985e-05,0.5,0.000772418,0.6141056,0.5,0
3103,NODE21_processed_png/c3439.png,0.08039552,0.053624127,0.1767669,0.07210086,0.006155791,0.051107418,0.002553241,0.040848866,0.07332508,0.00707323,0.00616027,0.009102642,0.044632584,4.742458e-05,0.5,0.002982972,0.35494167,0.5,0
3104,NODE21_processed_png/c2618.png,0.036280803,0.034789637,0.18806672,0.034180764,0.036401536,0.005341951,0.011854555,0.049822923,0.071909614,0.013114782,0.05924847,0.007993241,0.024307184,0.000149703,0.5,0.00157736,0.081526004,0.5,0
3105,NODE21_processed_png/c3058.png,0.03236393,0.06597304,0.20704952,0.08186172,0.03119192,0.015203219,0.007780878,0.040614426,0.085131824,0.007987633,0.026523087,0.009183599,0.014099783,0.000106062,0.5,0.000906568,0.2149065,0.5,0
3106,NODE21_processed_png/c1593.png,0.07779714,0.05259849,0.21156368,0.03795341,0.029924722,0.005266739,0.000953351,0.07625775,0.15361191,0.003945191,0.016305523,0.006021806,0.03212745,0.000129974,0.5,0.002250959,0.54259276,0.5,0
3107,NODE21_processed_png/c1234.png,0.037338637,0.08051206,0.14233345,0.17054601,0.026925474,0.031801946,0.003934,0.06904021,0.077149,0.01226926,0.018795624,0.014171927,0.031244008,9.832397e-05,0.5,0.001063873,0.54687023,0.5,0
3108,NODE21_processed_png/n0005.png,0.053365026,0.06971563,0.25146616,0.09175716,0.07419262,0.019991558,0.00526987,0.09023649,0.15188953,0.014650198,0.026847132,0.020137241,0.02488036,0.000416719,0.5,0.0023027,0.45489502,0.5,1
3109,NODE21_processed_png/c0806.png,0.04103126,0.053167645,0.16343093,0.10837422,0.03395805,0.008231089,0.004960274,0.06748146,0.08118937,0.019186554,0.028465139,0.014004646,0.06368178,6.648883e-05,0.5,0.00198754,0.2557522,0.5,0
3110,NODE21_processed_png/c0474.png,0.028897014,0.06414884,0.18397069,0.12620221,0.035025664,0.017460974,0.003929914,0.035580594,0.04912703,0.006586078,0.003011139,0.010847391,0.02736048,3.6043155e-05,0.5,0.001332921,0.05672344,0.5,0
3111,NODE21_processed_png/c3561.png,0.032825127,0.0623307,0.17353855,0.09391809,0.03871799,0.016457317,0.001790627,0.04047902,0.110255964,0.007849758,0.005818395,0.006862005,0.02489385,5.4376367e-05,0.5,0.00125926,0.30411482,0.5,0
3112,NODE21_processed_png/c2486.png,0.026150836,0.07663626,0.17688192,0.08953108,0.023377338,0.009385596,0.005204652,0.046388723,0.11937157,0.006480764,0.020940633,0.012752713,0.014477486,1.2693667e-05,0.5,0.000611821,0.6680782,0.5,0
3113,NODE21_processed_png/c2321.png,0.044837434,0.040744767,0.1638597,0.25397763,0.007622596,0.0878739,0.01054725,0.067261904,0.028007492,0.02547282,0.008332746,0.018797444,0.058048032,0.000226173,0.5,0.002789903,0.041850246,0.5,0
3114,NODE21_processed_png/c0015.png,0.021886231,0.08693161,0.20894456,0.10612422,0.04772069,0.004611046,0.00330838,0.043685693,0.1923352,0.008195661,0.007188466,0.009825987,0.025125796,2.0908317e-05,0.5,0.000500622,0.7170603,0.5,0
3115,NODE21_processed_png/c1655.png,0.108263135,0.06978574,0.1810085,0.059874684,0.026244644,0.032619134,0.001252636,0.22457984,0.101179235,0.015669942,0.02352274,0.007362259,0.045108423,3.9361883e-05,0.5,0.002408308,0.4642498,0.5,0
3116,NODE21_processed_png/c3100.png,0.04292491,0.029430063,0.14466438,0.045522705,0.012169577,0.009059128,0.001411498,0.036325194,0.05594914,0.013499666,0.005687421,0.004503056,0.04708956,4.37718e-05,0.5,0.003626549,0.15638773,0.5,0
3117,NODE21_processed_png/c3676.png,0.034745265,0.085465476,0.20062877,0.03173907,0.027426036,0.004805686,0.003097495,0.06964501,0.120673425,0.005291625,0.024933584,0.008834108,0.01855941,2.769265e-05,0.5,0.000967062,0.48973626,0.5,0
3118,NODE21_processed_png/c2036.png,0.07838217,0.03037318,0.15024456,0.07035785,0.004574982,0.011614276,0.001234475,0.11023326,0.028526237,0.008230526,0.011313841,0.006015849,0.020612339,9.141917e-05,0.5,0.00261743,0.04391627,0.5,0
3119,NODE21_processed_png/c2791.png,0.03550076,0.052776124,0.14098608,0.13625136,0.014732084,0.06440281,0.00311204,0.038614016,0.056352243,0.010285427,0.00560584,0.008643162,0.0433137,1.50422575e-05,0.5,0.00162432,0.20041741,0.5,0
3120,NODE21_processed_png/c1123.png,0.040910255,0.053486273,0.19485696,0.22109485,0.011871383,0.07150346,0.004576283,0.057466064,0.050278954,0.008428794,0.016129944,0.010822274,0.031168623,0.000141172,0.5,0.002574938,0.04937839,0.5,0
3121,NODE21_processed_png/c1684.png,0.096479185,0.085015304,0.19427088,0.07088126,0.009559311,0.02738578,0.000907737,0.062014103,0.09369881,0.006258695,0.005315801,0.009215211,0.094012655,8.909622e-05,0.5,0.005809682,0.48253065,0.5,0
3122,NODE21_processed_png/c0763.png,0.036644403,0.031669166,0.12360686,0.08796239,0.006562046,0.041765016,0.004494745,0.025422344,0.024562962,0.009934158,0.007031649,0.009179786,0.037026763,0.000175169,0.5,0.002194449,0.038645957,0.5,0
3123,NODE21_processed_png/c2457.png,0.05914298,0.06982226,0.17861061,0.062367436,0.02513917,0.008146237,0.00519574,0.07910387,0.07436608,0.01152939,0.027894093,0.00820039,0.042811986,9.017807e-05,0.5,0.002138294,0.30716985,0.5,0
3124,NODE21_processed_png/c2825.png,0.04496561,0.05530579,0.1804751,0.060422827,0.02765407,0.006977432,0.007651615,0.07822573,0.059395116,0.012385112,0.021936044,0.010763126,0.024930231,0.000443001,0.5,0.001959042,0.1261699,0.5,0
3125,NODE21_processed_png/c3217.png,0.029061604,0.033528157,0.11509229,0.2222988,0.009347739,0.048713256,0.003532475,0.04169709,0.026944535,0.008785947,0.03414997,0.008688519,0.028645622,0.000235612,0.5,0.001300528,0.030265203,0.5,0
3126,NODE21_processed_png/c0302.png,0.07214485,0.09151306,0.26300594,0.06633969,0.056382243,0.01998398,0.011148975,0.041755587,0.078237824,0.01013417,0.007373302,0.013077606,0.03712158,0.000569435,0.5,0.003151509,0.060325082,0.5,0
3127,NODE21_processed_png/n0773.png,0.058212675,0.06610118,0.20143996,0.020739477,0.034850355,0.003969528,0.003558579,0.05258306,0.083366506,0.007642072,0.026759285,0.010713588,0.05874047,0.000233004,0.5,0.002827351,0.25863478,0.5,1
3128,NODE21_processed_png/n1133.png,0.037450187,0.07760855,0.21596716,0.037306886,0.04433622,0.006893579,0.003688426,0.07469019,0.07452147,0.012158515,0.019605625,0.011687317,0.02229575,0.000176975,0.5,0.002978526,0.23095678,0.5,1
3129,NODE21_processed_png/c1930.png,0.025428602,0.059180416,0.19807512,0.09055005,0.048075292,0.011792413,0.005329682,0.03942625,0.12663819,0.008933887,0.013983203,0.010982069,0.024873076,0.000203456,0.5,0.001925884,0.4091673,0.5,0
3130,NODE21_processed_png/c1542.png,0.029674703,0.090837024,0.21364634,0.087774046,0.028359639,0.009904927,0.00196766,0.04255019,0.12697785,0.005269269,0.003264538,0.012478868,0.02428299,1.8865778e-05,0.5,0.00095821,0.6562019,0.5,0
3131,NODE21_processed_png/n0998.png,0.046940736,0.08256064,0.21688718,0.041394666,0.021425411,0.009967442,0.002340038,0.077454984,0.09808968,0.01226673,0.009954807,0.009354807,0.035483718,0.000157389,0.5,0.002320727,0.32199243,0.5,1
3132,NODE21_processed_png/c2169.png,0.050380897,0.038660064,0.14778131,0.054312695,0.012388147,0.006849657,0.006284855,0.05038891,0.049050767,0.010353508,0.03031705,0.008815343,0.02271973,0.000102137,0.5,0.001111561,0.09645836,0.5,0
3133,NODE21_processed_png/c3729.png,0.058069494,0.042249396,0.14261295,0.13761772,0.007285379,0.058970544,0.002352259,0.029468909,0.047495037,0.009662033,0.008951644,0.011033074,0.08026102,0.000358978,0.5,0.002771754,0.15822226,0.5,0
3134,NODE21_processed_png/c0988.png,0.033180904,0.06798152,0.17955397,0.16752325,0.06611579,0.010078717,0.010116483,0.052738436,0.08892099,0.011395382,0.023532126,0.014420457,0.040539205,0.000229211,0.5,0.003259585,0.18183893,0.5,0
3135,NODE21_processed_png/c3348.png,0.03676528,0.04854501,0.21964881,0.1605372,0.034565482,0.024631042,0.007909682,0.059076924,0.046567407,0.012191598,0.00697524,0.035821326,0.044022273,0.000456426,0.5,0.01122296,0.04009137,0.5,0
3136,NODE21_processed_png/c2508.png,0.07761547,0.07067953,0.19249745,0.14287557,0.016163137,0.076234154,0.005382655,0.058369603,0.075536475,0.00945013,0.006906018,0.017425612,0.056822743,0.000109806,0.5,0.006846486,0.1932529,0.5,0
3137,NODE21_processed_png/c3399.png,0.03001804,0.07717261,0.1937525,0.09637193,0.032750767,0.011837482,0.002450989,0.041308254,0.15784855,0.007074001,0.012974088,0.009886675,0.024678247,2.7318683e-05,0.5,0.001588291,0.79180455,0.5,0
3138,NODE21_processed_png/c0959.png,0.023080166,0.034259845,0.15443853,0.10679351,0.006350158,0.059911408,0.004711126,0.013726162,0.02872732,0.009489467,0.001973613,0.006375572,0.031786006,4.7392707e-05,0.5,0.001263151,0.036750454,0.5,0
3139,NODE21_processed_png/n0949.png,0.058398172,0.11909227,0.2657751,0.112295724,0.08532919,0.007332059,0.008261595,0.14143634,0.19270568,0.012755862,0.012171064,0.020023003,0.042862553,0.000135959,0.5,0.001586226,0.7618244,0.5,1
3140,NODE21_processed_png/n0002.png,0.038578443,0.055955805,0.22451106,0.09488682,0.044660043,0.014021617,0.007394565,0.042139795,0.0851226,0.010239863,0.012406626,0.013227164,0.038130753,7.3655865e-05,0.5,0.001899722,0.20686322,0.5,1
3141,NODE21_processed_png/c0473.png,0.039237913,0.07196282,0.22010945,0.07559008,0.050869342,0.010146488,0.00490941,0.06499633,0.108243585,0.010274538,0.010621198,0.010505974,0.037422523,7.808966e-05,0.5,0.002180069,0.3753523,0.5,0
3142,NODE21_processed_png/c0801.png,0.08507184,0.06353855,0.16538587,0.1191289,0.008980774,0.020135041,0.002860713,0.06950092,0.07032086,0.009496702,0.00556433,0.006641388,0.038423028,5.972015e-05,0.5,0.001972738,0.154349,0.5,0
3143,NODE21_processed_png/c1233.png,0.042011935,0.050176796,0.15056494,0.039118562,0.006965518,0.029165158,0.014168195,0.048286892,0.030131783,0.018738601,0.007623109,0.017490532,0.030668382,0.000612931,0.5,0.002995626,0.031906236,0.5,0
3144,NODE21_processed_png/c1594.png,0.06834527,0.032062687,0.15684393,0.014244759,0.009653747,0.00282388,0.000554152,0.05292627,0.04900807,0.005765535,0.008135152,0.004990642,0.041281495,5.7470243e-05,0.5,0.002311219,0.13036975,0.5,0
3145,NODE21_processed_png/c2326.png,0.027784575,0.04830726,0.18027794,0.28203616,0.00846044,0.07441981,0.004214133,0.036097974,0.045897085,0.010277815,0.008076863,0.010823397,0.02884593,3.712035e-05,0.5,0.000930844,0.071803726,0.5,0
3146,NODE21_processed_png/c2481.png,0.037024867,0.030942699,0.13524365,0.02280926,0.003095423,0.007012133,0.001484452,0.030973898,0.021126503,0.00679731,0.004990759,0.006065456,0.026857376,1.6375132e-05,0.5,0.001180436,0.049386166,0.5,0
3147,NODE21_processed_png/c3566.png,0.027539983,0.06398504,0.2249156,0.064088784,0.034757666,0.017572055,0.001577315,0.04526494,0.095489964,0.00658932,0.005879706,0.006702103,0.023957195,1.8599121e-05,0.5,0.001123398,0.31483033,0.5,0
3148,NODE21_processed_png/c1652.png,0.021066383,0.072967686,0.21439955,0.11565838,0.058107127,0.004454626,0.004429837,0.08551549,0.065606676,0.010249866,0.014194898,0.014760179,0.01597194,0.000324598,0.5,0.000848326,0.042167936,0.5,0
3149,NODE21_processed_png/n0463.png,0.060358852,0.05258272,0.18800567,0.068082824,0.024939947,0.014163227,0.006403539,0.06919125,0.048419576,0.01214112,0.009152645,0.015058733,0.03375835,0.001113113,0.5,0.006680872,0.050276887,0.5,1
3150,NODE21_processed_png/c0012.png,0.060908876,0.04966565,0.16237694,0.059581343,0.026627585,0.011889586,0.003327769,0.08779343,0.05121512,0.010132137,0.033698425,0.007220568,0.027052782,0.000295822,0.5,0.002006714,0.23006958,0.5,0
3151,NODE21_processed_png/c3107.png,0.03427626,0.043327827,0.18396434,0.030729832,0.032594677,0.011893272,0.001567853,0.041652028,0.051524065,0.005588376,0.005775345,0.006427561,0.031033799,9.49933e-05,0.5,0.003554287,0.1366164,0.5,0
3152,NODE21_processed_png/c2747.png,0.036905006,0.06909786,0.259412,0.028052479,0.06511866,0.002826949,0.000976054,0.10304084,0.20280685,0.006058781,0.031491242,0.00603179,0.021894362,3.053594e-05,0.5,0.000812916,0.70759916,0.5,0
3153,NODE21_processed_png/c2796.png,0.03622769,0.05242332,0.20566238,0.04980626,0.016431076,0.021972593,0.004690334,0.05154823,0.046655107,0.013823262,0.003239451,0.006394907,0.035938837,2.9978595e-05,0.5,0.001779165,0.07904582,0.5,0
3154,NODE21_processed_png/c2031.png,0.057482038,0.04032163,0.17780904,0.027974635,0.014552123,0.004259153,0.002353091,0.11411384,0.049162187,0.00768113,0.058742736,0.004110705,0.015604154,7.257448e-05,0.5,0.002530776,0.12392978,0.5,0
3155,NODE21_processed_png/c3671.png,0.031063342,0.052119292,0.20644288,0.07174197,0.032244395,0.00977852,0.002405394,0.046986576,0.079529285,0.006152703,0.018416312,0.007476262,0.028731124,0.000109396,0.5,0.002443966,0.20285057,0.5,0
3156,NODE21_processed_png/c0764.png,0.06272383,0.0659954,0.16681801,0.13654417,0.026106128,0.059505284,0.002494649,0.051557142,0.106987715,0.008746536,0.006807741,0.008014636,0.050103497,5.746876e-05,0.5,0.002661037,0.31126577,0.5,0
3157,NODE21_processed_png/c1683.png,0.054331195,0.042470697,0.12789601,0.12735868,0.005141766,0.031738665,0.001565313,0.04556925,0.027306175,0.007848583,0.002203304,0.008533488,0.04159795,1.938041e-05,0.5,0.006854998,0.03699835,0.5,0
3158,NODE21_processed_png/c1124.png,0.03204604,0.0648292,0.18688414,0.11597689,0.031964187,0.025570834,0.002131419,0.06120199,0.0805369,0.00550592,0.012309243,0.007724043,0.039682124,3.4762517e-05,0.5,0.000644195,0.27112365,0.5,0
3159,NODE21_processed_png/c3210.png,0.011066588,0.08157115,0.14426759,0.33610502,0.031238835,0.04121323,0.002666803,0.022044444,0.06272632,0.003900499,0.001573894,0.021801965,0.02254295,1.4999826e-05,0.5,0.000549677,0.44268775,0.5,0
3160,NODE21_processed_png/c2822.png,0.03163223,0.036166765,0.19857354,0.015080898,0.01855526,0.006535347,0.001663826,0.036060132,0.06753417,0.008018023,0.003615127,0.006552442,0.03349909,0.000170144,0.5,0.004227354,0.16758835,0.5,0
3161,NODE21_processed_png/c2450.png,0.06834424,0.04094363,0.16941635,0.07778025,0.016800543,0.013289191,0.001656452,0.0807208,0.076887146,0.014326746,0.020746404,0.008591733,0.050581057,0.000100873,0.5,0.001378702,0.25945362,0.5,0
3162,NODE21_processed_png/n1134.png,0.03750987,0.062436778,0.21540669,0.17700368,0.045994487,0.021001978,0.009004685,0.07396851,0.081982054,0.012473695,0.011513637,0.015848251,0.019533992,0.000419751,0.5,0.003450706,0.18644498,0.5,1
3163,NODE21_processed_png/c1545.png,0.05719008,0.08054459,0.21263668,0.07836555,0.027623462,0.010120886,0.001400105,0.077147804,0.13890967,0.007530275,0.007170973,0.00756538,0.04857453,0.000162304,0.5,0.003402928,0.49442965,0.5,0
3164,NODE21_processed_png/c1937.png,0.04020165,0.1013147,0.17782842,0.041584995,0.015152893,0.006856172,0.004155553,0.0848898,0.089536436,0.007663558,0.007410935,0.012463626,0.029037721,2.2281432e-05,0.5,0.001739021,0.27964237,0.5,0
3165,NODE21_processed_png/c0305.png,0.03421476,0.056230944,0.19978783,0.033609714,0.02520956,0.003068455,0.001451334,0.09225694,0.085735574,0.00936498,0.009851534,0.005069422,0.02845453,1.7089951e-05,0.5,0.0005811,0.2190643,0.5,0
3166,NODE21_processed_png/n0774.png,0.03406391,0.057535354,0.27382296,0.061299354,0.05173519,0.011491618,0.015249918,0.06361796,0.05496253,0.013804101,0.01010498,0.022674626,0.03778318,0.000334279,0.5,0.00182158,0.029076124,0.5,1
3167,NODE21_processed_png/c2115.png,0.02607262,0.026732912,0.09877791,0.048443977,0.003346394,0.024828704,0.002980256,0.06066342,0.012294725,0.01092475,0.00887537,0.0069023,0.02126717,5.8632355e-05,0.5,0.00093564,0.014149893,0.5,0
3168,NODE21_processed_png/c3755.png,0.031875316,0.042393565,0.16876411,0.033823416,0.03109675,0.004327152,0.000968785,0.0722603,0.06790655,0.008220839,0.015563011,0.008396221,0.024355788,0.000111885,0.5,0.001089655,0.18561877,0.5,0
3169,NODE21_processed_png/c0640.png,0.00674623,0.060131416,0.19564539,0.05692003,0.06504888,0.005491554,0.002341699,0.009745514,0.1070999,0.00575672,0.005337664,0.006221619,0.013672366,1.0834516e-05,0.5,0.000272902,0.19737497,0.5,0
3170,NODE21_processed_png/n0596.png,0.043425925,0.07437458,0.22053835,0.04992008,0.043250073,0.00623661,0.003053185,0.10876039,0.085824326,0.009139452,0.041146237,0.009708584,0.019352188,0.000177165,0.5,0.00331036,0.20155054,0.5,1
3171,NODE21_processed_png/c1000.png,0.040353175,0.047245886,0.17242469,0.035242006,0.012163559,0.010258454,0.004677523,0.03602926,0.046476122,0.005325715,0.010877606,0.005817513,0.021052282,9.289924e-05,0.5,0.00180488,0.18545595,0.5,0
3172,NODE21_processed_png/c3334.png,0.05514462,0.06139504,0.19111264,0.09213098,0.021302268,0.02529856,0.005885865,0.08571257,0.0546935,0.022058409,0.016002724,0.011485768,0.060217023,0.000206836,0.5,0.005079744,0.08850491,0.5,0
3173,NODE21_processed_png/c3493.png,0.017116915,0.060906384,0.1752712,0.07953912,0.012308754,0.007930251,0.003122557,0.02191902,0.046511922,0.004760153,0.004513613,0.008393059,0.015957119,1.7660152e-05,0.5,0.000555706,0.11271033,0.5,0
3174,NODE21_processed_png/c2574.png,0.04180676,0.090445995,0.19104859,0.056400362,0.018470002,0.005063048,0.002302298,0.06648652,0.07263409,0.00981481,0.002632229,0.010066772,0.040152065,2.9595512e-05,0.5,0.001009247,0.31844983,0.5,0
3175,NODE21_processed_png/c2906.png,0.05656965,0.08705719,0.20963728,0.21296877,0.019852407,0.021104941,0.003008589,0.06394703,0.114599966,0.013915046,0.003169401,0.015941214,0.04356839,0.000107023,0.5,0.004332589,0.58710194,0.5,0
3176,NODE21_processed_png/c1813.png,0.03629043,0.047052708,0.19208911,0.069512114,0.028212039,0.014346872,0.004315819,0.033899687,0.06937976,0.012753015,0.008913431,0.007178208,0.044404168,5.423757e-05,0.5,0.002602211,0.07550211,0.5,0
3177,NODE21_processed_png/c1461.png,0.04086361,0.07710741,0.21751077,0.12337199,0.04694161,0.020493701,0.0172601,0.069702305,0.11156203,0.01834447,0.022005036,0.024606042,0.03766592,0.00035119,0.5,0.005918067,0.21487647,0.5,0
3178,NODE21_processed_png/c0221.png,0.07876031,0.043030553,0.1297712,0.075512536,0.011832475,0.075092435,0.002913061,0.04241597,0.02075318,0.00999637,0.012546059,0.008615912,0.032330252,0.000752928,0.5,0.00583306,0.01822227,0.5,0
3179,NODE21_processed_png/c0586.png,0.06625756,0.03982491,0.13156126,0.039568163,0.009610092,0.011911138,0.001830947,0.039137784,0.039370853,0.007299117,0.013270073,0.009014004,0.053927645,0.000137351,0.5,0.005043363,0.13771977,0.5,0
3180,NODE21_processed_png/n0126.png,0.027491704,0.032618444,0.18322706,0.1244375,0.014251561,0.024057344,0.007649384,0.024851846,0.04547707,0.01227301,0.011254092,0.011885415,0.0337157,0.000228439,0.5,0.003500839,0.047531508,0.5,1
3181,NODE21_processed_png/c0925.png,0.0455565,0.06709274,0.12213515,0.03305448,0.002158,0.005202497,0.000925435,0.060390763,0.03419083,0.006862728,0.004095212,0.007451514,0.037487615,2.3591692e-05,0.5,0.001263736,0.097936265,0.5,0
3182,NODE21_processed_png/c0557.png,0.03389527,0.04803669,0.24688435,0.08005428,0.024109673,0.012652325,0.004816698,0.035187196,0.08306397,0.008274428,0.006809908,0.007629212,0.032621544,9.853065e-05,0.5,0.002564984,0.12178027,0.5,0
3183,NODE21_processed_png/c1317.png,0.028571729,0.06858659,0.16577595,0.030766863,0.01671402,0.008014779,0.004294815,0.04306575,0.060116358,0.008093814,0.010619766,0.006399847,0.027383907,1.8848368e-05,0.5,0.001542871,0.09842917,0.5,0
3184,NODE21_processed_png/c2202.png,0.048817873,0.065744355,0.19836369,0.2625278,0.027952576,0.053132903,0.005707006,0.05846883,0.09609897,0.01558949,0.010504008,0.01778737,0.026389759,0.000221704,0.5,0.008355986,0.31482366,0.5,0
3185,NODE21_processed_png/c3442.png,0.05156727,0.039464843,0.15817171,0.06707458,0.01660888,0.009891469,0.006319745,0.07227515,0.055857714,0.013255368,0.017354961,0.007866241,0.029978879,0.000147995,0.5,0.001509541,0.14476968,0.5,0
3186,NODE21_processed_png/c3830.png,0.024997976,0.08503884,0.17519706,0.08833378,0.038335454,0.03691126,0.006840162,0.021484904,0.1053055,0.007177742,0.008642626,0.015184294,0.03242852,3.9082253e-05,0.5,0.000975399,0.33284673,0.5,0
3187,NODE21_processed_png/c1776.png,0.043225486,0.04989351,0.17829023,0.083207995,0.01716423,0.01399769,0.004339261,0.06348334,0.06565072,0.008857477,0.04131645,0.007256357,0.02705214,5.6887897e-05,0.5,0.002339802,0.103926286,0.5,0
3188,NODE21_processed_png/c0691.png,0.055121504,0.036489867,0.17209645,0.042110626,0.014974617,0.014179493,0.002824737,0.039767966,0.05184049,0.00883553,0.004704214,0.007460556,0.02761191,0.000218285,0.5,0.00446017,0.11792728,0.5,0
3189,NODE21_processed_png/c0136.png,0.06405922,0.10770017,0.21558492,0.03188706,0.019747535,0.012063195,0.002942239,0.14182612,0.0954876,0.010173641,0.00908482,0.006075579,0.02901836,3.0562423e-05,0.5,0.001599266,0.38948813,0.5,0
3190,NODE21_processed_png/c3784.png,0.073077224,0.06269264,0.17780088,0.043579914,0.017556146,0.014016219,0.002922198,0.06947912,0.09719104,0.016604027,0.009213283,0.014277861,0.048623715,4.5467026e-05,0.5,0.005327547,0.48694,0.5,0
3191,NODE21_processed_png/c3023.png,0.046169702,0.05499115,0.16932696,0.10558818,0.03248768,0.019415224,0.008620211,0.037615914,0.062353786,0.022677295,0.009620206,0.012172787,0.05292013,0.000105963,0.5,0.004344171,0.14846401,0.5,0
3192,NODE21_processed_png/c2663.png,0.04417737,0.036252677,0.14211838,0.084447354,0.010713222,0.03714062,0.007426997,0.03346275,0.046564903,0.008977503,0.017586946,0.008779379,0.02599148,0.000389879,0.5,0.003290846,0.06083523,0.5,0
3193,NODE21_processed_png/c1189.png,0.05590956,0.046480894,0.22178264,0.05174035,0.024229318,0.017430965,0.006005175,0.11636215,0.05570092,0.010004073,0.011273307,0.020403555,0.028162885,0.000195869,0.5,0.006689332,0.18111566,0.5,0
3194,NODE21_processed_png/c0718.png,0.064276084,0.06414291,0.1627456,0.04350093,0.012992261,0.007517117,0.002204094,0.119231224,0.051898617,0.014017108,0.03110854,0.007589006,0.05624435,7.216882e-05,0.5,0.003925847,0.175458,0.5,0
3195,NODE21_processed_png/c1158.png,0.054007147,0.10732251,0.2854608,0.038597595,0.0908904,0.003097863,0.001963136,0.11898316,0.19761908,0.009380765,0.024069028,0.008217383,0.01701423,0.000135016,0.5,0.000961735,0.59712327,0.5,0
3196,NODE21_processed_png/c1539.png,0.05052855,0.061909225,0.18534979,0.06746282,0.033803955,0.008270464,0.002156964,0.06075399,0.12099721,0.005631979,0.017141202,0.010228301,0.03983153,4.4001692e-05,0.5,0.001713092,0.4025147,0.5,0
3197,NODE21_processed_png/c0379.png,0.021387488,0.055504948,0.16670524,0.0430437,0.01686294,0.003028822,0.002872557,0.0416515,0.07448598,0.008904635,0.014909606,0.004458122,0.010622492,5.5595603e-05,0.5,0.00059275,0.32650328,0.5,0
3198,NODE21_processed_png/c1677.png,0.03322656,0.08953016,0.25956175,0.069221504,0.12249327,0.004954896,0.006868059,0.06580789,0.18207464,0.010217092,0.011479861,0.016073897,0.046850033,0.000163148,0.5,0.000952354,0.42487,0.5,0
3199,NODE21_processed_png/c0790.png,0.04288375,0.025349908,0.1079,0.054011725,0.002558804,0.02307793,0.00443131,0.017810998,0.013128085,0.00564745,0.000511257,0.005623405,0.037967168,9.104569e-05,0.5,0.000541132,0.013076427,0.5,0
3200,NODE21_processed_png/c0037.png,0.08131363,0.03626717,0.14323923,0.09872723,0.009578951,0.01694111,0.002103643,0.11233963,0.05353208,0.015516207,0.023876589,0.007055631,0.029942581,8.088113e-05,0.5,0.006674307,0.27560166,0.5,0
3201,NODE21_processed_png/c3685.png,0.050636385,0.033633057,0.14166808,0.034420967,0.008985006,0.010090579,0.005510666,0.049835745,0.029970704,0.010774693,0.019138183,0.007053935,0.031919524,0.000492873,0.5,0.001786343,0.026566975,0.5,0
3202,NODE21_processed_png/c3122.png,0.028746184,0.027383815,0.12699653,0.02254149,0.006041806,0.003460411,0.001294836,0.021613095,0.01861867,0.006505557,0.00660135,0.004990997,0.029992161,4.8547543e-05,0.5,0.001018547,0.020247158,0.5,0
3203,NODE21_processed_png/c2762.png,0.024874795,0.03948249,0.17402248,0.039896056,0.0318952,0.01015447,0.005423272,0.032469455,0.034659248,0.009298341,0.009734559,0.006915041,0.035564885,0.000139512,0.5,0.001209032,0.051527545,0.5,0
3204,NODE21_processed_png/n0780.png,0.038279105,0.07951763,0.21287291,0.04501728,0.021224564,0.01077513,0.00707369,0.09398657,0.08103485,0.011773108,0.04086847,0.014988341,0.025864488,0.000750232,0.5,0.00201192,0.19516319,0.5,1
3205,NODE21_processed_png/c0824.png,0.08690179,0.07307237,0.17231144,0.090606414,0.034599792,0.007073785,0.004525526,0.09427036,0.05741341,0.012844286,0.014311807,0.01170344,0.050199024,0.000490648,0.5,0.003382086,0.09448787,0.5,0
3206,NODE21_processed_png/c0456.png,0.055296037,0.042066623,0.1328028,0.0358748,0.017942287,0.007973986,0.002191635,0.08871236,0.04080655,0.011457825,0.04043398,0.00518576,0.034636382,0.00018002,0.5,0.003963894,0.08680807,0.5,0
3207,NODE21_processed_png/c1216.png,0.03160971,0.053022332,0.20317914,0.11192693,0.027703328,0.016139863,0.007401953,0.07275683,0.065293565,0.012931934,0.035170376,0.004933789,0.028245812,0.000124219,0.5,0.000784562,0.18389173,0.5,0
3208,NODE21_processed_png/c3543.png,0.084800094,0.04071601,0.1765561,0.05453208,0.016012587,0.00910667,0.002698407,0.09352664,0.08167418,0.010711306,0.010685632,0.008395888,0.045488257,0.000708302,0.5,0.003459525,0.24403276,0.5,0
3209,NODE21_processed_png/c3235.png,0.060877312,0.08009356,0.16040692,0.2795716,0.015244691,0.17955716,0.016803792,0.047327172,0.10904615,0.024035314,0.006161415,0.012047909,0.053815115,1.9424355e-05,0.5,0.003140623,0.45716473,0.5,0
3210,NODE21_processed_png/c3592.png,0.07144598,0.06659858,0.13564841,0.16177045,0.005383505,0.025540661,0.001033045,0.09039019,0.040728007,0.012310645,0.014757128,0.008555552,0.047866505,2.7904834e-05,0.5,0.00198323,0.06842097,0.5,0
3211,NODE21_processed_png/c2475.png,0.02906643,0.047303498,0.12704328,0.01790267,0.004692071,0.006121841,0.00171141,0.039536085,0.01927525,0.005215079,0.006217582,0.007855132,0.029073613,5.7686084e-05,0.5,0.002197738,0.062882714,0.5,0
3212,NODE21_processed_png/c2807.png,0.030187095,0.06399958,0.21126795,0.1172325,0.021277836,0.015300034,0.007160649,0.04633182,0.07539118,0.010810836,0.009919186,0.009653928,0.024520917,1.36584795e-05,0.5,0.000444454,0.32421994,0.5,0
3213,NODE21_processed_png/n1111.png,0.056179397,0.07487867,0.18640485,0.052197274,0.046014357,0.013261573,0.0024074,0.07074144,0.10757973,0.00867153,0.03668995,0.008167868,0.03355421,0.000165793,0.5,0.00468473,0.34629858,0.5,1
3214,NODE21_processed_png/c1912.png,0.051222265,0.04078773,0.17374007,0.03830754,0.021721534,0.004392074,0.000891483,0.053035066,0.051050857,0.006792592,0.012523262,0.005390781,0.02922313,0.000140964,0.5,0.001723681,0.109444074,0.5,0
3215,NODE21_processed_png/c1560.png,0.046429187,0.08641799,0.18476893,0.04727424,0.018084928,0.00638778,0.003468327,0.06086978,0.0764195,0.010352398,0.011222315,0.006250843,0.038014915,8.2354105e-05,0.5,0.001509035,0.14656198,0.5,0
3216,NODE21_processed_png/n0751.png,0.055857465,0.08902162,0.22656938,0.09592216,0.03673464,0.021322671,0.005656175,0.05493005,0.09288584,0.011187301,0.011112643,0.01788624,0.05222357,0.000375678,0.5,0.003557811,0.12725674,0.5,1
3217,NODE21_processed_png/c0487.png,0.04519599,0.07667099,0.16894674,0.15157801,0.04091584,0.027891565,0.004734273,0.07361878,0.0870505,0.009320282,0.016175259,0.013271413,0.03898774,0.000162495,0.5,0.003096733,0.2919176,0.5,0
3218,NODE21_processed_png/c2014.png,0.087218404,0.053152554,0.18612415,0.038841244,0.018245224,0.009088272,0.001403058,0.07335296,0.13292553,0.008952816,0.02424167,0.007923543,0.039231054,1.4975515e-05,0.5,0.004138283,0.5710288,0.5,0
3219,NODE21_processed_png/c0741.png,0.015234826,0.06783118,0.19601488,0.033525433,0.042121127,0.002403765,0.002539594,0.02516833,0.11532128,0.00329178,0.003332004,0.006067221,0.007853589,1.0411441e-05,0.5,0.000783035,0.4465306,0.5,0
3220,NODE21_processed_png/n0330.png,0.040508073,0.054760754,0.2017399,0.06910269,0.04847928,0.012606426,0.004292161,0.05320039,0.083094396,0.014875955,0.017377822,0.012302555,0.045829218,0.00046445,0.5,0.011926062,0.34946015,0.5,1
3221,NODE21_processed_png/c1101.png,0.027521247,0.039798774,0.15970206,0.03968808,0.006230855,0.013536817,0.002787539,0.033942852,0.028676426,0.005789719,0.016484847,0.004601437,0.026022848,5.6861758e-05,0.5,0.000652557,0.034153093,0.5,0
3222,NODE21_processed_png/n1049.png,0.02764266,0.052495074,0.21478684,0.029918473,0.037938774,0.015210345,0.004548318,0.055885702,0.07723481,0.01123842,0.04044445,0.007822361,0.02200007,0.000173359,0.5,0.001828292,0.21233024,0.5,1
3223,NODE21_processed_png/c1438.png,0.051804814,0.08441769,0.19773364,0.30361122,0.025066521,0.11348597,0.004275694,0.05627607,0.06758358,0.009149025,0.004075852,0.013696369,0.04509623,9.763995e-05,0.5,0.003547649,0.100218296,0.5,0
3224,NODE21_processed_png/c0278.png,0.024312355,0.1291294,0.19914304,0.080514,0.025867274,0.006498339,0.006935483,0.055149253,0.09194046,0.009427111,0.003068043,0.017399928,0.025352873,9.645604e-06,0.5,0.001081165,0.2347596,0.5,0
3225,NODE21_processed_png/n0609.png,0.06481587,0.069377944,0.21429977,0.060063925,0.059260096,0.005028043,0.004562433,0.16579334,0.07161749,0.019067677,0.052419506,0.013590815,0.032957762,0.00083733,0.5,0.00719078,0.10998587,0.5,1
3226,NODE21_processed_png/c0619.png,0.03496868,0.046728604,0.1690893,0.10000761,0.016207475,0.023534305,0.001301482,0.076605245,0.067085974,0.016266122,0.013596155,0.008462361,0.054252636,4.070064e-05,0.5,0.001618187,0.23743172,0.5,0
3227,NODE21_processed_png/n0268.png,0.06561558,0.11652959,0.24490474,0.069643706,0.046086732,0.006448366,0.004649729,0.09988577,0.1323663,0.013517479,0.015328398,0.014679817,0.046072226,0.000552819,0.5,0.003857328,0.4099942,0.5,1
3228,NODE21_processed_png/c1059.png,0.06209217,0.050081775,0.14835648,0.070981495,0.012813916,0.040635265,0.001322383,0.04191629,0.05467343,0.00819169,0.012417818,0.008042133,0.03691032,0.000101363,0.5,0.004179849,0.10093094,0.5,0
3229,NODE21_processed_png/c1088.png,0.029184354,0.039009936,0.11455988,0.061399333,0.007825713,0.010576227,0.001521415,0.023743434,0.017379122,0.007739276,0.004109434,0.009839837,0.05615595,0.000109616,0.5,0.001506072,0.026717046,0.5,0
3230,NODE21_processed_png/c3869.png,0.018369498,0.054748867,0.19616355,0.050566196,0.035226174,0.006882743,0.002429896,0.035548616,0.053348694,0.00659455,0.009138543,0.008491509,0.031563535,3.402278e-05,0.5,0.000754534,0.07233594,0.5,0
3231,NODE21_processed_png/n0848.png,0.03629649,0.06290046,0.19704714,0.10911795,0.03701384,0.023380162,0.003939472,0.048373464,0.07105139,0.007776881,0.012061597,0.0162721,0.025623335,0.000147332,0.5,0.002424353,0.16198243,0.5,1
3232,NODE21_processed_png/c3298.png,0.028332775,0.08695351,0.25840753,0.1280633,0.054826323,0.006950143,0.004839464,0.053165358,0.09758984,0.008976221,0.003674233,0.010117895,0.04523598,5.6840447e-05,0.5,0.002064191,0.2803376,0.5,0
3233,NODE21_processed_png/c0858.png,0.030932909,0.023221396,0.14899224,0.020603418,0.013533763,0.010786526,0.00040757,0.0355005,0.040778752,0.003913029,0.019701872,0.002807457,0.018311681,9.350555e-05,0.5,0.00137119,0.120296165,0.5,0
3234,NODE21_processed_png/c0889.png,0.04013375,0.04222632,0.22621839,0.030430913,0.039808776,0.007863351,0.001516762,0.04442837,0.07500435,0.005548487,0.013679748,0.008801199,0.026535455,9.943441e-05,0.5,0.00244325,0.19693601,0.5,0
3235,NODE21_processed_png/c3249.png,0.01913417,0.09288283,0.2613677,0.032297138,0.049901154,0.004086328,0.00291428,0.04290976,0.13265139,0.005247642,0.004083938,0.009710349,0.034592833,1.2445053e-05,0.5,0.000550224,0.2967702,0.5,0
3236,NODE21_processed_png/c2409.png,0.046498165,0.054696288,0.17140783,0.1349472,0.022784287,0.008231462,0.003893668,0.058597375,0.08553078,0.008826816,0.040185187,0.006868252,0.016472064,0.000132289,0.5,0.001741768,0.2754211,0.5,0
3237,NODE21_processed_png/c2068.png,0.028345542,0.12187591,0.2197433,0.05371241,0.05012004,0.011116104,0.002739532,0.10164375,0.15473871,0.009589322,0.012419191,0.008108876,0.02338783,2.995405e-05,0.5,0.00076052,0.75260437,0.5,0
3238,NODE21_processed_png/c3628.png,0.025050545,0.09159611,0.21771476,0.06095342,0.053204503,0.009600148,0.00278903,0.059993997,0.13531819,0.006117621,0.007123019,0.010131775,0.021987991,5.906311e-05,0.5,0.000865289,0.44974637,0.5,0
3239,NODE21_processed_png/c3311.png,0.02916434,0.092155784,0.21892601,0.09693954,0.018974006,0.01455179,0.004688663,0.042103738,0.07700546,0.009153504,0.003304907,0.006242358,0.035020076,5.1971598e-05,0.5,0.000977816,0.08260755,0.5,0
3240,NODE21_processed_png/c2551.png,0.044601914,0.026200045,0.16177882,0.008893836,0.007361563,0.002954347,0.001007662,0.025623484,0.030834435,0.007951285,0.006485978,0.006478107,0.05156831,9.889711e-05,0.5,0.001618605,0.07302505,0.5,0
3241,NODE21_processed_png/c1444.png,0.04222023,0.06819059,0.1760857,0.048747018,0.032782782,0.007587378,0.002894117,0.13667609,0.04948087,0.022729741,0.009515386,0.009036671,0.039071046,0.000118229,0.5,0.006186804,0.13090469,0.5,0
3242,NODE21_processed_png/c1836.png,0.028594108,0.08018733,0.22518383,0.16078411,0.046973813,0.018632932,0.004094082,0.04921723,0.12865575,0.00636368,0.004590265,0.014784033,0.03064325,5.661616e-05,0.5,0.002305545,0.4274561,0.5,0
3243,NODE21_processed_png/c0204.png,0.04704803,0.08076889,0.20056723,0.07635254,0.026453312,0.010206586,0.00750023,0.060985483,0.10594728,0.014073475,0.015302623,0.012770729,0.038487356,7.052915e-05,0.5,0.002990896,0.4053799,0.5,0
3244,NODE21_processed_png/c2697.png,0.029303635,0.07056251,0.2055985,0.05619703,0.04805661,0.003550743,0.003932532,0.059287503,0.14447506,0.005845118,0.01102786,0.00683176,0.024655988,4.8032336e-05,0.5,0.000824704,0.2901633,0.5,0
3245,NODE21_processed_png/c2130.png,0.028365582,0.091274366,0.19785339,0.12796195,0.058729716,0.014309929,0.009098804,0.07351772,0.2205822,0.012346178,0.02755675,0.01522014,0.016292337,0.000304457,0.5,0.001664842,0.8007877,0.5,0
3246,NODE21_processed_png/c3770.png,0.020325333,0.09304122,0.31716138,0.22566037,0.063175276,0.059082285,0.007002454,0.03804297,0.13281211,0.009443518,0.002368635,0.012644768,0.029354224,9.751145e-05,0.5,0.001594,0.2588219,0.5,0
3247,NODE21_processed_png/c0665.png,0.05686537,0.043910507,0.18684638,0.10421687,0.01607895,0.025728645,0.007495159,0.03794871,0.092741534,0.016425367,0.004457742,0.009024043,0.028126402,0.00031688,0.5,0.005034266,0.20502225,0.5,0
3248,NODE21_processed_png/n0214.png,0.06863761,0.07649845,0.21524282,0.019745363,0.03158029,0.002400499,0.000793623,0.1295558,0.13084327,0.006839516,0.049407132,0.008727341,0.030718852,0.000194012,0.5,0.005632372,0.58802044,0.5,1
3249,NODE21_processed_png/c1782.png,0.032099493,0.052099045,0.2151991,0.059769034,0.038180113,0.007727348,0.003566828,0.045393392,0.08593649,0.011432129,0.01011425,0.008033169,0.041867178,0.000486278,0.5,0.002493128,0.3107196,0.5,0
3250,NODE21_processed_png/c1025.png,0.022236092,0.05722187,0.16614708,0.09501373,0.026920788,0.009195171,0.006093915,0.03252989,0.0495327,0.012252274,0.00814866,0.010690724,0.02553395,6.0296454e-05,0.5,0.001235757,0.10035536,0.5,0
3251,NODE21_processed_png/c1753.png,0.05309149,0.061053682,0.2996688,0.026160663,0.046839025,0.003446397,0.003214659,0.07425602,0.118572,0.007900639,0.016772455,0.008168501,0.021144334,8.3010564e-05,0.5,0.000846108,0.16947503,0.5,0
3252,NODE21_processed_png/n0910.png,0.056776103,0.03715981,0.19438481,0.051826037,0.05374929,0.008813436,0.003145354,0.09064257,0.069357656,0.009160612,0.09610917,0.006251691,0.018537242,0.000867282,0.5,0.003386854,0.12335121,0.5,1
3253,NODE21_processed_png/c0113.png,0.03625287,0.10914113,0.2227662,0.06354501,0.029071616,0.010263408,0.002023689,0.049588084,0.11482337,0.007860582,0.003839427,0.009182476,0.047553465,2.3165954e-05,0.5,0.001505979,0.32083377,0.5,0
3254,NODE21_processed_png/c3006.png,0.042872243,0.08942903,0.16815646,0.07306613,0.04961022,0.005368949,0.007315394,0.0989902,0.13955194,0.017137669,0.017084654,0.013650942,0.051848944,9.097183e-05,0.5,0.00110183,0.6246704,0.5,0
3255,NODE21_processed_png/c2646.png,0.039547723,0.060858883,0.21606317,0.27574986,0.019605,0.08593302,0.006541297,0.05717206,0.071464755,0.011770928,0.009345348,0.010473021,0.030906456,0.000265631,0.5,0.002995503,0.11413104,0.5,0
3256,NODE21_processed_png/c0572.png,0.03779156,0.056315687,0.17090966,0.039547976,0.012773278,0.010722348,0.004018854,0.02942913,0.08100961,0.008775093,0.011874412,0.006356512,0.024235122,3.8567687e-05,0.5,0.000670022,0.36546448,0.5,0
3257,NODE21_processed_png/c0900.png,0.060148843,0.054654848,0.14127214,0.2599759,0.014774771,0.22996168,0.003120709,0.048987646,0.053392313,0.013548851,0.007793845,0.012940484,0.052270863,0.000517154,0.5,0.007363207,0.056246825,0.5,0
3258,NODE21_processed_png/c1332.png,0.03621023,0.04388248,0.20243496,0.05098576,0.020036083,0.005665673,0.001622658,0.109108,0.0558783,0.011671626,0.014716468,0.005616978,0.021719705,7.428443e-05,0.5,0.000914562,0.090407245,0.5,0
3259,NODE21_processed_png/c1495.png,0.078253925,0.038453933,0.19115412,0.031728,0.024319513,0.005950267,0.000438747,0.14149311,0.10737589,0.01440978,0.036412284,0.007061579,0.045616675,0.000182963,0.5,0.008439894,0.42136723,0.5,0
3260,NODE21_processed_png/c2227.png,0.081325635,0.05308232,0.22311258,0.028921012,0.034400225,0.004444842,0.000473906,0.1545008,0.09937132,0.006380308,0.043137997,0.005113402,0.023284407,6.3368214e-05,0.5,0.003064368,0.23766595,0.5,0
3261,NODE21_processed_png/c2580.png,0.040022746,0.09359289,0.23937841,0.08616649,0.034387797,0.027061949,0.004129462,0.08222634,0.1302092,0.012768895,0.019367183,0.011271226,0.029984508,2.6768139e-05,0.5,0.001628704,0.44028085,0.5,0
3262,NODE21_processed_png/c3815.png,0.04694934,0.06331552,0.20181452,0.019533485,0.019966168,0.007006869,0.000915122,0.07090136,0.076535895,0.004784252,0.016792772,0.005148145,0.020653762,0.000108787,0.5,0.000875098,0.38178134,0.5,0
3263,NODE21_processed_png/c3467.png,0.063260324,0.06813741,0.17394646,0.047603767,0.026244003,0.005722485,0.001363603,0.15839007,0.11504541,0.010313902,0.030582787,0.006038735,0.038173202,0.000147675,0.5,0.003227223,0.39204922,0.5,0
3264,NODE21_processed_png/c2719.png,0.021228895,0.056781102,0.20286275,0.030927166,0.032754596,0.003548166,0.00301743,0.045185644,0.09823626,0.006511443,0.016819121,0.005799798,0.014171055,0.000129416,0.5,0.000901458,0.20414215,0.5,0
3265,NODE21_processed_png/c3159.png,0.06902945,0.056501683,0.16906816,0.11522698,0.028353838,0.021258129,0.010605557,0.088365294,0.08341214,0.02036276,0.021891862,0.016253693,0.045361463,0.000467404,0.5,0.006010244,0.27354166,0.5,0
3266,NODE21_processed_png/c3538.png,0.09141123,0.03785989,0.11477585,0.042577744,0.002732122,0.022001822,0.001154715,0.06956307,0.024464529,0.01389352,0.007143627,0.005228363,0.029329298,2.9017094e-05,0.5,0.003419725,0.028922664,0.5,0
3267,NODE21_processed_png/c2378.png,0.012059235,0.06315277,0.17497703,0.03728929,0.025364757,0.004165762,0.002965285,0.025879169,0.054818045,0.005338242,0.007051232,0.004266914,0.013190157,1.9570276e-05,0.5,0.000538194,0.11085368,0.5,0
3268,NODE21_processed_png/c1969.png,0.04685995,0.05723468,0.16750596,0.12304596,0.016014824,0.030979078,0.00497593,0.05073653,0.042258594,0.009167871,0.005356785,0.011306494,0.03657405,0.000299462,0.5,0.004114454,0.07282407,0.5,0
3269,NODE21_processed_png/c3188.png,0.028847415,0.082532644,0.1777064,0.41787598,0.03236081,0.112202615,0.006510934,0.05849689,0.08453085,0.006908496,0.003344422,0.016323341,0.08782433,4.6910547e-05,0.5,0.000972861,0.1249214,0.5,0
3270,NODE21_processed_png/c2556.png,0.0712649,0.09400095,0.19439304,0.11594868,0.021962302,0.016763361,0.008730572,0.09996162,0.104015,0.011901711,0.018785225,0.017737024,0.026999936,0.000193296,0.5,0.003846242,0.3431548,0.5,0
3271,NODE21_processed_png/c2924.png,0.030406931,0.050931737,0.16882367,0.03298694,0.024291629,0.00497432,0.001616819,0.04934799,0.08600297,0.003349486,0.008580111,0.005896107,0.022133611,2.8469227e-05,0.5,0.001403609,0.20716198,0.5,0
3272,NODE21_processed_png/c3316.png,0.023489315,0.08420172,0.17475705,0.07796694,0.012464678,0.007211555,0.002983065,0.04721772,0.060008503,0.008472589,0.00761673,0.010321104,0.017299388,1.4938513e-05,0.5,0.000697403,0.21067889,0.5,0
3273,NODE21_processed_png/c0203.png,0.02750163,0.0902408,0.16548833,0.018953,0.006050031,0.002401572,0.00320472,0.055678222,0.07728506,0.009450184,0.01576294,0.006699616,0.034680378,7.131408e-05,0.5,0.00051512,0.4831885,0.5,0
3274,NODE21_processed_png/n0672.png,0.038953397,0.032134913,0.15097633,0.084404446,0.005807242,0.018673122,0.004993125,0.052561685,0.02220768,0.006908864,0.003944675,0.007811195,0.021878758,3.2320768e-05,0.5,0.001923111,0.035846237,0.5,1
3275,NODE21_processed_png/c1831.png,0.036999743,0.07504309,0.21145384,0.07774573,0.007387363,0.03264334,0.006782123,0.0769418,0.07212376,0.015384689,0.002747115,0.007566367,0.043360613,8.877077e-06,0.5,0.000643527,0.20197257,0.5,0
3276,NODE21_processed_png/c1443.png,0.034664143,0.06763549,0.16816942,0.06830079,0.015961947,0.00419917,0.002907695,0.051243603,0.06846456,0.005233218,0.009269567,0.010212646,0.02238642,5.9143487e-05,0.5,0.001380665,0.40954307,0.5,0
3277,NODE21_processed_png/c3777.png,0.025058841,0.09293413,0.18598299,0.112379074,0.04882322,0.005243792,0.004177882,0.06996472,0.14914736,0.01132765,0.004478151,0.012529502,0.0415936,8.043717e-05,0.5,0.001350008,0.6446215,0.5,0
3278,NODE21_processed_png/c2137.png,0.044952992,0.075757615,0.19319719,0.11607734,0.008814339,0.03979018,0.009754893,0.08319752,0.06647427,0.0229891,0.015868526,0.009495867,0.030032417,3.3846864e-05,0.5,0.002952843,0.25868982,0.5,0
3279,NODE21_processed_png/c2690.png,0.040583655,0.05318719,0.22770979,0.030676136,0.03543957,0.002855292,0.001288033,0.11328794,0.06405391,0.009275418,0.035517283,0.004872487,0.025315583,7.9362944e-05,0.5,0.004819021,0.067028396,0.5,0
3280,NODE21_processed_png/c1785.png,0.044176847,0.04635621,0.22663116,0.041671306,0.038206965,0.008327773,0.001959362,0.0866369,0.082367554,0.013425983,0.005393474,0.01144684,0.060239494,2.5728335e-05,0.5,0.002307718,0.2987122,0.5,0
3281,NODE21_processed_png/c0662.png,0.018831342,0.12270933,0.23908842,0.08603566,0.052218053,0.005039807,0.003911524,0.06009825,0.12450595,0.004653601,0.002697985,0.011527813,0.02745273,8.891812e-06,0.5,0.000687698,0.1798833,0.5,0
3282,NODE21_processed_png/n0213.png,0.061993193,0.072251014,0.26456854,0.047451902,0.05820346,0.004372506,0.003505645,0.11387079,0.10923848,0.00812698,0.019353105,0.01006433,0.02249234,0.000576319,0.5,0.004009328,0.24870917,0.5,1
3283,NODE21_processed_png/c0114.png,0.012435745,0.11415075,0.23658317,0.07986398,0.058951404,0.004073367,0.002538322,0.04298887,0.19098915,0.005031469,0.010739753,0.014540451,0.013239734,3.103621e-05,0.5,0.000447705,0.88165015,0.5,0
3284,NODE21_processed_png/c1754.png,0.023152687,0.0986636,0.20155273,0.061081737,0.017025018,0.011103689,0.002249768,0.03882041,0.074945666,0.00450711,0.003803889,0.006382649,0.018496322,1.5286174e-05,0.5,0.000660221,0.30902612,0.5,0
3285,NODE21_processed_png/c2641.png,0.05465587,0.048706587,0.16724306,0.024529254,0.016927928,0.007822413,0.001689948,0.0642646,0.057770107,0.007782063,0.02158126,0.008393218,0.042908903,7.578795e-05,0.5,0.003048695,0.104401805,0.5,0
3286,NODE21_processed_png/c3001.png,0.051880952,0.05898204,0.17535411,0.08114804,0.021268887,0.006344876,0.00591149,0.053734194,0.08355191,0.00749152,0.019468475,0.010097998,0.027557299,0.000126893,0.5,0.001605425,0.3623371,0.5,0
3287,NODE21_processed_png/c1492.png,0.0891842,0.03666014,0.15256351,0.04535604,0.012084233,0.007520832,0.00311405,0.06901747,0.06546646,0.011474405,0.020936273,0.00843805,0.05134715,0.000133141,0.5,0.002169618,0.23859912,0.5,0
3288,NODE21_processed_png/c1335.png,0.058101133,0.044439662,0.16477752,0.10608309,0.024240792,0.01599043,0.00315864,0.05877384,0.10101032,0.012079253,0.021166189,0.010112291,0.029754883,0.000168255,0.5,0.002907431,0.38055262,0.5,0
3289,NODE21_processed_png/c0907.png,0.044750813,0.02749493,0.11092754,0.14156601,0.01602694,0.03069606,0.002856691,0.03146335,0.027246373,0.008774574,0.007761788,0.006033803,0.032398127,0.000108335,0.5,0.001380665,0.012711387,0.5,0
3290,NODE21_processed_png/c0575.png,0.042457342,0.04206985,0.18938063,0.035421483,0.031352546,0.00532376,0.004366684,0.04935806,0.0616999,0.01213977,0.017282274,0.009839959,0.038966943,0.000186153,0.5,0.002617052,0.1674489,0.5,0
3291,NODE21_processed_png/c3460.png,0.0423088,0.031191556,0.14973551,0.009700588,0.006892036,0.002984572,0.000537193,0.033375528,0.0435871,0.004103919,0.012180083,0.003917044,0.02615577,6.916806e-05,0.5,0.001795334,0.07574395,0.5,0
3292,NODE21_processed_png/c3812.png,0.033801805,0.1324812,0.22386429,0.04260044,0.018396754,0.008221119,0.002865323,0.07964473,0.109993584,0.00557184,0.003908835,0.006965272,0.030456744,1.2030847e-05,0.5,0.000836905,0.7148776,0.5,0
3293,NODE21_processed_png/c2587.png,0.032879647,0.06898142,0.1704168,0.048263106,0.03967128,0.002852308,0.00169992,0.062030207,0.116980046,0.009393258,0.009795711,0.007607614,0.029916452,6.899757e-05,0.5,0.001036169,0.40646088,0.5,0
3294,NODE21_processed_png/c2220.png,0.018660355,0.073543526,0.22459593,0.047167458,0.057914495,0.001599198,0.001204913,0.064761944,0.21218747,0.006524766,0.023176936,0.006506786,0.015682355,8.74453e-06,0.5,0.000386062,0.71422136,0.5,0
3295,NODE21_processed_png/n0441.png,0.061265793,0.06316773,0.21694735,0.018919656,0.05226578,0.002570724,0.001462374,0.10756498,0.09079086,0.009083292,0.04281843,0.012253138,0.029599385,0.001061981,0.5,0.007658285,0.3457412,0.5,1
3296,NODE21_processed_png/c0030.png,0.02360764,0.07839233,0.23841496,0.09860407,0.07176534,0.003220589,0.001880348,0.061565503,0.17006737,0.005279558,0.010188215,0.010779829,0.013437317,5.5729153e-05,0.5,0.000578337,0.46540216,0.5,0
3297,NODE21_processed_png/c0797.png,0.030226953,0.05632015,0.15485142,0.089132234,0.01878976,0.024368538,0.005047103,0.019549312,0.089063056,0.013695839,0.004077153,0.009415288,0.0429624,5.591275e-05,0.5,0.001745609,0.2355735,0.5,0
3298,NODE21_processed_png/c1670.png,0.06326793,0.05635691,0.19898114,0.09504354,0.024824522,0.016453937,0.010504716,0.052274585,0.0634761,0.013368111,0.007858441,0.014935904,0.041776635,0.000332489,0.5,0.00447425,0.08586907,0.5,0
3299,NODE21_processed_png/c2765.png,0.01522369,0.051304236,0.1531839,0.030194594,0.021926085,0.006404173,0.003356351,0.017288199,0.04339378,0.005422506,0.003245911,0.008223789,0.022590585,3.5629677e-05,0.5,0.001545999,0.09876822,0.5,0
3300,NODE21_processed_png/c3125.png,0.06766827,0.042496413,0.18752386,0.027296947,0.016942954,0.004911651,0.000728229,0.05362897,0.05474175,0.008054473,0.006444299,0.005195811,0.030782044,5.2355317e-05,0.5,0.001663756,0.096093185,0.5,0
3301,NODE21_processed_png/c3682.png,0.033028655,0.05350219,0.19090766,0.057359062,0.010099258,0.008803054,0.000747588,0.048507858,0.055658557,0.007408967,0.004983527,0.005345726,0.039595596,1.2579099e-05,0.5,0.00146381,0.096940964,0.5,0
3302,NODE21_processed_png/c1211.png,0.030320035,0.027420415,0.15309678,0.03913327,0.011682806,0.006257508,0.006034293,0.029909272,0.029528912,0.014668405,0.014646678,0.008289812,0.03135659,7.198915e-05,0.5,0.004973574,0.027097346,0.5,0
3303,NODE21_processed_png/n0020.png,0.040174384,0.083430365,0.19657265,0.08130319,0.043561757,0.010333357,0.003853744,0.062809795,0.13953063,0.008966358,0.007315928,0.011455238,0.03405523,3.5614154e-05,0.5,0.000774074,0.55538917,0.5,1
3304,NODE21_processed_png/c0451.png,0.046905197,0.03966282,0.1583197,0.12767406,0.011754333,0.030831322,0.006588206,0.030211842,0.0338398,0.010999872,0.004909726,0.007078019,0.03676838,0.000247362,0.5,0.004256799,0.033939023,0.5,0
3305,NODE21_processed_png/c0823.png,0.040448993,0.025725955,0.136502,0.013802184,0.004621029,0.005221871,0.00116207,0.026990877,0.026310371,0.004036371,0.006390013,0.00323139,0.02079833,5.441148e-05,0.5,0.000676696,0.036231317,0.5,0
3306,NODE21_processed_png/n0787.png,0.03710008,0.08319269,0.21059386,0.07599961,0.034964673,0.013491573,0.002374161,0.056478206,0.149551,0.00620712,0.008444579,0.007621458,0.027561361,2.1515687e-05,0.5,0.001929521,0.42290196,0.5,1
3307,NODE21_processed_png/c3544.png,0.032397687,0.046577543,0.18851458,0.06741026,0.01693866,0.015560721,0.007161748,0.040467557,0.039269462,0.015292432,0.0104363,0.010985591,0.036608025,0.000210697,0.5,0.002615126,0.05306292,0.5,0
3308,NODE21_processed_png/c2304.png,0.042897336,0.051711187,0.19599016,0.07181415,0.03351428,0.015864495,0.010616028,0.06729123,0.07695477,0.01448025,0.044616617,0.015072292,0.025897829,0.000407036,0.5,0.007027244,0.13213368,0.5,0
3309,NODE21_processed_png/c2800.png,0.034188107,0.037989296,0.16698074,0.04180759,0.017020175,0.013372694,0.002776634,0.04119188,0.06409486,0.011723877,0.011153037,0.010408989,0.051299557,5.180618e-05,0.5,0.004072441,0.21383652,0.5,0
3310,NODE21_processed_png/c2472.png,0.051263135,0.05816648,0.16046864,0.17369048,0.005849531,0.033888854,0.005960168,0.047435895,0.037773777,0.012736328,0.010594428,0.009363041,0.02734625,1.936936e-05,0.5,0.002616818,0.09455709,0.5,0
3311,NODE21_processed_png/c3595.png,0.034075037,0.11987094,0.22629516,0.11886147,0.0642644,0.005803319,0.010011183,0.15316716,0.20542139,0.031160794,0.00779719,0.022040876,0.1020939,6.627988e-05,0.5,0.00178416,0.76069903,0.5,0
3312,NODE21_processed_png/c3232.png,0.0478703,0.12367949,0.24603513,0.017686535,0.030743215,0.003835984,0.001430043,0.08956938,0.13473268,0.004302867,0.0164264,0.003812947,0.023115508,5.7427238e-05,0.5,0.001205992,0.44043338,0.5,0
3313,NODE21_processed_png/c0480.png,0.06906504,0.047895323,0.14071831,0.03050071,0.009860286,0.008176627,0.000525173,0.060912654,0.06032124,0.007235677,0.006195463,0.004382224,0.030730639,1.811064e-05,0.5,0.001714831,0.2141272,0.5,0
3314,NODE21_processed_png/c0327.png,0.0640487,0.08106476,0.22753896,0.114843674,0.06473336,0.00921544,0.005749995,0.08086085,0.17406759,0.012474846,0.027102709,0.010289063,0.030189771,6.365281e-05,0.5,0.001083861,0.47812954,0.5,0
3315,NODE21_processed_png/n0756.png,0.053107742,0.046843093,0.23261853,0.052323338,0.06542638,0.018282596,0.006560835,0.035377055,0.07071798,0.007421407,0.015023174,0.010480835,0.04354034,0.00039593,0.5,0.003128887,0.054488394,0.5,1
3316,NODE21_processed_png/c1567.png,0.02197764,0.08824875,0.26181805,0.057138022,0.06802568,0.002356952,0.004284867,0.05117776,0.14637908,0.007207216,0.012348479,0.006244979,0.022820055,6.476905e-05,0.5,0.000413646,0.4314266,0.5,0
3317,NODE21_processed_png/c1915.png,0.037092138,0.045492295,0.17592967,0.13101582,0.014393927,0.0892377,0.006695741,0.041957222,0.03471775,0.012801884,0.007152137,0.010307761,0.03025609,0.00051806,0.5,0.002982218,0.037661497,0.5,0
3318,NODE21_processed_png/c3653.png,0.040146615,0.06053082,0.19179286,0.09622762,0.029036127,0.04883476,0.002758845,0.04823571,0.06936383,0.006837388,0.005600803,0.007926973,0.06017457,0.000101584,0.5,0.001039413,0.21268873,0.5,0
3319,NODE21_processed_png/c2013.png,0.022157492,0.046990626,0.18984263,0.060239166,0.00495591,0.015739936,0.005937296,0.025789015,0.047873866,0.010133476,0.009573511,0.005375907,0.032024387,9.057697e-06,0.5,0.000900577,0.08208878,0.5,0
3320,NODE21_processed_png/c1106.png,0.030883469,0.05918904,0.17624429,0.13952486,0.018388223,0.015682824,0.004458497,0.03671852,0.08042124,0.007386476,0.009186842,0.010246739,0.028694835,2.9150142e-05,0.5,0.001273527,0.21758379,0.5,0
3321,NODE21_processed_png/n0490.png,0.062751845,0.08831965,0.20161812,0.09299195,0.02790072,0.014959754,0.003521037,0.11608297,0.097920604,0.009194545,0.009411694,0.010807172,0.01963538,7.0777365e-05,0.5,0.003928597,0.31130096,0.5,1
3322,NODE21_processed_png/c0746.png,0.040599085,0.058766115,0.18285914,0.09531622,0.03207129,0.016088627,0.005794218,0.080225304,0.073268756,0.016571216,0.021775076,0.008439333,0.034860685,0.000267682,0.5,0.003198464,0.28952587,0.5,0
3323,NODE21_processed_png/c1398.png,0.04081222,0.035503536,0.14040893,0.09697838,0.008160796,0.014133825,0.005594755,0.039234616,0.041120805,0.015278526,0.008644181,0.007985231,0.02508706,6.3478175e-05,0.5,0.001356767,0.08940583,0.5,0
3324,NODE21_processed_png/c2958.png,0.04704314,0.05421559,0.13492271,0.030627655,0.007259753,0.007945184,0.00165964,0.036806382,0.04708071,0.005049597,0.011885013,0.007091831,0.037529293,5.1364474e-05,0.5,0.001122609,0.074051656,0.5,0
3325,NODE21_processed_png/n0519.png,0.034176532,0.039620038,0.2119793,0.055688113,0.01257392,0.016607769,0.009585787,0.03386567,0.043076046,0.016820125,0.006983144,0.00950125,0.025904095,8.534357e-05,0.5,0.000966098,0.05864556,0.5,1
3326,NODE21_processed_png/c0168.png,0.023622284,0.059547633,0.19790524,0.07996523,0.012828357,0.031449854,0.010351853,0.0503931,0.05356329,0.014142257,0.012330372,0.009536354,0.02609182,1.9894673e-05,0.5,0.000638769,0.098530404,0.5,0
3327,NODE21_processed_png/c1728.png,0.030216258,0.039593875,0.16236062,0.24445911,0.014732176,0.08501695,0.004312119,0.026712943,0.051592115,0.008575758,0.0078983,0.007910755,0.025834514,2.936627e-05,0.5,0.001708788,0.10387775,0.5,0
3328,NODE21_processed_png/c2989.png,0.013492427,0.07587077,0.25176504,0.07488251,0.06410256,0.006542477,0.004964569,0.021790477,0.097823344,0.003573121,0.002683127,0.010060501,0.0183652,2.77628e-05,0.5,0.000429892,0.14373198,0.5,0
3329,NODE21_processed_png/c1349.png,0.03451597,0.04143215,0.18886814,0.17143068,0.014276548,0.03244939,0.00703252,0.019850254,0.038866885,0.008646188,0.002572161,0.009208102,0.0339253,3.2293625e-05,0.5,0.001482514,0.019804768,0.5,0
3330,NODE21_processed_png/n0178.png,0.06408219,0.08089699,0.26894715,0.042167485,0.09600976,0.003570587,0.001516686,0.12606679,0.16299692,0.011764852,0.0618255,0.007556557,0.027312757,0.000221482,0.5,0.002406272,0.43866166,0.5,1
3331,NODE21_processed_png/c0509.png,0.04448469,0.04276618,0.18739483,0.034842454,0.042930204,0.02184983,0.001740964,0.056052767,0.066793986,0.011537647,0.040276445,0.008628871,0.029973721,0.000233975,0.5,0.00229322,0.17553364,0.5,0
3332,NODE21_processed_png/c1602.png,0.038061008,0.11156885,0.29390255,0.18717355,0.07292983,0.053858217,0.006554306,0.049260058,0.23954001,0.009999541,0.003002235,0.020673756,0.05871856,7.461711e-05,0.5,0.001657797,0.6777412,0.5,0
3333,NODE21_processed_png/c0042.png,0.043365516,0.08015198,0.19761638,0.07331398,0.033517633,0.003606244,0.009336984,0.06616801,0.09194587,0.009666246,0.01232618,0.014453116,0.028276144,5.976128e-05,0.5,0.001327153,0.42668176,0.5,0
3334,NODE21_processed_png/n0433.png,0.076517895,0.046878513,0.18178932,0.19402027,0.021243775,0.03466368,0.010710535,0.07541885,0.11650058,0.01763375,0.02055869,0.018616492,0.060394082,0.000180316,0.5,0.003100108,0.38381475,0.5,1
3335,NODE21_processed_png/n0841.png,0.045518592,0.046486422,0.18623541,0.04867127,0.039860774,0.015689464,0.002721233,0.056046758,0.06343572,0.008715489,0.022124965,0.012326513,0.053839263,0.000123253,0.5,0.005970356,0.1475548,0.5,1
3336,NODE21_processed_png/c3157.png,0.063639954,0.03846559,0.12866715,0.054027583,0.008468551,0.015921393,0.006783411,0.08780013,0.02438727,0.008663668,0.019271646,0.008699993,0.020637693,0.000411632,0.5,0.001807454,0.024047796,0.5,0
3337,NODE21_processed_png/c2717.png,0.019497568,0.07114196,0.17905813,0.05264952,0.008965065,0.006624532,0.007641661,0.0342565,0.050754763,0.011229567,0.003979681,0.012353251,0.029757908,8.027223e-06,0.5,0.000694575,0.12901738,0.5,0
3338,NODE21_processed_png/c0384.png,0.042473003,0.058657005,0.17465648,0.06304793,0.012122601,0.007482491,0.006037651,0.06431713,0.047469504,0.010690491,0.01704091,0.009977188,0.042546872,1.4084007e-05,0.5,0.001499578,0.084176876,0.5,0
3339,NODE21_processed_png/c0423.png,0.049778618,0.07756371,0.19587447,0.16761436,0.027196089,0.028759435,0.015714454,0.0593103,0.078928754,0.013886958,0.009272287,0.009265771,0.028445767,8.035774e-05,0.5,0.001849368,0.21824391,0.5,0
3340,NODE21_processed_png/c0851.png,0.028910613,0.04338288,0.19116579,0.04320692,0.04860566,0.005230378,0.002787964,0.07295414,0.085839376,0.011289371,0.00774189,0.007855938,0.017809836,0.000133899,0.5,0.001961854,0.25692347,0.5,0
3341,NODE21_processed_png/c1263.png,0.051773142,0.06060042,0.26090807,0.028022371,0.037933294,0.003734029,0.001328471,0.07013331,0.12167392,0.004282111,0.02583084,0.005764518,0.015322031,5.7582864e-05,0.5,0.000791008,0.27710387,0.5,0
3342,NODE21_processed_png/c2376.png,0.018095776,0.13011394,0.23845857,0.09404405,0.05529748,0.007876411,0.006703617,0.038144495,0.167789,0.007169701,0.003686671,0.013497535,0.022365553,7.904312e-06,0.5,0.000434943,0.55490386,0.5,0
3343,NODE21_processed_png/c3291.png,0.078976445,0.05632096,0.16792081,0.08546942,0.013437043,0.020735893,0.002857772,0.07609267,0.076626316,0.013972165,0.006262972,0.009622165,0.053372737,3.178279e-05,0.5,0.00982594,0.16423342,0.5,0
3344,NODE21_processed_png/c3536.png,0.037369903,0.11727148,0.19834188,0.11043962,0.021370523,0.030837797,0.001146377,0.08279928,0.13123989,0.006561222,0.003476813,0.005645866,0.031042047,3.829311e-06,0.5,0.000468169,0.57027364,0.5,0
3345,NODE21_processed_png/c3240.png,0.034361485,0.06583869,0.2283319,0.1308,0.024981344,0.020338956,0.004292762,0.059532393,0.078827724,0.008970796,0.011631145,0.006351593,0.03575257,3.560325e-05,0.5,0.000425758,0.26451924,0.5,0
3346,NODE21_processed_png/c2872.png,0.032833707,0.052644737,0.14814386,0.09679654,0.024697784,0.017841298,0.011058592,0.042544723,0.050423503,0.013780137,0.012920148,0.008171893,0.032837037,6.7701854e-05,0.5,0.000996153,0.10219047,0.5,0
3347,NODE21_processed_png/c2400.png,0.026950138,0.028942702,0.15839279,0.0552892,0.014008905,0.015201441,0.003530851,0.018293416,0.036567073,0.010846282,0.010155467,0.008648519,0.040207446,0.000190307,0.5,0.002427341,0.08072765,0.5,0
3348,NODE21_processed_png/c1515.png,0.06104576,0.07628942,0.23789977,0.12664583,0.032620076,0.013194148,0.003873974,0.051987857,0.10115418,0.007949273,0.004246593,0.011811128,0.04802544,0.000107747,0.5,0.002592964,0.16530807,0.5,0
3349,NODE21_processed_png/c1967.png,0.050214488,0.046622086,0.24290171,0.029372819,0.012492081,0.009050675,0.000944131,0.057436544,0.057120096,0.008334421,0.005003416,0.006178576,0.042798307,4.119751e-05,0.5,0.000883515,0.09814617,0.5,0
3350,NODE21_processed_png/n0724.png,0.03230449,0.05891041,0.20156577,0.1297032,0.028644545,0.0081568,0.006794014,0.055156045,0.14962012,0.013167428,0.021375418,0.011887318,0.020335428,9.8028606e-05,0.5,0.001601995,0.45459843,0.5,1
3351,NODE21_processed_png/c0355.png,0.0714049,0.06515611,0.1769668,0.08880719,0.041260034,0.008200349,0.008806831,0.14797543,0.11714163,0.02596878,0.034424316,0.016032277,0.03730552,0.000609111,0.5,0.002774336,0.49617863,0.5,0
3352,NODE21_processed_png/c0880.png,0.030926913,0.061130106,0.16892776,0.08523492,0.02738346,0.01079861,0.004052129,0.042933248,0.07039593,0.012363485,0.011484482,0.007234009,0.03430108,3.2270967e-05,0.5,0.001054866,0.29439378,0.5,0
3353,NODE21_processed_png/c2061.png,0.07134102,0.044029538,0.18126778,0.10091408,0.01418118,0.01649847,0.002234964,0.16829762,0.040852908,0.017886965,0.01758945,0.007974459,0.026219241,8.927685e-05,0.5,0.002573792,0.10297044,0.5,0
3354,NODE21_processed_png/c3621.png,0.099373706,0.06927055,0.1637947,0.078758374,0.007765938,0.022187972,0.006560027,0.16805397,0.060639724,0.011914014,0.015121494,0.009673254,0.025055494,6.6530185e-05,0.5,0.003324356,0.20628448,0.5,0
3355,NODE21_processed_png/c3186.png,0.058495052,0.055421595,0.17318532,0.04949138,0.013497939,0.00911639,0.004652384,0.205716,0.036876503,0.032707084,0.03199729,0.008310155,0.04305425,0.000341285,0.5,0.002123366,0.087615244,0.5,0
3356,NODE21_processed_png/n0345.png,0.058291133,0.054064237,0.24698463,0.02940776,0.044712346,0.003834166,0.001261916,0.08019354,0.07549505,0.007209642,0.055862766,0.005127532,0.024581855,0.000127697,0.5,0.001857013,0.06956408,0.5,1
3357,NODE21_processed_png/c0734.png,0.099064,0.050659917,0.15367478,0.06615563,0.004586645,0.015115757,0.004304801,0.07173756,0.03911093,0.024475146,0.005621042,0.007541024,0.071464226,2.2457107e-05,0.5,0.00129135,0.13418892,0.5,0
3358,NODE21_processed_png/c0093.png,0.08158485,0.02893479,0.16190766,0.01712281,0.007982802,0.004319492,0.000818473,0.18800168,0.028336784,0.009074084,0.0645336,0.005100519,0.028737444,7.2300034e-05,0.5,0.003443774,0.045670204,0.5,0
3359,NODE21_processed_png/c1174.png,0.033150855,0.05980644,0.1782124,0.051114168,0.010393073,0.013198232,0.001390813,0.029785533,0.061478004,0.004406262,0.002291898,0.007005374,0.024867319,2.2697863e-05,0.5,0.001100214,0.13078044,0.5,0
3360,NODE21_processed_png/c3318.png,0.06191561,0.07314957,0.19592725,0.071464345,0.037852205,0.012144186,0.010074899,0.11966514,0.08426652,0.01641706,0.046697333,0.015098384,0.03356395,0.000918928,0.5,0.005880538,0.25035298,0.5,0
3361,NODE21_processed_png/c2558.png,0.0663636,0.09152667,0.14368376,0.15557191,0.014126937,0.019989036,0.002487512,0.14480941,0.10544425,0.016408518,0.008511746,0.012534726,0.046805654,9.207151e-06,0.5,0.002971946,0.571875,0.5,0
3362,NODE21_processed_png/c2139.png,0.05333651,0.040942494,0.12494973,0.073089525,0.009054854,0.008101774,0.002476573,0.059113722,0.04174343,0.008785026,0.020890573,0.007912753,0.034873564,6.340298e-05,0.5,0.001449352,0.06597285,0.5,0
3363,NODE21_processed_png/c3779.png,0.041775167,0.09701692,0.2132023,0.04312316,0.045766428,0.015455303,0.004887998,0.06696939,0.16502348,0.00821573,0.028749138,0.008301068,0.026909187,3.1028274e-05,0.5,0.001064571,0.63424474,0.5,0
3364,NODE21_processed_png/c2589.png,0.03953291,0.09105596,0.19710131,0.17908654,0.035376552,0.019367868,0.010797643,0.061616756,0.14352964,0.011918864,0.010100764,0.016384408,0.025115395,8.7431596e-05,0.5,0.001481826,0.39457157,0.5,0
3365,NODE21_processed_png/c0909.png,0.037408162,0.030076686,0.15636672,0.09363375,0.012467466,0.032367535,0.006137989,0.026089866,0.042462602,0.009122715,0.005885445,0.006970557,0.03613315,9.625328e-05,0.5,0.002209558,0.043848217,0.5,0
3366,NODE21_processed_png/c0799.png,0.05521098,0.078710474,0.17221533,0.14949815,0.022283165,0.021051103,0.00242335,0.060291078,0.06292553,0.007553043,0.005522359,0.014500928,0.06360492,7.5077114e-05,0.5,0.003468661,0.12758803,0.5,0
3367,NODE21_processed_png/n0789.png,0.059971716,0.091049135,0.24018694,0.038475823,0.029536081,0.013216999,0.002063952,0.08484551,0.09971108,0.006663605,0.021157786,0.00864266,0.030929793,4.11325e-05,0.5,0.000862168,0.18600129,0.5,1
3368,NODE21_processed_png/c1569.png,0.07595637,0.09286244,0.19271164,0.13142247,0.027778892,0.051160414,0.004164163,0.11180092,0.10173197,0.015823983,0.024862744,0.010116641,0.033975385,9.1172355e-05,0.5,0.002623627,0.49339718,0.5,0
3369,NODE21_processed_png/n0758.png,0.057184044,0.04578638,0.19913293,0.051555872,0.011115206,0.041665416,0.013609978,0.06559929,0.041829973,0.015168818,0.02389126,0.011129386,0.020415789,0.000572235,0.5,0.004004876,0.06300477,0.5,1
3370,NODE21_processed_png/c0329.png,0.050400887,0.04563917,0.13367118,0.040098142,0.004041401,0.01913406,0.002035209,0.027459245,0.03513498,0.00785092,0.008758573,0.009837464,0.04217956,1.4397672e-05,0.5,0.001601301,0.17497726,0.5,0
3371,NODE21_processed_png/n0339.png,0.06031312,0.07361683,0.24705501,0.06112646,0.056207795,0.015188621,0.009420726,0.08902311,0.11385908,0.0175664,0.024954023,0.022024656,0.04010327,0.001232271,0.5,0.00783043,0.3664923,0.5,1
3372,NODE21_processed_png/c0748.png,0.054212023,0.04678136,0.14845443,0.06458858,0.01416079,0.013903155,0.00689763,0.05427118,0.04294211,0.013181937,0.025378793,0.006935669,0.027624559,0.000129806,0.5,0.00156665,0.053642374,0.5,0
3373,NODE21_processed_png/c1108.png,0.0293941,0.051539596,0.16628096,0.06056827,0.01472015,0.01463878,0.003553823,0.060313582,0.04677883,0.01328197,0.007185622,0.005744767,0.027982928,5.3505824e-05,0.5,0.001648316,0.07692118,0.5,0
3374,NODE21_processed_png/c3364.png,0.04147796,0.050576847,0.15893972,0.031462174,0.014918367,0.014133048,0.000996752,0.035265114,0.06261554,0.005246774,0.008544397,0.004514282,0.03384087,8.49211e-05,0.5,0.003173512,0.16596991,0.5,0
3375,NODE21_processed_png/c2283.png,0.04811634,0.06982145,0.15111755,0.079016335,0.023358125,0.018696593,0.003532903,0.07665832,0.0719167,0.012275144,0.00919712,0.010380271,0.036121666,4.6352863e-05,0.5,0.00158515,0.280378,0.5,0
3376,NODE21_processed_png/c2524.png,0.021268584,0.071728796,0.19210479,0.1009599,0.01935619,0.017226383,0.004952998,0.094694495,0.07930434,0.008029344,0.010213185,0.005655194,0.02223138,1.7579094e-05,0.5,0.00058483,0.22566229,0.5,0
3377,NODE21_processed_png/c2956.png,0.035242368,0.079683125,0.22284211,0.027347662,0.031212177,0.002723753,0.001156402,0.07403279,0.104048885,0.005290956,0.007813215,0.00590575,0.020715257,6.5517546e-05,0.5,0.001341334,0.47602877,0.5,0
3378,NODE21_processed_png/c1396.png,0.046588004,0.050625283,0.1555259,0.10653889,0.013955534,0.031023366,0.006680113,0.04003641,0.060533766,0.013557162,0.00601362,0.00903644,0.049027037,0.000219412,0.5,0.003779196,0.27521256,0.5,0
3379,NODE21_processed_png/c1843.png,0.053635996,0.051515892,0.20123927,0.11610081,0.025256518,0.16572157,0.003669796,0.044475988,0.06133875,0.013133128,0.004403436,0.007016539,0.04283216,0.000123384,0.5,0.003585021,0.12483732,0.5,0
3380,NODE21_processed_png/c1431.png,0.06866506,0.061063558,0.2573679,0.039775737,0.048755165,0.003839619,0.001441601,0.06740073,0.1120343,0.003874737,0.03351543,0.005993888,0.015636815,0.000270094,0.5,0.002001199,0.2048209,0.5,0
3381,NODE21_processed_png/c0271.png,0.10226962,0.07658315,0.21638179,0.20336366,0.017854001,0.05001733,0.008448967,0.07068401,0.108299404,0.010807548,0.007018601,0.011427965,0.05203823,0.000641482,0.5,0.004460839,0.31538117,0.5,0
3382,NODE21_processed_png/c2145.png,0.03663089,0.06033543,0.18281429,0.083576195,0.019689048,0.011490773,0.003170854,0.0543453,0.06396194,0.012590238,0.031613432,0.006323347,0.021561718,0.000211397,0.5,0.003169147,0.1674138,0.5,0
3383,NODE21_processed_png/c3705.png,0.021293486,0.09864948,0.16020337,0.01759168,0.013317131,0.003381754,0.001877924,0.061283868,0.0690222,0.005480778,0.003243918,0.006392223,0.019600801,1.4108271e-05,0.5,0.001061551,0.28079978,0.5,0
3384,NODE21_processed_png/n0261.png,0.07477762,0.05793218,0.2586131,0.036275137,0.06037375,0.005132723,0.000850395,0.08323463,0.15540007,0.006411677,0.05691625,0.013340269,0.04116599,6.373913e-05,0.5,0.003353988,0.41972694,0.5,1
3385,NODE21_processed_png/c0610.png,0.039737944,0.078838,0.19995745,0.07645186,0.04583219,0.001691563,0.001225725,0.119608246,0.16075008,0.01056498,0.05662152,0.005927949,0.018759431,3.968504e-05,0.5,0.000389905,0.5891938,0.5,0
3386,NODE21_processed_png/c1050.png,0.07153932,0.060835965,0.23872967,0.03802755,0.045095246,0.004394039,0.00304689,0.13368726,0.121831514,0.008204297,0.033497017,0.01076003,0.034561265,0.000179472,0.5,0.002624835,0.48158467,0.5,0
3387,NODE21_processed_png/c1726.png,0.03520315,0.05237847,0.21059427,0.07240127,0.042914264,0.016319808,0.00675543,0.048839524,0.08117935,0.017019792,0.006720073,0.010029848,0.02924701,0.000221997,0.5,0.002013663,0.1393148,0.5,0
3388,NODE21_processed_png/c1081.png,0.048660498,0.07985493,0.24492258,0.062091075,0.038933683,0.018776309,0.003959074,0.060223967,0.12279111,0.005093572,0.016664082,0.00718914,0.016799884,4.3019507e-05,0.5,0.001080586,0.44222587,0.5,0
3389,NODE21_processed_png/c0166.png,0.057911508,0.05864298,0.16048509,0.058756985,0.020418229,0.006203617,0.003159191,0.10640399,0.0524661,0.009006646,0.02222163,0.008390048,0.03836323,0.000122035,0.5,0.0019553,0.15237856,0.5,0
3390,NODE21_processed_png/n0965.png,0.03167485,0.09194528,0.24816899,0.09827592,0.090945534,0.019604817,0.008728909,0.082563505,0.104684085,0.013735314,0.023094343,0.020008577,0.05082199,0.000751345,0.5,0.001744427,0.24774522,0.5,1
3391,NODE21_processed_png/c3073.png,0.065517746,0.03820904,0.14049259,0.20674393,0.006061278,0.14982945,0.004557321,0.040353984,0.033107873,0.008376457,0.010957996,0.014131757,0.042863727,0.000352394,0.5,0.00350416,0.046932302,0.5,0
3392,NODE21_processed_png/c2633.png,0.035304688,0.09981386,0.21265109,0.08220484,0.057513148,0.006021922,0.002948555,0.07127264,0.18505675,0.005657319,0.008105858,0.009714499,0.021191569,0.000102788,0.5,0.000817755,0.65451086,0.5,0
3393,NODE21_processed_png/c2194.png,0.032622177,0.082029775,0.19366133,0.17199291,0.053047407,0.007247927,0.006450506,0.051198673,0.12285717,0.011686695,0.023214458,0.010619152,0.036605656,4.4434502e-05,0.5,0.000654012,0.4491037,0.5,0
3394,NODE21_processed_png/c0507.png,0.030708272,0.072771914,0.1950249,0.10561065,0.068890214,0.012783373,0.005196406,0.07367655,0.090446346,0.014868301,0.007319897,0.01391905,0.051499102,0.000137707,0.5,0.002253235,0.27091366,0.5,0
3395,NODE21_processed_png/c1347.png,0.03171722,0.085648105,0.20083785,0.090480745,0.026423326,0.013657088,0.005145121,0.061848924,0.08734488,0.01039253,0.001317021,0.010988527,0.033293996,1.4493761e-05,0.5,0.007895766,0.12601131,0.5,0
3396,NODE21_processed_png/n1091.png,0.052346177,0.07737077,0.1946178,0.15627827,0.033846702,0.06563745,0.007982899,0.06493217,0.07182578,0.02149706,0.013911883,0.014349259,0.048109643,0.000275012,0.5,0.003372105,0.3216283,0.5,1
3397,NODE21_processed_png/c1892.png,0.052432854,0.065763816,0.12932795,0.07244242,0.009703747,0.05996675,0.001274698,0.0623008,0.040742733,0.008167198,0.004686697,0.008698866,0.065281555,5.5233413e-05,0.5,0.002915276,0.2533673,0.5,0
3398,NODE21_processed_png/c2252.png,0.05949574,0.088492066,0.22386953,0.040940195,0.055262215,0.006034155,0.003615329,0.068047196,0.10328651,0.01206431,0.029825028,0.014231711,0.051004555,0.000383995,0.5,0.002451511,0.2849915,0.5,0
3399,NODE21_processed_png/c3412.png,0.05309941,0.06015444,0.20584083,0.036651142,0.007661478,0.003896448,0.000829652,0.056932848,0.087143436,0.006498394,0.002026745,0.006216915,0.049852625,3.8652265e-06,0.5,0.001234584,0.31132504,0.5,0
3400,NODE21_processed_png/c3860.png,0.10709018,0.04353895,0.1302952,0.06843539,0.004339369,0.011943751,0.001160593,0.0779549,0.025350131,0.007625602,0.002580078,0.009908477,0.04193975,6.301791e-05,0.5,0.009084164,0.050451655,0.5,0
3401,NODE21_processed_png/c0039.png,0.032835685,0.059172805,0.19579832,0.04996095,0.009521909,0.014142551,0.001591772,0.034689046,0.035591334,0.006352869,0.004315027,0.006830185,0.027475022,2.2261043e-05,0.5,0.002401832,0.05246315,0.5,0
3402,NODE21_processed_png/c1679.png,0.0343895,0.056309924,0.17015117,0.17435008,0.015115654,0.07049116,0.00176111,0.04477673,0.059403498,0.006239201,0.004854663,0.01005371,0.028030021,5.566606e-05,0.5,0.002353107,0.11023349,0.5,0
3403,NODE21_processed_png/c1218.png,0.039060865,0.056485925,0.20094812,0.07582428,0.014123066,0.013551226,0.003776111,0.059508476,0.04648649,0.012946218,0.00956031,0.005503366,0.029363312,0.000105198,0.5,0.001349654,0.047774725,0.5,0
3404,NODE21_processed_png/c0458.png,0.06375073,0.07003623,0.18665737,0.05187,0.03608757,0.004326586,0.001292804,0.07371906,0.07601317,0.004750328,0.020333098,0.014706414,0.032948706,0.000247719,0.5,0.003774402,0.17203268,0.5,0
3405,NODE21_processed_png/n0029.png,0.06162174,0.09139877,0.22406213,0.044740524,0.044166353,0.013292637,0.006613976,0.12066753,0.115862474,0.009191154,0.056486186,0.010729414,0.016597532,0.000238147,0.5,0.003460064,0.39576724,0.5,1
3406,NODE21_processed_png/c0489.png,0.052050903,0.056876548,0.22480568,0.06411847,0.026896624,0.008756348,0.004942221,0.05174028,0.10151712,0.010312307,0.01254535,0.0087427,0.041190024,0.000107571,0.5,0.001894384,0.32870987,0.5,0
3407,NODE21_processed_png/c2809.png,0.06650253,0.043756917,0.16803844,0.054466173,0.00536566,0.010364161,0.002657476,0.049536075,0.032103095,0.012429136,0.003162846,0.0117059,0.05844502,5.0659837e-05,0.5,0.002660872,0.09991391,0.5,0
3408,NODE21_processed_png/n0499.png,0.029294694,0.10458963,0.27650824,0.06796343,0.051415127,0.008001468,0.003195062,0.045771305,0.18043533,0.007734247,0.005636684,0.013519871,0.034016572,4.2220272e-05,0.5,0.001976094,0.63018537,0.5,1
3409,NODE21_processed_png/c2951.png,0.03951939,0.032425884,0.110032685,0.064456664,0.00683306,0.009867944,0.001121681,0.02651142,0.031703983,0.0040258,0.009589025,0.00538543,0.027670292,5.6604502e-05,0.5,0.001274433,0.047200274,0.5,0
3410,NODE21_processed_png/c2523.png,0.05536887,0.04262556,0.17511968,0.05734945,0.02047209,0.020668896,0.002494013,0.03816994,0.042369854,0.003967373,0.011210116,0.008225834,0.022805857,0.00040537,0.5,0.002945116,0.03649976,0.5,0
3411,NODE21_processed_png/c2284.png,0.04284898,0.041249927,0.14022686,0.05824242,0.004062622,0.010952438,0.001502476,0.12450311,0.031109344,0.005995686,0.008344017,0.009658756,0.01652328,0.000289215,0.5,0.005079253,0.04847273,0.5,0
3412,NODE21_processed_png/c3363.png,0.040361863,0.089007206,0.17096038,0.19836742,0.022968963,0.026598731,0.003777232,0.07713191,0.08286001,0.008262023,0.002379337,0.013506208,0.047980685,5.787585e-05,0.5,0.003106528,0.21126504,0.5,0
3413,NODE21_processed_png/c0276.png,0.030526213,0.043366898,0.12322758,0.02636849,0.006368532,0.00854999,0.000814455,0.038684618,0.040214665,0.004384191,0.005004003,0.00585604,0.025578488,3.061893e-05,0.5,0.00171586,0.15052323,0.5,0
3414,NODE21_processed_png/c1436.png,0.025017714,0.06696822,0.18974623,0.13607782,0.040516507,0.017386517,0.014073762,0.03744866,0.085888416,0.014103631,0.011516743,0.011175513,0.029643124,3.2415006e-05,0.5,0.000968762,0.13103595,0.5,0
3415,NODE21_processed_png/c1844.png,0.03897,0.023325814,0.111812524,0.03514985,0.004139744,0.011518904,0.001032495,0.029773163,0.016052881,0.006201552,0.014273611,0.004026829,0.03187367,0.000134235,0.5,0.001051157,0.007644668,0.5,0
3416,NODE21_processed_png/n1047.png,0.033194,0.07125774,0.2833359,0.09102263,0.10043665,0.008641915,0.008393564,0.08801377,0.08315611,0.007450949,0.011645866,0.01635279,0.016671883,0.000348781,0.5,0.003191045,0.1057162,0.5,1
3417,NODE21_processed_png/c1391.png,0.03217255,0.09233218,0.23241429,0.17705838,0.09930474,0.006666347,0.005091661,0.090536855,0.17183758,0.010152504,0.035109866,0.010110288,0.013681949,0.000193201,0.5,0.001302223,0.48817757,0.5,0
3418,NODE21_processed_png/c3702.png,0.07786043,0.05435114,0.15921319,0.08124674,0.012070937,0.040053412,0.003760441,0.041860137,0.068177305,0.011602081,0.005983859,0.008639282,0.031036338,0.000394191,0.5,0.002676227,0.13238588,0.5,0
3419,NODE21_processed_png/c2142.png,0.04290551,0.104033165,0.20776053,0.21407714,0.025778534,0.02253731,0.005411549,0.096296705,0.07477574,0.015217164,0.004760255,0.018938605,0.08270797,9.317471e-05,0.5,0.001322663,0.14346734,0.5,0
3420,NODE21_processed_png/c1057.png,0.052958947,0.08369287,0.2607896,0.024585536,0.08359046,0.001621497,0.001755682,0.10642221,0.17055136,0.007997054,0.035414204,0.011090209,0.033801306,0.000168825,0.5,0.001595162,0.48583177,0.5,0
3421,NODE21_processed_png/c0617.png,0.06737908,0.057639785,0.1629777,0.044815935,0.00515548,0.014536549,0.002153111,0.04049779,0.051329885,0.00613859,0.012038734,0.010621958,0.03748904,4.704207e-05,0.5,0.003677692,0.25162795,0.5,0
3422,NODE21_processed_png/c0161.png,0.057382066,0.044144034,0.20968017,0.07261558,0.027289001,0.015894076,0.001217484,0.07138199,0.084479384,0.00906547,0.009960165,0.00686166,0.031894024,9.67561e-05,0.5,0.003065697,0.15717433,0.5,0
3423,NODE21_processed_png/n0510.png,0.069745705,0.046224464,0.19585904,0.057620727,0.02644173,0.008264958,0.001671315,0.08553109,0.09751713,0.008495301,0.030431079,0.005792589,0.043645088,0.000173748,0.5,0.003581521,0.46903655,0.5,1
3424,NODE21_processed_png/c1086.png,0.031780463,0.060078427,0.18313329,0.08931021,0.032703348,0.008907162,0.004787883,0.056381866,0.09564738,0.009766614,0.005140101,0.011361439,0.032987617,8.8155255e-05,0.5,0.002111712,0.42609066,0.5,0
3425,NODE21_processed_png/c1721.png,0.049445722,0.032140363,0.19386776,0.05534946,0.02225188,0.020393139,0.004251362,0.034214523,0.05214468,0.010034584,0.021352783,0.005329364,0.0218408,4.0814015e-05,0.5,0.001247794,0.17767139,0.5,0
3426,NODE21_processed_png/c2193.png,0.03113336,0.061928194,0.19185542,0.060445376,0.050033066,0.014917657,0.007423793,0.051096473,0.098588176,0.008226541,0.011874988,0.008108155,0.029714148,6.673384e-05,0.5,0.001610919,0.17237194,0.5,0
3427,NODE21_processed_png/c2634.png,0.03528281,0.09177983,0.23540755,0.1528574,0.056697782,0.054713797,0.007610103,0.0477699,0.11010605,0.010488753,0.005261534,0.01774572,0.04104671,0.00019539,0.5,0.002450594,0.2515336,0.5,0
3428,NODE21_processed_png/c3074.png,0.013827072,0.081838295,0.19695957,0.079255015,0.028746692,0.015983801,0.007561425,0.041048992,0.14209329,0.016982887,0.009591403,0.012119775,0.015470653,1.3128137e-05,0.5,0.000551246,0.7306227,0.5,0
3429,NODE21_processed_png/c1895.png,0.024285922,0.02568455,0.13298649,0.039479103,0.005421885,0.013671057,0.003321287,0.02569957,0.017178051,0.006639938,0.01191547,0.006647517,0.027208574,0.000302985,0.5,0.001396628,0.005302396,0.5,0
3430,NODE21_processed_png/c1340.png,0.0197132,0.046958525,0.17821828,0.14719024,0.029220572,0.03064499,0.013627985,0.03774651,0.060828716,0.024307512,0.007855777,0.01105586,0.04015916,1.7270107e-05,0.5,0.001047675,0.22305048,0.5,0
3431,NODE21_processed_png/c0500.png,0.04463804,0.057575364,0.17458506,0.15732342,0.017546253,0.06456975,0.003429355,0.050150957,0.086001195,0.012829,0.007693746,0.007546206,0.03377434,1.6048418e-05,0.5,0.00220214,0.54426634,0.5,0
3432,NODE21_processed_png/c0972.png,0.06955748,0.11243205,0.18304026,0.04314674,0.014772259,0.013151394,0.00195413,0.2699734,0.13841118,0.007753546,0.012690377,0.005633097,0.022998411,1.868588e-05,0.5,0.001630591,0.80418986,0.5,0
3433,NODE21_processed_png/c3867.png,0.026390098,0.06456766,0.19961993,0.05359846,0.041919008,0.008109581,0.007693213,0.037702173,0.078542955,0.00788233,0.017203981,0.00634992,0.018522875,1.6453982e-05,0.5,0.000677332,0.16254844,0.5,0
3434,NODE21_processed_png/c3415.png,0.06743986,0.055384155,0.17347497,0.0902321,0.018806469,0.015404816,0.002615342,0.0937263,0.05004358,0.016603014,0.016177401,0.007100497,0.034497432,6.655068e-05,0.5,0.004064373,0.0892129,0.5,0
3435,NODE21_processed_png/c2980.png,0.057389073,0.09591175,0.17576817,0.087329365,0.01553574,0.017150512,0.007962851,0.17816573,0.062170494,0.013001174,0.018413538,0.010448623,0.014704577,4.8199952e-05,0.5,0.007690775,0.18480347,0.5,0
3436,NODE21_processed_png/c2255.png,0.065278254,0.044381287,0.188172,0.08542043,0.020230157,0.038845815,0.005177807,0.0505671,0.029185828,0.015077128,0.011119298,0.007297922,0.044830926,0.000128584,0.5,0.002934623,0.03577943,0.5,0
3437,NODE21_processed_png/c0045.png,0.08697033,0.044763986,0.16602235,0.10200141,0.010484981,0.030122133,0.001807941,0.06959724,0.06907373,0.009722687,0.005401043,0.007925023,0.037883345,0.000101691,0.5,0.003285446,0.2694369,0.5,0
3438,NODE21_processed_png/n0846.png,0.071930155,0.11230447,0.2385091,0.06688298,0.058628235,0.013954615,0.003401262,0.1076255,0.1228134,0.010188752,0.010001738,0.009863032,0.03919216,0.000132321,0.5,0.006303558,0.5511319,0.5,1
3439,NODE21_processed_png/n0393.png,0.047714014,0.06458522,0.22302304,0.035607826,0.041547917,0.007730855,0.002405266,0.04126955,0.12646797,0.006913481,0.016831528,0.010811311,0.03343806,0.000219855,0.5,0.006820257,0.41888595,0.5,1
3440,NODE21_processed_png/c1605.png,0.030816332,0.048479144,0.18589793,0.034833536,0.015621834,0.002884178,0.00307323,0.029297993,0.103265084,0.00456475,0.007247482,0.004061319,0.013913353,5.736259e-05,0.5,0.000600005,0.2604946,0.5,0
3441,NODE21_processed_png/c2710.png,0.080691926,0.037473783,0.17670017,0.015403704,0.02007109,0.004019508,0.001926658,0.16045426,0.045914575,0.014003047,0.06369434,0.005582195,0.027124517,0.000287962,0.5,0.002829401,0.08793305,0.5,0
3442,NODE21_processed_png/c3150.png,0.045602318,0.04836852,0.19930492,0.104779325,0.03583167,0.020958822,0.005820185,0.10468383,0.05714745,0.016507918,0.03269278,0.012950614,0.064272806,0.00027678,0.5,0.003947127,0.119022265,0.5,0
3443,NODE21_processed_png/c1264.png,0.054904826,0.08296866,0.18597557,0.1008025,0.035906542,0.01215925,0.003691967,0.0889595,0.091239624,0.011210946,0.02054373,0.00960376,0.033997905,6.23752e-05,0.5,0.001291069,0.47290128,0.5,0
3444,NODE21_processed_png/c0856.png,0.03506491,0.058282875,0.17618914,0.07648427,0.025387986,0.010269124,0.004622986,0.06680593,0.08085261,0.010760153,0.016517159,0.007803672,0.022751367,0.000147758,0.5,0.00162394,0.31876463,0.5,0
3445,NODE21_processed_png/c0424.png,0.031450406,0.058917757,0.15443228,0.08751009,0.029032646,0.010168162,0.002150394,0.049107198,0.06382459,0.00792513,0.010529456,0.00903277,0.029245209,2.6987651e-05,0.5,0.002531508,0.36110023,0.5,0
3446,NODE21_processed_png/n0055.png,0.05641825,0.0994014,0.19568986,0.11323659,0.037704162,0.009525131,0.003711226,0.09665825,0.121569596,0.01398958,0.005661423,0.011269871,0.043892898,0.000126876,0.5,0.002915523,0.35747775,0.5,1
3447,NODE21_processed_png/c0383.png,0.040449403,0.061335083,0.22183786,0.10835419,0.03334187,0.008640416,0.002581969,0.050622076,0.13470854,0.010605961,0.01200861,0.008433838,0.024118248,2.7919476e-05,0.5,0.001410401,0.36408475,0.5,0
3448,NODE21_processed_png/c3531.png,0.046523523,0.046435677,0.21949688,0.03730288,0.038897533,0.014979015,0.004702305,0.062254336,0.089997396,0.011880067,0.028257659,0.010752908,0.031626116,0.000180689,0.5,0.002483164,0.17102323,0.5,0
3449,NODE21_processed_png/c2371.png,0.03795778,0.040619794,0.21560866,0.015808411,0.03238637,0.003173191,0.001499384,0.08857549,0.07823856,0.006740103,0.04400863,0.005361833,0.020453805,0.000356113,0.5,0.002273506,0.14129758,0.5,0
3450,NODE21_processed_png/c2407.png,0.06553702,0.031675525,0.17248486,0.049141053,0.016825726,0.016267734,0.001697087,0.05623293,0.045909375,0.007699782,0.04717545,0.005766874,0.025552627,0.000109726,0.5,0.002867775,0.075225964,0.5,0
3451,NODE21_processed_png/c2875.png,0.030506695,0.05877901,0.20320909,0.05557633,0.013653151,0.019624138,0.006596371,0.06479724,0.04248142,0.013952265,0.01190683,0.006011384,0.03296668,8.2281345e-05,0.5,0.000463266,0.08323669,0.5,0
3452,NODE21_processed_png/n0084.png,0.031519227,0.060091455,0.2138372,0.06266014,0.022459283,0.00992289,0.006218125,0.04359845,0.06058115,0.011363789,0.007900972,0.009367907,0.035301547,0.000140272,0.5,0.001955851,0.08183292,0.5,1
3453,NODE21_processed_png/c0887.png,0.062138315,0.09759244,0.24072686,0.11926487,0.07210193,0.015317915,0.007923835,0.095645316,0.17104125,0.016465813,0.020284165,0.011667918,0.051218092,0.000594494,0.5,0.003504254,0.53234947,0.5,0
3454,NODE21_processed_png/n0723.png,0.06496282,0.07480273,0.22307654,0.076328814,0.045550734,0.011425405,0.008912516,0.090624906,0.08140463,0.010483703,0.011691695,0.014504907,0.029526085,0.000357282,0.5,0.003651065,0.23358768,0.5,1
3455,NODE21_processed_png/c1960.png,0.10477579,0.052957587,0.18755217,0.20204772,0.008771635,0.082986794,0.002245381,0.08012534,0.13917929,0.0312825,0.02549775,0.007997181,0.043863647,1.7450662e-05,0.5,0.002443908,0.84966695,0.5,0
3456,NODE21_processed_png/c1512.png,0.031209547,0.042632252,0.13613833,0.046924673,0.01206319,0.03167323,0.002240252,0.023834266,0.034181423,0.006835533,0.007291584,0.008299341,0.026407903,0.000148379,0.5,0.004909589,0.09947323,0.5,0
3457,NODE21_processed_png/c3181.png,0.04653723,0.041085295,0.18408735,0.041451544,0.013558744,0.007168064,0.005197902,0.026642418,0.062119603,0.008329513,0.006688771,0.009683133,0.039353937,0.000152579,0.5,0.002339753,0.11439592,0.5,0
3458,NODE21_processed_png/c3626.png,0.036075223,0.06476347,0.2506413,0.07513395,0.055108603,0.010980799,0.003729141,0.055692308,0.13814032,0.010619061,0.007134631,0.01362064,0.04513614,0.000408363,0.5,0.004049719,0.42119914,0.5,0
3459,NODE21_processed_png/c2066.png,0.037221257,0.07959872,0.1609036,0.10587307,0.013525707,0.030647032,0.001665636,0.042860303,0.09396007,0.005201597,0.006713851,0.010841128,0.031353537,1.7411747e-05,0.5,0.002450839,0.5653429,0.5,0
3460,NODE21_processed_png/c1173.png,0.038570043,0.07835453,0.19217294,0.052836224,0.032627694,0.003585544,0.001746379,0.07923616,0.0763791,0.006175647,0.00725444,0.010435018,0.019731492,7.552814e-05,0.5,0.001153615,0.38682994,0.5,0
3461,NODE21_processed_png/c0094.png,0.051186696,0.052130725,0.19453254,0.05477692,0.034505643,0.004895294,0.003251822,0.077730834,0.08203809,0.015121587,0.024186164,0.007071341,0.030599514,0.000272442,0.5,0.004041893,0.25415966,0.5,0
3462,NODE21_processed_png/c0733.png,0.025064765,0.08442474,0.14843886,0.042404477,0.007667528,0.005793154,0.000468488,0.0455596,0.041150674,0.005450095,0.002902087,0.005587152,0.01795138,6.143825e-06,0.5,0.000715713,0.042420667,0.5,0
3463,NODE21_processed_png/c1838.png,0.04003837,0.031188,0.17450729,0.06494755,0.022610975,0.020979315,0.010319635,0.037608713,0.0602185,0.019532228,0.028674724,0.013836619,0.03160255,0.001538273,0.5,0.005057667,0.16098274,0.5,0
3464,NODE21_processed_png/c2699.png,0.07454031,0.041820485,0.1793411,0.03539727,0.023897722,0.00539933,0.000950166,0.08666687,0.071973816,0.006040224,0.012118949,0.006244858,0.048965886,5.2836967e-05,0.5,0.002460548,0.11306406,0.5,0
3465,NODE21_processed_png/c2648.png,0.0573436,0.04020544,0.13880259,0.034533076,0.006672332,0.029632742,0.001330787,0.043293733,0.031592626,0.007245577,0.032815322,0.005282329,0.044708814,4.460194e-05,0.5,0.00112682,0.07001269,0.5,0
3466,NODE21_processed_png/c3008.png,0.040259562,0.043902606,0.15713586,0.03483956,0.007805702,0.007903487,0.000917449,0.035196956,0.03957607,0.007216621,0.003723388,0.004376873,0.041557327,5.8898593e-05,0.5,0.002291154,0.067148104,0.5,0
3467,NODE21_processed_png/c3469.png,0.040908124,0.08838193,0.17095652,0.039683353,0.015146682,0.005036011,0.001031257,0.08000711,0.06150865,0.005934471,0.004258052,0.006841961,0.020143325,1.29903365e-05,0.5,0.00092382,0.23457344,0.5,0
3468,NODE21_processed_png/c2229.png,0.03416577,0.055644535,0.22067337,0.08368245,0.02578191,0.009858993,0.004392044,0.049914293,0.07569266,0.013321823,0.007446207,0.009700256,0.037068103,3.4908986e-05,0.5,0.000486372,0.1886379,0.5,0
3469,NODE21_processed_png/c2788.png,0.036969263,0.03441932,0.16971335,0.10310644,0.01114326,0.06910196,0.00262703,0.031453215,0.037253086,0.005723003,0.006239014,0.009030867,0.03168746,8.310205e-05,0.5,0.001950915,0.045087736,0.5,0
3470,NODE21_processed_png/c1929.png,0.03168093,0.056579873,0.14914508,0.047260687,0.006633035,0.010671436,0.008856088,0.06989511,0.045037165,0.008535583,0.013292928,0.011740142,0.029709885,6.0979663e-05,0.5,0.00111341,0.11960426,0.5,0
3471,NODE21_processed_png/c3578.png,0.048127547,0.05360097,0.12882125,0.12527432,0.011808352,0.050324768,0.002935197,0.036403503,0.035495147,0.005765448,0.022794334,0.013003159,0.03629112,9.960085e-05,0.5,0.003640752,0.090268046,0.5,0
3472,NODE21_processed_png/c2338.png,0.039326966,0.06289759,0.15865932,0.088436544,0.014722703,0.02153198,0.007682694,0.033369824,0.053446814,0.010070876,0.007193892,0.010289625,0.02444702,2.9608358e-05,0.5,0.001836429,0.23000473,0.5,0
3473,NODE21_processed_png/c2759.png,0.03968109,0.06511071,0.2647286,0.047257222,0.051014137,0.006017751,0.000679354,0.10060859,0.19567977,0.010234264,0.021613788,0.004760246,0.023495127,0.00012169,0.5,0.001035168,0.6143949,0.5,0
3474,NODE21_processed_png/c3119.png,0.026497822,0.03514454,0.15505517,0.10728557,0.007069959,0.047160853,0.00617995,0.0451921,0.02676203,0.011018502,0.007621164,0.00603711,0.0249294,0.000188277,0.5,0.00075678,0.01789838,0.5,0
3475,NODE21_processed_png/c1375.png,0.049846146,0.06911894,0.17724451,0.04189587,0.013027981,0.010051851,0.003216727,0.06907505,0.10690443,0.01342215,0.004313268,0.007968596,0.03585518,3.2251526e-05,0.5,0.003878882,0.38618317,0.5,0
3476,NODE21_processed_png/c0535.png,0.045100544,0.03987776,0.14456831,0.052234776,0.016745932,0.05366214,0.00199811,0.026947191,0.06799269,0.005146918,0.012753631,0.005587904,0.02769933,6.365172e-05,0.5,0.001501493,0.20255837,0.5,0
3477,NODE21_processed_png/c0947.png,0.056251813,0.036568966,0.16307421,0.13660052,0.013048799,0.026435362,0.003627315,0.036846835,0.05945599,0.012595495,0.008407929,0.008536583,0.03957856,0.000194136,0.5,0.005635353,0.08621672,0.5,0
3478,NODE21_processed_png/c0292.png,0.04918457,0.056520976,0.113461316,0.04002484,0.010541437,0.013485176,0.004077582,0.039124746,0.030980628,0.011443892,0.013930877,0.010985456,0.04038478,0.001186983,0.5,0.0079213,0.098121725,0.5,0
3479,NODE21_processed_png/c3852.png,0.024246989,0.061214138,0.15594853,0.15987058,0.040888127,0.012713127,0.005907781,0.045749772,0.08192649,0.012050674,0.02594163,0.010606317,0.039626386,0.000141199,0.5,0.000967632,0.21514894,0.5,0
3480,NODE21_processed_png/c3420.png,0.047779266,0.06595151,0.21089566,0.10389764,0.0315443,0.017054074,0.003063224,0.07533428,0.12637992,0.013011192,0.007260485,0.00999637,0.029181497,5.150647e-05,0.5,0.002253336,0.4298501,0.5,0
3481,NODE21_processed_png/c3387.png,0.038623106,0.055838317,0.18426229,0.0586198,0.025056781,0.005003542,0.004285714,0.04636455,0.068709955,0.007788685,0.015004328,0.006171477,0.031022783,2.9506351e-05,0.5,0.000688413,0.22548231,0.5,0
3482,NODE21_processed_png/c2260.png,0.033377357,0.032653768,0.14420602,0.06964012,0.008914975,0.026131276,0.000865191,0.051629417,0.034636427,0.007233834,0.006025623,0.003669061,0.026623592,5.2283626e-06,0.5,0.001369137,0.12217715,0.5,0
3483,NODE21_processed_png/n0525.png,0.023297934,0.060819823,0.21166763,0.10899785,0.05416103,0.007297064,0.003611596,0.038709257,0.12224838,0.008520477,0.014271108,0.008571695,0.030787153,5.868857e-05,0.5,0.000701822,0.42028967,0.5,1
3484,NODE21_processed_png/c0154.png,0.030407283,0.03634154,0.22896546,0.025737155,0.038590252,0.006111268,0.00184383,0.029770933,0.079733916,0.006266327,0.009241647,0.007897543,0.052539866,5.1349976e-05,0.5,0.000793776,0.17788598,0.5,0
3485,NODE21_processed_png/c1714.png,0.024551144,0.044858973,0.18384047,0.024325583,0.012005682,0.005404146,0.00864073,0.031196628,0.044731416,0.009433392,0.04787188,0.00505736,0.020358138,1.4592719e-05,0.5,0.000412295,0.06893483,0.5,0
3486,NODE21_processed_png/c2601.png,0.04027705,0.034840655,0.21448989,0.023082905,0.018866139,0.007621417,0.001698593,0.04713176,0.053471345,0.006064498,0.009130184,0.00488667,0.025767332,7.376496e-05,0.5,0.000900309,0.065607354,0.5,0
3487,NODE21_processed_png/c3041.png,0.057466004,0.052395325,0.1349434,0.03738851,0.004941904,0.006734156,0.002055709,0.042406633,0.017753864,0.013326505,0.010931443,0.01443265,0.04435148,4.465075e-05,0.5,0.003116724,0.060676873,0.5,0
3488,NODE21_processed_png/c3090.png,0.03633868,0.026857,0.14616391,0.07817521,0.019232681,0.02126038,0.005019698,0.04607215,0.043143623,0.015128575,0.03357706,0.011500347,0.02556857,0.000248242,0.5,0.005663357,0.088019975,0.5,0
3489,NODE21_processed_png/c3737.png,0.04051664,0.066667564,0.22489709,0.17509486,0.03246733,0.044994924,0.00977493,0.04573984,0.06928541,0.011419371,0.00594509,0.01131194,0.03829303,0.00011641,0.5,0.002802702,0.17102672,0.5,0
3490,NODE21_processed_png/c1062.png,0.049203556,0.047231562,0.2024894,0.059081394,0.012455853,0.00888672,0.004580816,0.051383737,0.0668607,0.008551883,0.006059485,0.006477345,0.029191773,7.564744e-05,0.5,0.002030565,0.15142547,0.5,0
3491,NODE21_processed_png/c0185.png,0.040772516,0.07421723,0.19799793,0.11279224,0.057469033,0.008601101,0.008215531,0.07785756,0.17701173,0.019054556,0.032372016,0.027853917,0.03668445,0.00068274,0.5,0.004707869,0.66805756,0.5,0
3492,NODE21_processed_png/c0622.png,0.027831083,0.06555301,0.15959872,0.10404864,0.024958817,0.009493061,0.003517996,0.03159408,0.08651378,0.007892374,0.00705018,0.009068802,0.027198028,8.0580816e-05,0.5,0.001784463,0.27696213,0.5,0
3493,NODE21_processed_png/c2964.png,0.060090426,0.034155957,0.16317886,0.12183509,0.014056264,0.069070846,0.011493629,0.033740282,0.071908385,0.020361828,0.017911388,0.012885864,0.051227286,0.000276528,0.5,0.003226156,0.2356466,0.5,0
3494,NODE21_processed_png/c2516.png,0.018217996,0.10112848,0.1847953,0.112385586,0.0456874,0.009859711,0.002236146,0.06845311,0.13142926,0.004915711,0.002860597,0.016772162,0.02576348,6.426948e-06,0.5,0.000162781,0.4803653,0.5,0
3495,NODE21_processed_png/c3883.png,0.11831677,0.09922559,0.16995358,0.29285747,0.01300239,0.07630126,0.002192761,0.12598431,0.08034603,0.011421906,0.008655956,0.011178019,0.07522632,0.000161863,0.5,0.005168863,0.32476023,0.5,0
3496,NODE21_processed_png/c3356.png,0.07506173,0.051075146,0.2335902,0.04916722,0.031572703,0.005109195,0.001138324,0.15774524,0.111695684,0.013059045,0.02842329,0.00877174,0.04626242,0.000163253,0.5,0.00350037,0.3733922,0.5,0
3497,NODE21_processed_png/c0996.png,0.062135667,0.044914015,0.17360575,0.041351244,0.012402437,0.007097744,0.001000371,0.1384614,0.052041594,0.015003341,0.014694507,0.005128078,0.030264761,6.84512e-05,0.5,0.0014677,0.16667342,0.5,0
3498,NODE21_processed_png/c0243.png,0.03557421,0.0957527,0.1937473,0.048086658,0.0165138,0.013433788,0.003384491,0.06219843,0.08503304,0.009798217,0.004726639,0.005217295,0.023313325,9.003783e-06,0.5,0.000783242,0.2755961,0.5,0
3499,NODE21_processed_png/n1072.png,0.042939957,0.039497413,0.23779671,0.04927887,0.053812996,0.005208695,0.001377126,0.030834284,0.10474084,0.005182735,0.016506158,0.008153836,0.033657838,7.23279e-05,0.5,0.001396176,0.16411233,0.5,1
3500,NODE21_processed_png/c1403.png,0.056977358,0.048989262,0.15204312,0.07939155,0.004952671,0.013306056,0.002384144,0.05170578,0.040856007,0.006828678,0.0040614,0.00659996,0.035808813,6.3138286e-05,0.5,0.002847366,0.057905857,0.5,0
3501,NODE21_processed_png/c1871.png,0.057467997,0.03944692,0.171323,0.063970596,0.018242082,0.018242888,0.003994522,0.053515825,0.060343716,0.012340854,0.011817303,0.006735248,0.023788406,0.000116171,0.5,0.003596129,0.12611146,0.5,0
3502,NODE21_processed_png/c2053.png,0.018947575,0.050834868,0.18655507,0.02761629,0.012941598,0.007911985,0.005611314,0.030514875,0.03346146,0.008490167,0.013657155,0.004248358,0.01604152,4.9481125e-05,0.5,0.000568677,0.048130713,0.5,0
3503,NODE21_processed_png/c1146.png,0.02200642,0.07685484,0.22179075,0.11002298,0.04501584,0.008460814,0.0037655,0.03169501,0.14129631,0.008100309,0.006623763,0.005182873,0.036615673,1.0711978e-05,0.5,0.000728365,0.4191636,0.5,0
3504,NODE21_processed_png/c0706.png,0.020995883,0.04651988,0.1771466,0.07376647,0.02860819,0.00810609,0.003188177,0.020841282,0.08752615,0.009232792,0.003971933,0.011895116,0.02732102,1.7506352e-05,0.5,0.001221426,0.3332167,0.5,0
3505,NODE21_processed_png/n0377.png,0.03950688,0.045255862,0.2144834,0.04847487,0.0380786,0.00994417,0.001957735,0.05198889,0.06286652,0.011967388,0.0189832,0.006338094,0.04187795,0.000181596,0.5,0.002480479,0.11978218,0.5,1
3506,NODE21_processed_png/c2432.png,0.02889518,0.060932156,0.22121091,0.022853516,0.0484252,0.001596798,0.000708301,0.12924671,0.14216319,0.004566271,0.030885367,0.004802145,0.007415927,2.9278468e-05,0.5,0.000468307,0.4156144,0.5,0
3507,NODE21_processed_png/c2840.png,0.029092578,0.15796195,0.20575485,0.12746035,0.059621714,0.011998802,0.005426908,0.114630416,0.18741761,0.007861563,0.020291384,0.01216252,0.015585607,0.000135546,0.5,0.00121254,0.6952021,0.5,0
3508,NODE21_processed_png/c2395.png,0.05733074,0.050729286,0.21676172,0.035788637,0.022584636,0.006056153,0.001309353,0.04503597,0.078794084,0.008409645,0.003672926,0.006845441,0.049176432,2.0435013e-05,0.5,0.00236309,0.1443614,0.5,0
3509,NODE21_processed_png/c3272.png,0.045155775,0.045962676,0.19263165,0.048565,0.02734352,0.006192559,0.00284149,0.053245567,0.06631804,0.008912734,0.041534983,0.005689593,0.016868353,0.000151801,0.5,0.001539306,0.21351019,0.5,0
3510,NODE21_processed_png/c0367.png,0.046046197,0.030857056,0.13031581,0.030194873,0.005068235,0.011715066,0.002096721,0.027457431,0.02352605,0.005312275,0.005775622,0.007101815,0.03463527,0.000303156,0.5,0.001898113,0.01896927,0.5,0
3511,NODE21_processed_png/c1955.png,0.050368145,0.052972604,0.18173312,0.029424785,0.030989053,0.004477667,0.007675968,0.08308869,0.061602302,0.010515577,0.045120377,0.008779457,0.024497347,0.000590632,0.5,0.003847338,0.10886645,0.5,0
3512,NODE21_processed_png/c1527.png,0.023693219,0.07729891,0.16906162,0.030243848,0.005228943,0.01057444,0.003173442,0.03608843,0.038364,0.007499514,0.006693722,0.005812767,0.027234463,2.2851113e-05,0.5,0.000636093,0.050561115,0.5,0
3513,NODE21_processed_png/c1280.png,0.039811093,0.034567684,0.14633122,0.039727934,0.00752493,0.011857085,0.003437044,0.04255374,0.019193077,0.010395099,0.011621059,0.010182788,0.03222466,0.000119841,0.5,0.00318083,0.00654451,0.5,0
3514,NODE21_processed_png/c1984.png,0.033970047,0.16566394,0.22299689,0.03604706,0.030984562,0.007171432,0.002736809,0.066642895,0.24070607,0.005983988,0.009853702,0.012601827,0.030496677,1.0853834e-05,0.5,0.000596246,0.8428376,0.5,0
3515,NODE21_processed_png/c1251.png,0.04304675,0.061940733,0.14966497,0.21309732,0.018632673,0.10758336,0.003817663,0.034206674,0.04917477,0.009178614,0.004408174,0.009484614,0.048324607,5.9694357e-05,0.5,0.004340296,0.12887533,0.5,0
3516,NODE21_processed_png/c0863.png,0.043071922,0.08602866,0.18321955,0.08719851,0.018287875,0.030294424,0.004225435,0.16272132,0.044847332,0.021828653,0.026801813,0.007585272,0.045967214,6.679833e-05,0.5,0.002301727,0.12281585,0.5,0
3517,NODE21_processed_png/c0411.png,0.043295268,0.040908467,0.15015227,0.19772923,0.012715945,0.123796694,0.006055406,0.05560255,0.038558632,0.014434705,0.015925625,0.011271821,0.03520128,0.000521513,0.5,0.004872247,0.03174204,0.5,0
3518,NODE21_processed_png/c3504.png,0.050444964,0.10141087,0.2731529,0.02542205,0.087704994,0.001983559,0.001651415,0.09851249,0.17894904,0.00509801,0.02129948,0.013197195,0.034812864,0.000201713,0.5,0.001779266,0.6806697,0.5,0
3519,NODE21_processed_png/c2891.png,0.043076344,0.02443026,0.14484082,0.040840615,0.010684894,0.018215124,0.004511529,0.045884848,0.033917416,0.014073834,0.013064858,0.009322772,0.029949268,0.000203969,0.5,0.005112229,0.08555946,0.5,0
3520,NODE21_processed_png/c2344.png,0.035536867,0.03555076,0.21872972,0.04849865,0.02573339,0.016221143,0.001789506,0.044819422,0.08423144,0.006431223,0.01104172,0.004278521,0.025463054,1.4098547e-05,0.5,0.000886366,0.17891063,0.5,0
3521,NODE21_processed_png/n0401.png,0.057612658,0.06345183,0.22921391,0.069355935,0.03905693,0.011662872,0.002778692,0.07619693,0.14100313,0.008245682,0.013266283,0.011586584,0.03167696,0.000255421,0.5,0.004927315,0.38822642,0.5,1
3522,NODE21_processed_png/c0070.png,0.042758007,0.05459202,0.20677234,0.10745348,0.053322915,0.034189284,0.005617684,0.07022464,0.030904485,0.01977382,0.016900342,0.005731075,0.047885943,0.000271586,0.5,0.002507365,0.012080126,0.5,0
3523,NODE21_processed_png/c1197.png,0.042130206,0.1036136,0.22004794,0.051424347,0.037060603,0.004978357,0.007137534,0.05441153,0.16610564,0.006054605,0.04158911,0.010670563,0.016607128,8.142943e-05,0.5,0.000683939,0.67476827,0.5,0
3524,NODE21_processed_png/c1630.png,0.05165056,0.07991127,0.19505346,0.18249401,0.041593816,0.032672666,0.017033828,0.07832652,0.12280969,0.019940414,0.008079351,0.018038275,0.04076106,0.000196544,0.5,0.003264785,0.41963845,0.5,0
3525,NODE21_processed_png/c2082.png,0.028312681,0.17687042,0.18981367,0.029679837,0.057502355,0.001580057,0.002115503,0.17218305,0.18521774,0.006420455,0.013292684,0.010995042,0.011870823,2.21269e-05,0.5,0.000339589,0.8840201,0.5,0
3526,NODE21_processed_png/c2725.png,0.05163203,0.07595001,0.1713713,0.07515665,0.03073764,0.015851766,0.006121032,0.06920692,0.054322172,0.009178367,0.010130775,0.008968971,0.03263772,7.88402e-05,0.5,0.00242669,0.07243429,0.5,0
3527,NODE21_processed_png/c3165.png,0.058349572,0.082216285,0.14896964,0.15770443,0.015683874,0.115592994,0.005800332,0.058461998,0.065869905,0.010358996,0.009207732,0.010679537,0.036021646,0.000120203,0.5,0.001843942,0.18718477,0.5,0
3528,NODE21_processed_png/c1309.png,0.028791295,0.046239432,0.16843039,0.022397446,0.013551802,0.003333573,0.001594203,0.0445193,0.042001724,0.006841793,0.006309758,0.005726822,0.024566922,7.765502e-05,0.5,0.002371983,0.060831513,0.5,0
3529,NODE21_processed_png/c0549.png,0.04965218,0.071880944,0.24529018,0.11299699,0.05056351,0.01849265,0.015655536,0.077942,0.12579037,0.016771829,0.016259255,0.016155867,0.042783294,0.000178947,0.5,0.003272559,0.30885896,0.5,0
3530,NODE21_processed_png/n0559.png,0.029846258,0.047919262,0.21939117,0.13677725,0.043391436,0.019154202,0.008777644,0.051785547,0.1308306,0.008787588,0.034481715,0.00956602,0.021990238,0.00014476,0.5,0.001569593,0.44331184,0.5,1
3531,NODE21_processed_png/c0128.png,0.0166994,0.058434293,0.15751961,0.024947273,0.016060323,0.004210242,0.007112944,0.037663378,0.025500419,0.009380229,0.012143288,0.008408996,0.021882799,7.2599265e-05,0.5,0.000820137,0.018970953,0.5,0
3532,NODE21_processed_png/c1768.png,0.06235737,0.056591332,0.17149682,0.044859506,0.01833596,0.007136664,0.005124223,0.07288086,0.09040878,0.014320916,0.020197606,0.013644833,0.040997736,0.000110796,0.5,0.0036716,0.3735373,0.5,0
3533,NODE21_processed_png/n0588.png,0.046460476,0.094234444,0.20731339,0.09420917,0.031730745,0.014867853,0.005461141,0.08858884,0.11353328,0.011505183,0.006879135,0.026168091,0.04870016,0.000400431,0.5,0.005233141,0.2524635,0.5,1
3534,NODE21_processed_png/c0598.png,0.04444077,0.078510374,0.1860931,0.06659609,0.018892454,0.007025276,0.007550227,0.064335674,0.06864591,0.009474431,0.005870956,0.008576713,0.026975326,9.6880554e-05,0.5,0.00132243,0.15871832,0.5,0
3535,NODE21_processed_png/c2918.png,0.022566006,0.048736345,0.18724386,0.024884012,0.00897808,0.007997684,0.005031816,0.024522375,0.034869395,0.008102623,0.01885696,0.003636054,0.018111777,2.031991e-05,0.5,0.000511604,0.06701434,0.5,0
3536,NODE21_processed_png/c2054.png,0.039517667,0.04504514,0.15726802,0.053431753,0.016292416,0.010760802,0.005416391,0.04306649,0.050671846,0.012822132,0.009951833,0.009103628,0.045300927,0.0003126,0.5,0.003714342,0.069942445,0.5,0
3537,NODE21_processed_png/c3614.png,0.04488303,0.04117971,0.20663194,0.06523493,0.014957508,0.010592993,0.002442268,0.067691594,0.046782997,0.007376411,0.013895934,0.005992957,0.034062978,9.131905e-05,0.5,0.002516577,0.102902606,0.5,0
3538,NODE21_processed_png/c0701.png,0.03885002,0.04228104,0.14140789,0.04470788,0.006205802,0.007026957,0.001890191,0.03186014,0.022496257,0.009430638,0.007697329,0.005887963,0.024336722,1.5048313e-05,0.5,0.001054146,0.07362946,0.5,0
3539,NODE21_processed_png/c1141.png,0.033032026,0.055648964,0.201254,0.07548048,0.012857476,0.013302308,0.003389883,0.06196763,0.061122384,0.009337238,0.00575821,0.006606815,0.02385086,0.000112709,0.5,0.001894779,0.10317605,0.5,0
3540,NODE21_processed_png/c3275.png,0.047844484,0.055181995,0.17209896,0.03149933,0.018586712,0.007063213,0.00056332,0.055406645,0.061363094,0.005777275,0.019283896,0.006684952,0.0263013,1.4157492e-05,0.5,0.002062039,0.22683252,0.5,0
3541,NODE21_processed_png/c2392.png,0.06439674,0.04844277,0.19189477,0.026069088,0.022580659,0.004443062,0.001338478,0.07980356,0.081198856,0.009920512,0.015062617,0.007959214,0.05275326,0.000483168,0.5,0.004592393,0.22240715,0.5,0
3542,NODE21_processed_png/c2847.png,0.035555366,0.035160616,0.15594363,0.044195727,0.025460716,0.010309936,0.002541624,0.031446364,0.04307571,0.008197169,0.004837573,0.010269614,0.052123792,0.000111317,0.5,0.003232341,0.11978444,0.5,0
3543,NODE21_processed_png/c2435.png,0.091549106,0.038988277,0.14421493,0.04553339,0.01179713,0.013342212,0.005328327,0.044412673,0.04603156,0.008055951,0.009463938,0.00613252,0.026242983,0.000146987,0.5,0.003074009,0.113641374,0.5,0
3544,NODE21_processed_png/c1287.png,0.036869623,0.055520702,0.16244744,0.04639411,0.023188855,0.01157751,0.00113942,0.033238694,0.050689515,0.00631411,0.003711369,0.011110106,0.064900905,5.5883596e-05,0.5,0.002365765,0.087839805,0.5,0
3545,NODE21_processed_png/c1520.png,0.052122798,0.044153474,0.16641952,0.046243176,0.013370232,0.008413641,0.002202425,0.040109117,0.05124624,0.008533574,0.012906427,0.009833704,0.040992804,0.000237205,0.5,0.002291983,0.091650315,0.5,0
3546,NODE21_processed_png/c1952.png,0.049685907,0.05842848,0.14377685,0.14738922,0.01284756,0.030314399,0.006129127,0.038103465,0.05990172,0.016494697,0.003546685,0.010945005,0.05172727,0.000146355,0.5,0.002856725,0.22653434,0.5,0
3547,NODE21_processed_png/c0360.png,0.061486118,0.038683165,0.17691264,0.02240161,0.026859062,0.004827872,0.000299761,0.11442319,0.059603047,0.00579215,0.01710541,0.014511355,0.039220855,6.6798464e-05,0.5,0.006968431,0.119151846,0.5,0
3548,NODE21_processed_png/c0416.png,0.029004972,0.055555012,0.18642008,0.06426729,0.014946716,0.027312852,0.006916803,0.038344946,0.045140624,0.014130344,0.005913519,0.007308841,0.028990868,3.890035e-05,0.5,0.001681196,0.057369526,0.5,0
3549,NODE21_processed_png/c0864.png,0.033208124,0.084463306,0.19461769,0.060992103,0.051067807,0.001758882,0.004822564,0.0889392,0.15047055,0.008016055,0.038336925,0.009244176,0.014562768,8.304778e-05,0.5,0.000430284,0.5352107,0.5,0
3550,NODE21_processed_png/c1256.png,0.054334544,0.07299197,0.15145734,0.12252457,0.018694334,0.013831264,0.005156021,0.08778806,0.05873156,0.017016098,0.025762785,0.009577273,0.04351962,0.00011285,0.5,0.001683856,0.08500136,0.5,0
3551,NODE21_processed_png/c1983.png,0.046026267,0.04844879,0.17443365,0.06718558,0.028476408,0.04295998,0.006340848,0.0478283,0.047415067,0.019098204,0.03413804,0.011476358,0.04162746,0.000555826,0.5,0.005061925,0.14426646,0.5,0
3552,NODE21_processed_png/c2343.png,0.03973642,0.08986901,0.23548554,0.078084745,0.055699784,0.013514806,0.00784344,0.08851709,0.09793827,0.012619871,0.025576888,0.011178801,0.025264028,0.000139935,0.5,0.001774206,0.43370694,0.5,0
3553,NODE21_processed_png/c2896.png,0.03959009,0.12056476,0.21922684,0.13810624,0.020935602,0.008243772,0.005994949,0.082209945,0.12910813,0.007924042,0.00807272,0.014487916,0.043580778,2.2280052e-05,0.5,0.00186337,0.36676675,0.5,0
3554,NODE21_processed_png/c1637.png,0.048855446,0.05131839,0.19154252,0.1410257,0.02076988,0.048231654,0.009605059,0.050353922,0.054514203,0.008529762,0.005977504,0.012338382,0.023207555,0.000307807,0.5,0.004280685,0.054530784,0.5,0
3555,NODE21_processed_png/c1190.png,0.025336405,0.11410693,0.19553041,0.08140182,0.03524663,0.009590298,0.0016416,0.06865275,0.1763347,0.005078952,0.005515354,0.009038071,0.046806656,1.4787868e-05,0.5,0.002658186,0.90156966,0.5,0
3556,NODE21_processed_png/n0406.png,0.046831377,0.11919094,0.22806525,0.108914964,0.06884631,0.011382031,0.014419157,0.13399982,0.1596022,0.022909196,0.022625824,0.020186894,0.043740958,8.362624e-05,0.5,0.002024859,0.57231253,0.5,1
3557,NODE21_processed_png/c0077.png,0.03877709,0.04113732,0.15322222,0.03090153,0.00851773,0.005742204,0.002548362,0.055286217,0.024476359,0.010163717,0.007317158,0.008688677,0.025508543,9.450811e-05,0.5,0.006017746,0.06076512,0.5,0
3558,NODE21_processed_png/c3162.png,0.04342207,0.044653762,0.17104588,0.124017835,0.018606536,0.030901205,0.002091996,0.049009353,0.073591836,0.011015754,0.008646985,0.007610875,0.02822843,5.3868247e-05,0.5,0.001340245,0.13847142,0.5,0
3559,NODE21_processed_png/c2722.png,0.044320777,0.040213726,0.16341023,0.1343826,0.018013837,0.034897197,0.010832758,0.04085032,0.0658908,0.02351062,0.007340749,0.01271413,0.047583267,0.000132096,0.5,0.004862376,0.18664518,0.5,0
3560,NODE21_processed_png/c2085.png,0.032358795,0.09012196,0.2512446,0.17944017,0.07062435,0.028478444,0.019170547,0.0525356,0.11471822,0.016559768,0.010992356,0.012093775,0.03608783,0.000118422,0.5,0.001159803,0.21671382,0.5,0
3561,NODE21_processed_png/c3829.png,0.02395533,0.044882897,0.20069638,0.061027158,0.050623998,0.006341055,0.008458819,0.045013558,0.14056414,0.014915508,0.034593396,0.01336959,0.029547198,4.3095388e-05,0.5,0.00118347,0.6303086,0.5,0
3562,NODE21_processed_png/c0688.png,0.052558143,0.04513412,0.18150175,0.067909375,0.017110687,0.011780884,0.008084254,0.065736726,0.051295325,0.016400056,0.023834448,0.006765645,0.030627042,7.635348e-05,0.5,0.002021705,0.115679234,0.5,0
3563,NODE21_processed_png/c0659.png,0.043452516,0.055978898,0.19839619,0.047944065,0.021048129,0.01143838,0.00074318,0.090202026,0.08142762,0.008463046,0.007455629,0.006095673,0.043194268,2.1716054e-05,0.5,0.002278661,0.22479881,0.5,0
3564,NODE21_processed_png/n0228.png,0.029510258,0.039978933,0.22927473,0.02456557,0.042547375,0.002143425,0.000888406,0.039500047,0.08775592,0.005209118,0.01068904,0.004216989,0.023279898,3.160079e-05,0.5,0.000577377,0.19077004,0.5,1
3565,NODE21_processed_png/c1019.png,0.036132753,0.10745683,0.22820026,0.06272509,0.07404291,0.006991599,0.004826844,0.076466136,0.21657626,0.008247113,0.02033643,0.011697617,0.02518097,6.569152e-05,0.5,0.000693226,0.8092087,0.5,0
3566,NODE21_processed_png/c1478.png,0.037394397,0.042616837,0.20003481,0.06145139,0.027881373,0.010130359,0.00544619,0.063626155,0.024249937,0.014513113,0.012071959,0.007677557,0.03559815,0.000253539,0.5,0.001600374,0.013045234,0.5,0
3567,NODE21_processed_png/c0238.png,0.016480612,0.041938026,0.1821394,0.076203085,0.015685936,0.013906156,0.001706589,0.024211647,0.040471364,0.006351587,0.003366285,0.005583704,0.028917195,3.321889e-05,0.5,0.000996078,0.06849277,0.5,0
3568,NODE21_processed_png/n0649.png,0.043125853,0.07757365,0.25209987,0.021959795,0.050104372,0.009873927,0.007335678,0.12868127,0.0822685,0.013190921,0.107058436,0.007754648,0.015381898,0.000325819,0.5,0.001636727,0.15293103,0.5,1
3569,NODE21_processed_png/c2028.png,0.02761971,0.030205887,0.19979647,0.034939148,0.04119514,0.005878334,0.002801959,0.06817526,0.073895685,0.009298767,0.04367187,0.005498952,0.02239091,3.987982e-05,0.5,0.001036849,0.18491583,0.5,0
3570,NODE21_processed_png/c3668.png,0.050542478,0.07162242,0.18636008,0.06523922,0.02123879,0.004713938,0.002495747,0.0859352,0.057577517,0.011376458,0.007221549,0.006691663,0.035770208,8.795776e-05,0.5,0.001880246,0.13646337,0.5,0
3571,NODE21_processed_png/c3209.png,0.010100343,0.03900938,0.17017096,0.015159096,0.013490286,0.008009556,0.001565571,0.011076607,0.0216894,0.003060185,0.009374795,0.003925662,0.01765529,2.4127914e-05,0.5,0.000294078,0.022101024,0.5,0
3572,NODE21_processed_png/c2449.png,0.018001713,0.058533423,0.18772122,0.049033962,0.031072937,0.003167953,0.001494566,0.036287345,0.11571979,0.006174784,0.009026048,0.009782856,0.022462593,1.6517843e-05,0.5,0.001074762,0.43732765,0.5,0
3573,NODE21_processed_png/c2498.png,0.025656559,0.055949703,0.1966234,0.095581636,0.031871423,0.016387135,0.010968069,0.03843987,0.09113752,0.019123636,0.00989824,0.012778352,0.027960105,8.169348e-05,0.5,0.001306334,0.3103103,0.5,0
3574,NODE21_processed_png/c0818.png,0.053903546,0.065502316,0.19556883,0.064214684,0.018205848,0.02068779,0.00724373,0.082908586,0.06677665,0.017394187,0.023899242,0.00688109,0.026889775,0.000297135,0.5,0.002375138,0.21414348,0.5,0
3575,NODE21_processed_png/c0295.png,0.017527074,0.12359435,0.22016755,0.06635044,0.027002433,0.008401984,0.003021967,0.037163597,0.13439733,0.006682564,0.003047409,0.009746507,0.020508118,1.7610084e-05,0.5,0.000281668,0.60007536,0.5,0
3576,NODE21_processed_png/n0143.png,0.04000604,0.057762317,0.21771976,0.05019201,0.032556247,0.008881631,0.00310511,0.07161171,0.0741945,0.006401886,0.01225097,0.009549344,0.028308013,0.000360089,0.5,0.002869373,0.16796757,0.5,1
3577,NODE21_processed_png/c0940.png,0.065737344,0.06885078,0.24057382,0.056028683,0.034034867,0.013694081,0.004463817,0.04892046,0.11287577,0.008222838,0.012006857,0.010304901,0.035640758,0.000351105,0.5,0.00494071,0.3552346,0.5,0
3578,NODE21_processed_png/c0532.png,0.020561079,0.08863918,0.16956753,0.02583747,0.025474682,0.004053371,0.002243,0.07895782,0.09415997,0.004759186,0.011395715,0.008348005,0.016016427,8.909536e-06,0.5,0.001104289,0.2851048,0.5,0
3579,NODE21_processed_png/c1372.png,0.063827135,0.03749787,0.15548706,0.030722566,0.014282662,0.01278555,0.000980309,0.14712265,0.05006745,0.013870348,0.023413165,0.005721276,0.027562384,7.0243754e-05,0.5,0.002014046,0.14679618,0.5,0
3580,NODE21_processed_png/c2267.png,0.062085606,0.062625945,0.14231078,0.12076501,0.02113256,0.01327312,0.004934095,0.06713425,0.07083226,0.012126724,0.022856962,0.009658441,0.03475298,0.00026852,0.5,0.003423506,0.23271242,0.5,0
3581,NODE21_processed_png/c3380.png,0.051702656,0.031071754,0.19063832,0.07689414,0.027584324,0.013179388,0.009529899,0.04679082,0.07501473,0.017541414,0.028647639,0.009422209,0.035331197,0.000255307,0.5,0.001833976,0.26949728,0.5,0
3582,NODE21_processed_png/c3427.png,0.055227615,0.06883149,0.18063201,0.089874156,0.015919553,0.015056385,0.00376431,0.11258142,0.07232746,0.013311436,0.027747529,0.008670569,0.022411987,0.000143555,0.5,0.001761312,0.34071022,0.5,0
3583,NODE21_processed_png/c3855.png,0.053770423,0.052337795,0.16627131,0.017378693,0.007167022,0.007665337,0.001165128,0.038659465,0.048394714,0.005474586,0.013189904,0.00725872,0.020359572,6.2541556e-05,0.5,0.002964676,0.16500072,0.5,0
3584,NODE21_processed_png/c1713.png,0.031120919,0.04537256,0.18193126,0.036487415,0.018997528,0.008189223,0.002050954,0.032297894,0.058558322,0.008034338,0.011816886,0.006039364,0.03524552,3.9294595e-05,0.5,0.000821007,0.12748651,0.5,0
3585,NODE21_processed_png/c0153.png,0.029431932,0.06479726,0.21464959,0.14264019,0.059069738,0.026491255,0.002005552,0.023418007,0.21785586,0.003326227,0.009387525,0.01304691,0.016403932,0.000199515,0.5,0.001959128,0.68370074,0.5,0
3586,NODE21_processed_png/c3046.png,0.028477153,0.052383248,0.22732118,0.08411336,0.048294358,0.014066412,0.00308758,0.03266308,0.091997914,0.005945825,0.006511555,0.010952398,0.030343315,0.000191715,0.5,0.001652321,0.15344729,0.5,0
3587,NODE21_processed_png/c2606.png,0.057411954,0.0722,0.1732106,0.1168326,0.012292685,0.035868812,0.001668132,0.050320596,0.0686878,0.008572816,0.003679263,0.015215561,0.06561548,4.551014e-05,0.5,0.003296814,0.22322246,0.5,0
3588,NODE21_processed_png/c2170.png,0.032769058,0.06468387,0.22319157,0.18992327,0.03171335,0.018650811,0.007351027,0.056554306,0.13459629,0.011014736,0.00502034,0.012678355,0.026167138,8.6668486e-05,0.5,0.006104027,0.61029196,0.5,0
3589,NODE21_processed_png/c3730.png,0.090846874,0.058939442,0.18990707,0.048280206,0.03878493,0.013229641,0.003592987,0.058684062,0.06112054,0.011557178,0.04657676,0.010011584,0.041597836,0.0012614,0.5,0.007273037,0.10129207,0.5,0
3590,NODE21_processed_png/c3097.png,0.04163873,0.03793328,0.17930083,0.044303264,0.026190752,0.006394938,0.001330654,0.050956,0.06485925,0.006986056,0.020428002,0.007488249,0.02750418,3.708041e-05,0.5,0.001304383,0.17417757,0.5,0
3591,NODE21_processed_png/c0625.png,0.04198607,0.09911034,0.18760267,0.109311335,0.018037824,0.008088238,0.002283067,0.05357121,0.11134979,0.010515199,0.004422183,0.01080591,0.035171058,1.6240376e-05,0.5,0.000693901,0.4092023,0.5,0
3592,NODE21_processed_png/c0182.png,0.04527592,0.033032093,0.18250857,0.030681418,0.024960466,0.00525933,0.001874865,0.026122324,0.083424486,0.006710314,0.016666511,0.005234387,0.028543971,0.000102111,0.5,0.001434182,0.17232579,0.5,0
3593,NODE21_processed_png/n0981.png,0.057898484,0.10955481,0.21487668,0.041678347,0.056794718,0.004269965,0.002001128,0.1104264,0.16511834,0.009168123,0.028034667,0.009023412,0.020647697,0.000174379,0.5,0.004101711,0.527758,0.5,1
3594,NODE21_processed_png/c1065.png,0.07391271,0.050129645,0.17266312,0.062360276,0.027029715,0.012590839,0.002142485,0.06589671,0.089101315,0.009631785,0.014982221,0.01103168,0.030901518,0.000428638,0.5,0.012359957,0.2604393,0.5,0
3595,NODE21_processed_png/c3351.png,0.048579045,0.033286676,0.13897789,0.10383939,0.012653494,0.030921342,0.004848868,0.05543519,0.030890657,0.013426046,0.016371809,0.006680454,0.028194202,0.000158687,0.5,0.001400756,0.06807067,0.5,0
3596,NODE21_processed_png/c3884.png,0.03987807,0.05062795,0.15021715,0.08852655,0.011940197,0.024575533,0.001614301,0.027373478,0.04444721,0.007016436,0.009083459,0.007333118,0.027639888,0.000150195,0.5,0.003063378,0.11016481,0.5,0
3597,NODE21_processed_png/c2511.png,0.03471456,0.04403534,0.182134,0.076092854,0.031014396,0.02224293,0.004550292,0.07349671,0.06194816,0.01577573,0.021680493,0.006719932,0.026379434,0.000117964,0.5,0.001499147,0.13019639,0.5,0
3598,NODE21_processed_png/c2963.png,0.022383291,0.057959914,0.18278237,0.20299949,0.027867557,0.14584935,0.00513874,0.022407146,0.051766537,0.006188688,0.001264686,0.015882308,0.039097343,4.500561e-05,0.5,0.002710483,0.0708168,0.5,0
3599,NODE21_processed_png/n1075.png,0.08078309,0.0805247,0.23121525,0.11098422,0.019352593,0.08152322,0.004953795,0.09576159,0.10267688,0.014755172,0.01239133,0.013239626,0.03887958,8.252941e-05,0.5,0.003435412,0.21660893,0.5,1
3600,NODE21_processed_png/c1876.png,0.029090827,0.03817281,0.16667193,0.05408386,0.023895973,0.010267569,0.003318694,0.020228885,0.058575183,0.006580699,0.004922226,0.00620849,0.035647325,1.6175212e-05,0.5,0.001089532,0.12537296,0.5,0
3601,NODE21_processed_png/c1404.png,0.030048681,0.044330355,0.120341845,0.124048926,0.007707394,0.028129261,0.004295371,0.05718542,0.02930386,0.013813405,0.012502773,0.00663533,0.02454712,3.51167e-05,0.5,0.001411867,0.036912486,0.5,0
3602,NODE21_processed_png/c0244.png,0.010378406,0.029656032,0.13797319,0.039637294,0.024229126,0.00841674,0.003850871,0.01632352,0.04763041,0.007391774,0.018210473,0.006341641,0.022421125,6.001056e-05,0.5,0.00066409,0.14028059,0.5,0
3603,NODE21_processed_png/n0635.png,0.060640156,0.10941329,0.165048,0.08999754,0.03413584,0.012429802,0.002041269,0.11512326,0.07259734,0.008412839,0.018150622,0.010638453,0.04597727,0.000369306,0.5,0.007639567,0.28221914,0.5,1
3604,NODE21_processed_png/c0991.png,0.038594842,0.062523015,0.1690488,0.10214188,0.00951873,0.010491058,0.003674398,0.040323388,0.060250137,0.013556328,0.005796,0.005271678,0.02970909,1.3862246e-05,0.5,0.000766582,0.111198395,0.5,0
3605,NODE21_processed_png/c1289.png,0.034737345,0.06876117,0.1674484,0.14569451,0.023922654,0.01503838,0.00440401,0.05054917,0.07016007,0.012285159,0.005567996,0.007150829,0.038246434,6.658871e-05,0.5,0.001665181,0.15047973,0.5,0
3606,NODE21_processed_png/c2849.png,0.058522947,0.09254884,0.19742174,0.050498027,0.020820651,0.009535392,0.00176723,0.07746628,0.07674547,0.008088778,0.005945364,0.01227736,0.04063295,0.00010026,0.5,0.0022961,0.22855428,0.5,0
3607,NODE21_processed_png/c2898.png,0.0804819,0.068800926,0.18570237,0.29329988,0.015332177,0.23502953,0.005078757,0.08348325,0.08563946,0.015350697,0.007304974,0.009015171,0.058379944,0.000138664,0.5,0.003272711,0.2378456,0.5,0
3608,NODE21_processed_png/c1258.png,0.022635495,0.05409126,0.17190413,0.03353757,0.02701698,0.005221995,0.003920317,0.025935225,0.051549267,0.007655704,0.003229922,0.009846658,0.056079224,0.000103934,0.5,0.001610879,0.114511006,0.5,0
3609,NODE21_processed_png/c0418.png,0.039868187,0.041079156,0.1701793,0.044659924,0.038196728,0.004710557,0.001609061,0.0725151,0.088546894,0.00915327,0.021647535,0.006941668,0.022161776,0.00011374,0.5,0.002268099,0.34367892,0.5,0
3610,NODE21_processed_png/n0069.png,0.038624115,0.048359547,0.1885319,0.059786294,0.051526114,0.005667938,0.002957011,0.07748281,0.10988265,0.013904766,0.04835533,0.007141053,0.019433262,0.000188243,0.5,0.00132817,0.31538695,0.5,1
3611,NODE21_processed_png/c0079.png,0.03370292,0.084038,0.16909055,0.0701076,0.045155354,0.008361357,0.006643927,0.089346714,0.12894021,0.008899461,0.01588776,0.01002275,0.02168489,2.7024013e-05,0.5,0.000588205,0.47453797,0.5,0
3612,NODE21_processed_png/n0408.png,0.059458468,0.05209595,0.18016708,0.09453835,0.027550204,0.018827248,0.004281415,0.073277436,0.0738832,0.01162029,0.027908044,0.011589708,0.03419413,0.000614754,0.5,0.002320126,0.16786149,0.5,1
3613,NODE21_processed_png/c1639.png,0.038269047,0.08132123,0.2148755,0.087820746,0.079431675,0.00817631,0.003838974,0.08332751,0.18961164,0.007274329,0.049180966,0.009527383,0.017275576,8.1739694e-05,0.5,0.000877804,0.6367545,0.5,0
3614,NODE21_processed_png/c1300.png,0.062015947,0.047993705,0.1891791,0.26732165,0.011274135,0.07816969,0.003121404,0.049780358,0.059169002,0.00707844,0.008793462,0.014572809,0.03205977,0.0001364,0.5,0.004548868,0.09274923,0.5,0
3615,NODE21_processed_png/c0932.png,0.04646516,0.07316577,0.1867669,0.0786343,0.013771725,0.010675555,0.004305872,0.09274696,0.084846884,0.009685433,0.01045523,0.008257977,0.028124098,2.8946979e-05,0.5,0.001530281,0.24706739,0.5,0
3616,NODE21_processed_png/c0540.png,0.027787212,0.066062935,0.20309077,0.08777062,0.042329006,0.00841493,0.003168471,0.05887311,0.11071871,0.012496772,0.007521444,0.010381623,0.036069877,2.3981489e-05,0.5,0.001147994,0.4070846,0.5,0
3617,NODE21_processed_png/n0131.png,0.041179765,0.06436111,0.21019419,0.08334743,0.030874006,0.009499703,0.003435042,0.05560929,0.09503976,0.00962014,0.013751497,0.008614674,0.033061042,0.000114304,0.5,0.001772151,0.240199,0.5,1
3618,NODE21_processed_png/c3455.png,0.018879991,0.04456155,0.19411516,0.056262825,0.011775221,0.006906001,0.00454897,0.02513525,0.03264197,0.01473425,0.002425373,0.010529155,0.033094153,1.9911948e-05,0.5,0.001349334,0.091588885,0.5,0
3619,NODE21_processed_png/c3827.png,0.061257336,0.06389141,0.16904785,0.041502945,0.016347459,0.016846666,0.005109576,0.06291703,0.088657394,0.011284233,0.018569196,0.008189389,0.023579106,0.000174476,0.5,0.002033743,0.29661417,0.5,0
3620,NODE21_processed_png/c2215.png,0.026266178,0.054865405,0.16228113,0.053016037,0.019632975,0.010856479,0.002743048,0.02905508,0.07267581,0.011729436,0.006461155,0.009461228,0.02539247,0.000111691,0.5,0.00444852,0.20739038,0.5,0
3621,NODE21_processed_png/c0121.png,0.058177173,0.048435204,0.12855597,0.052085206,0.005121977,0.010906432,0.001336611,0.05204264,0.06382377,0.004992479,0.015067782,0.008846698,0.03009885,6.276405e-05,0.5,0.003977177,0.3805308,0.5,0
3622,NODE21_processed_png/n0922.png,0.042799693,0.06567692,0.24383244,0.069609664,0.041195754,0.010284604,0.003278661,0.07763927,0.12945522,0.013444162,0.010696908,0.009737935,0.044768464,0.00039181,0.5,0.003589977,0.38775262,0.5,1
3623,NODE21_processed_png/c0686.png,0.027805714,0.18232767,0.21796778,0.049336676,0.042717323,0.005532898,0.006834574,0.07658633,0.19926515,0.009440348,0.027398922,0.016595395,0.018633496,3.0493773e-05,0.5,0.000184951,0.8092544,0.5,0
3624,NODE21_processed_png/c1761.png,0.033923,0.075439796,0.21469145,0.09488147,0.018547164,0.020696225,0.00700076,0.05511495,0.0676578,0.009222481,0.022823052,0.008040641,0.021662924,3.0518935e-05,0.5,0.001399105,0.18122922,0.5,0
3625,NODE21_processed_png/c2674.png,0.029662771,0.049294345,0.14448714,0.045103427,0.019132245,0.009534086,0.001470377,0.039177176,0.05459784,0.007299362,0.01045175,0.008549194,0.047612604,0.000107089,0.5,0.003206443,0.1729113,0.5,0
3626,NODE21_processed_png/c3034.png,0.012297006,0.07810688,0.20161536,0.042513717,0.035829052,0.007352049,0.003775553,0.030027904,0.07369302,0.005918337,0.007053141,0.009104264,0.022216277,6.924627e-06,0.5,0.000243304,0.19713056,0.5,0
3627,NODE21_processed_png/c3793.png,0.0344401,0.09751527,0.18191664,0.07820685,0.02430757,0.009025487,0.002734641,0.09050901,0.08113111,0.011239348,0.004684447,0.011294854,0.03846075,1.98211e-05,0.5,0.001546096,0.4137839,0.5,0
3628,NODE21_processed_png/c3742.png,0.054686245,0.0657168,0.17970832,0.10991992,0.04582137,0.011283346,0.002692924,0.117134966,0.08359418,0.012582642,0.036117945,0.011118257,0.03275585,0.000123573,0.5,0.003024867,0.15235895,0.5,0
3629,NODE21_processed_png/c2102.png,0.0363589,0.085530885,0.19644764,0.037276935,0.02406473,0.005772095,0.004577154,0.08109246,0.0798036,0.01266486,0.003133474,0.010077558,0.05884289,9.040547e-05,0.5,0.003891149,0.31842235,0.5,0
3630,NODE21_processed_png/c1017.png,0.07113349,0.103088856,0.29812014,0.077287264,0.11497164,0.018173732,0.007235274,0.11279068,0.14160246,0.012200301,0.016538087,0.011756538,0.0432592,6.394051e-05,0.5,0.001784092,0.32057223,0.5,0
3631,NODE21_processed_png/c0657.png,0.03382386,0.08947546,0.20044431,0.0672735,0.043976087,0.010869825,0.001680049,0.050254684,0.10759248,0.004795298,0.004658687,0.008224322,0.031697884,2.4415647e-05,0.5,0.000997636,0.49251387,0.5,0
3632,NODE21_processed_png/c2563.png,0.044155654,0.05701833,0.16986673,0.10371929,0.02398384,0.007748673,0.005027043,0.075998515,0.083845235,0.011261171,0.02056928,0.008928723,0.02221258,6.343454e-05,0.5,0.001110962,0.33634546,0.5,0
3633,NODE21_processed_png/c2911.png,0.0807731,0.07267227,0.2107295,0.0768745,0.03060887,0.017256264,0.002209549,0.05391888,0.07960177,0.007713319,0.01879209,0.007507803,0.02516546,0.000158293,0.5,0.003799316,0.116445564,0.5,0
3634,NODE21_processed_png/c3484.png,0.029225966,0.02348741,0.16939788,0.037547223,0.018590478,0.009811818,0.001908824,0.027046125,0.071539566,0.008865492,0.021369115,0.003855422,0.02123992,6.158885e-05,0.5,0.000790579,0.18268552,0.5,0
3635,NODE21_processed_png/c3323.png,0.03784729,0.06992934,0.17824236,0.058231626,0.010555024,0.038030926,0.002567739,0.039109714,0.06580044,0.01401316,0.0098022,0.005065523,0.038955502,5.090249e-06,0.5,0.000485089,0.16616726,0.5,0
3636,NODE21_processed_png/c0591.png,0.089836635,0.08910408,0.18552725,0.046978127,0.017567752,0.021048756,0.001942492,0.07640334,0.08065843,0.013860113,0.008620357,0.013845012,0.07694359,0.000103085,0.5,0.009854378,0.2352152,0.5,0
3637,NODE21_processed_png/c0236.png,0.03935481,0.04041544,0.1882724,0.051180713,0.029625721,0.007127176,0.002869983,0.07458451,0.06542209,0.009307381,0.015694499,0.007971284,0.018560434,0.000104474,0.5,0.00162475,0.18179838,0.5,0
3638,NODE21_processed_png/c1804.png,0.030175552,0.04312822,0.14377019,0.05119439,0.009121437,0.010679513,0.002225378,0.023745986,0.024609016,0.006704301,0.006311762,0.009276263,0.032045037,0.000105772,0.5,0.001675866,0.030384762,0.5,0
3639,NODE21_processed_png/c1476.png,0.023070833,0.054047946,0.19003302,0.14513662,0.03192606,0.00925459,0.009774395,0.03938797,0.115939535,0.009759645,0.017684985,0.008763093,0.016586734,2.359707e-05,0.5,0.000604285,0.2909462,0.5,0
3640,NODE21_processed_png/c3666.png,0.017576983,0.045704417,0.17683376,0.11300657,0.03596595,0.024256926,0.003111367,0.017295461,0.050370898,0.012714711,0.005278027,0.012968375,0.05938534,4.6069545e-05,0.5,0.001297918,0.1259182,0.5,0
3641,NODE21_processed_png/c2026.png,0.038254026,0.054710533,0.25350174,0.068469375,0.032169744,0.012489394,0.005029874,0.03337153,0.09261336,0.01110951,0.003834175,0.011721185,0.06340242,5.2993557e-05,0.5,0.00280643,0.22336565,0.5,0
3642,NODE21_processed_png/c2781.png,0.04620286,0.041133232,0.21964607,0.079794355,0.03117785,0.015106647,0.004119043,0.06603493,0.056936484,0.015606897,0.00874482,0.01774498,0.049859393,4.2327953e-05,0.5,0.002062448,0.06883496,0.5,0
3643,NODE21_processed_png/c1133.png,0.05292499,0.056916606,0.18971707,0.13121347,0.022884611,0.028681124,0.009848835,0.07442391,0.07633993,0.018366637,0.005908846,0.010171359,0.06552352,0.000238504,0.5,0.00319036,0.1508116,0.5,0
3644,NODE21_processed_png/c1694.png,0.02744108,0.09069526,0.17236865,0.114089355,0.030307295,0.01909128,0.007655199,0.05736264,0.06826528,0.022126233,0.020130325,0.011948824,0.033636216,5.7159792e-05,0.5,0.001292369,0.13958621,0.5,0
3645,NODE21_processed_png/c2835.png,0.042490594,0.036751356,0.16728477,0.045986366,0.008120887,0.008265787,0.003190892,0.04635565,0.059944168,0.007087695,0.004319772,0.005511477,0.02725197,0.000139119,0.5,0.001108628,0.13705772,0.5,0
3646,NODE21_processed_png/c2447.png,0.071781754,0.04967413,0.19910985,0.043200076,0.01995908,0.005493476,0.000702842,0.057650223,0.09022595,0.005424319,0.01738524,0.005950279,0.025415212,7.848128e-05,0.5,0.002826668,0.21358657,0.5,0
3647,NODE21_processed_png/c3207.png,0.042851474,0.05495223,0.18495767,0.044265445,0.01688534,0.008487994,0.002111306,0.040139332,0.05416029,0.005501661,0.01406799,0.010454283,0.033890527,0.000202627,0.5,0.002648725,0.08986422,0.5,0
3648,NODE21_processed_png/n0763.png,0.06735664,0.060688175,0.19157782,0.042709496,0.028279586,0.009111399,0.003276628,0.06362335,0.06234976,0.008829723,0.029482123,0.007704331,0.040905952,0.00059218,0.5,0.005015124,0.096095994,0.5,1
3649,NODE21_processed_png/c0312.png,0.017385852,0.105438456,0.20751663,0.074759014,0.038484238,0.012937197,0.005579297,0.05529606,0.11237211,0.009666752,0.015455286,0.00663835,0.021143682,1.1274286e-05,0.5,0.000322808,0.3660307,0.5,0
3650,NODE21_processed_png/c1552.png,0.05816547,0.02279656,0.16860293,0.009815219,0.010472909,0.003041238,0.001126191,0.033608716,0.03789429,0.003071972,0.019259524,0.004330733,0.018503118,0.000113447,0.5,0.000706444,0.068086214,0.5,0
3651,NODE21_processed_png/c1920.png,0.028860644,0.063510485,0.22300783,0.1035781,0.04819795,0.011359043,0.01202989,0.04967109,0.09188738,0.012180155,0.008744266,0.012963465,0.027623445,5.5348515e-05,0.5,0.002468949,0.13467348,0.5,0
3652,NODE21_processed_png/c1583.png,0.054139934,0.07928676,0.21148133,0.0634773,0.033125773,0.011108119,0.004854466,0.083578415,0.12679021,0.012969536,0.01699875,0.009326383,0.02980205,6.8928195e-05,0.5,0.00355168,0.56502527,0.5,0
3653,NODE21_processed_png/c1224.png,0.0541281,0.053134304,0.18397778,0.0927183,0.017312719,0.020391872,0.005854897,0.06177175,0.04308583,0.01654259,0.002439653,0.011847176,0.061428446,2.8502503e-05,0.5,0.004959117,0.09200558,0.5,0
3654,NODE21_processed_png/c0464.png,0.031768743,0.030359834,0.12382569,0.22139218,0.007298007,0.18523756,0.002370828,0.025538323,0.019758929,0.008930588,0.004792206,0.011309333,0.055221044,4.6367277e-05,0.5,0.00155342,0.014998362,0.5,0
3655,NODE21_processed_png/c0816.png,0.047039684,0.028184216,0.15600316,0.039139953,0.028466854,0.012005396,0.000765891,0.049157184,0.047571655,0.006910466,0.020296827,0.008118023,0.032301795,0.000158174,0.5,0.004350338,0.0786549,0.5,0
3656,NODE21_processed_png/n0015.png,0.060164277,0.06504987,0.2086302,0.07306959,0.04206279,0.00733917,0.003027318,0.078287594,0.11921975,0.007475715,0.015412151,0.008908749,0.034384258,0.000532286,0.5,0.003485072,0.39397407,0.5,1
3657,NODE21_processed_png/c3571.png,0.0626505,0.05062543,0.15061651,0.045711637,0.007273599,0.012125724,0.001396574,0.053572703,0.045824695,0.008282546,0.008274992,0.008955358,0.047180016,8.4944346e-05,0.5,0.004728728,0.09053859,0.5,0
3658,NODE21_processed_png/c2496.png,0.04957664,0.036399838,0.1384189,0.039004114,0.005711848,0.010736984,0.002069048,0.050027214,0.02426914,0.009611,0.008404091,0.006668487,0.032067858,2.78935e-05,0.5,0.001548892,0.06413127,0.5,0
3659,NODE21_processed_png/c2331.png,0.030596089,0.08097127,0.18539749,0.09526821,0.026381874,0.020588892,0.005552713,0.12621455,0.086985864,0.013781411,0.059706327,0.011571198,0.025370618,0.000395041,0.5,0.002749923,0.5719265,0.5,0
3660,NODE21_processed_png/c0005.png,0.042393234,0.048976373,0.1511702,0.06409964,0.012716298,0.011748035,0.006514744,0.029844332,0.048231263,0.011858344,0.004853154,0.01229816,0.03150449,0.000196615,0.5,0.004863728,0.13340966,0.5,0
3661,NODE21_processed_png/c1645.png,0.047083925,0.1203431,0.23931475,0.2265606,0.02550825,0.012026429,0.003903439,0.07114032,0.108143285,0.012274386,0.001821393,0.010586156,0.058853026,6.209649e-05,0.5,0.00137175,0.33038685,0.5,0
3662,NODE21_processed_png/c2750.png,0.062393993,0.042551562,0.1723136,0.017757658,0.01897748,0.006776257,0.001375736,0.106968366,0.06658711,0.008809293,0.027822187,0.00633841,0.024805019,0.000140941,0.5,0.004451397,0.21925516,0.5,0
3663,NODE21_processed_png/c3110.png,0.07189007,0.04855413,0.16123018,0.091405764,0.008872143,0.023832528,0.001934578,0.10019797,0.06504094,0.011661666,0.021460496,0.006475382,0.029635157,0.000244419,0.5,0.002187827,0.15604718,0.5,0
3664,NODE21_processed_png/c3429.png,0.08097412,0.05813054,0.15814558,0.13393877,0.027001318,0.032893516,0.001527852,0.047791705,0.099772066,0.005643384,0.008866185,0.00866445,0.03849829,4.8630576e-05,0.5,0.003021058,0.3607178,0.5,0
3665,NODE21_processed_png/c2269.png,0.06965263,0.039684433,0.19116406,0.08272203,0.021053748,0.042188343,0.006288273,0.053217296,0.08497975,0.020176103,0.012486531,0.009243355,0.031390443,0.000182794,0.5,0.002645658,0.26079914,0.5,0
3666,NODE21_processed_png/c2608.png,0.0732982,0.048052844,0.12538521,0.090895,0.005720693,0.030574327,0.00116896,0.042884566,0.039586794,0.005173179,0.003822504,0.006780636,0.028107595,4.4585904e-05,0.5,0.00351667,0.16801952,0.5,0
3667,NODE21_processed_png/c3048.png,0.03867915,0.06689858,0.2120151,0.084532775,0.036980126,0.016202701,0.002149201,0.061094124,0.08967258,0.007450654,0.012987454,0.007317643,0.02383569,3.0686893e-05,0.5,0.001463678,0.28902915,0.5,0
3668,NODE21_processed_png/c3099.png,0.07405185,0.041492596,0.10835109,0.10348501,0.007579952,0.13006487,0.000798197,0.06362116,0.022086713,0.009271177,0.006422189,0.007360538,0.06599736,0.000134323,0.5,0.004778022,0.06262073,0.5,0
3669,NODE21_processed_png/c1878.png,0.018549485,0.059305534,0.26609278,0.03416366,0.05695456,0.00421103,0.009985263,0.058770973,0.08423845,0.007977755,0.038252704,0.010119775,0.016781287,1.3666155e-05,0.5,0.00037751,0.13300227,0.5,0
3670,NODE21_processed_png/c2786.png,0.04048779,0.05813423,0.14326799,0.04395115,0.007090779,0.00737496,0.00246005,0.056755643,0.03926108,0.007637334,0.007357364,0.00889291,0.046432383,5.279955e-05,0.5,0.00272611,0.24028762,0.5,0
3671,NODE21_processed_png/c2021.png,0.031456977,0.055625346,0.19352642,0.06693815,0.022052297,0.006420188,0.003705075,0.06620931,0.093599685,0.006447655,0.006408968,0.007924536,0.0161746,6.486263e-05,0.5,0.000440582,0.3529853,0.5,0
3672,NODE21_processed_png/c3661.png,0.043340378,0.052820742,0.1957813,0.073593706,0.029619887,0.026092673,0.008628148,0.05973743,0.060983654,0.021309787,0.011554842,0.006701383,0.037964746,0.00013652,0.5,0.002802417,0.12854466,0.5,0
3673,NODE21_processed_png/n0305.png,0.06489478,0.06435738,0.19178128,0.08720875,0.036633212,0.018084425,0.006330948,0.0737338,0.058269218,0.014026216,0.031935897,0.01211404,0.040037468,0.000354054,0.5,0.007303054,0.15118948,0.5,1
3674,NODE21_processed_png/c0774.png,0.02061531,0.1018824,0.20453955,0.08933488,0.013393416,0.015471334,0.002750115,0.062113248,0.06323091,0.007081067,0.003302263,0.006985099,0.0162577,2.772012e-06,0.5,0.000623355,0.22715104,0.5,0
3675,NODE21_processed_png/c1693.png,0.058735516,0.06720708,0.16134746,0.06715021,0.004974896,0.012638967,0.003079674,0.050407816,0.061834954,0.006720064,0.005890289,0.009475729,0.066462465,1.9252475e-05,0.5,0.003418272,0.18672581,0.5,0
3676,NODE21_processed_png/c1134.png,0.042677782,0.05160601,0.2037623,0.20102905,0.03922399,0.014029887,0.015659057,0.15930168,0.060944557,0.02229073,0.09977968,0.006457065,0.02326973,8.915724e-05,0.5,0.001956914,0.083682396,0.5,0
3677,NODE21_processed_png/c3200.png,0.0918482,0.07953541,0.21855679,0.12526932,0.027504332,0.02820961,0.002500822,0.063341476,0.14793038,0.007916063,0.003501922,0.012573482,0.04935503,5.335307e-05,0.5,0.004260285,0.47137472,0.5,0
3678,NODE21_processed_png/c2440.png,0.021590909,0.04155788,0.124641836,0.045771234,0.005504424,0.005049236,0.001396489,0.021329848,0.032788306,0.008028626,0.003089037,0.006442877,0.026161224,9.293898e-06,0.5,0.0014041,0.098028116,0.5,0
3679,NODE21_processed_png/c2832.png,0.034749344,0.051563293,0.16248332,0.054696318,0.005707598,0.009952717,0.002833693,0.04873117,0.03121617,0.014522914,0.004573785,0.003931923,0.03456879,8.379178e-06,0.5,0.000709664,0.060636867,0.5,0
3680,NODE21_processed_png/c1927.png,0.0741537,0.04507669,0.20097314,0.033547062,0.015926981,0.005480742,0.001095541,0.072071984,0.10568383,0.008087788,0.016029162,0.007554018,0.0386967,5.668591e-05,0.5,0.001980155,0.28819874,0.5,0
3681,NODE21_processed_png/c1555.png,0.05624012,0.048181687,0.21384846,0.036190215,0.05317634,0.006284291,0.003206722,0.105925314,0.09027138,0.011594773,0.064947344,0.007007456,0.024346003,0.000409124,0.5,0.002721336,0.17598763,0.5,0
3682,NODE21_processed_png/c0315.png,0.061231114,0.10423588,0.21766657,0.14048588,0.03272256,0.013976109,0.006096795,0.07581974,0.13274296,0.015192438,0.015143977,0.014905707,0.04893309,7.630995e-05,0.5,0.00261645,0.56138253,0.5,0
3683,NODE21_processed_png/c0463.png,0.075057805,0.07372005,0.16207765,0.05065152,0.020920722,0.010659081,0.001949283,0.15882698,0.08321016,0.006874238,0.006911501,0.008173903,0.028100694,8.5150175e-05,0.5,0.004061463,0.30515224,0.5,0
3684,NODE21_processed_png/c1223.png,0.024380272,0.0770313,0.24490643,0.043766867,0.050717138,0.008372094,0.002270504,0.059887454,0.076893434,0.008030308,0.006119455,0.0110371,0.042514652,2.998683e-05,0.5,0.001443565,0.0756001,0.5,0
3685,NODE21_processed_png/c1584.png,0.06898354,0.059514802,0.16686192,0.076483056,0.036700435,0.013554248,0.00744811,0.059950177,0.0823775,0.011486248,0.007843768,0.010356322,0.047994334,0.000108518,0.5,0.002619301,0.20503387,0.5,0
3686,NODE21_processed_png/c2336.png,0.018587463,0.089958504,0.20674342,0.1918871,0.03448838,0.02509187,0.008188961,0.04760358,0.15779051,0.007306464,0.006987477,0.014156365,0.017313497,5.743452e-05,0.5,0.001124199,0.57449806,0.5,0
3687,NODE21_processed_png/c2491.png,0.05053531,0.039407782,0.14754021,0.06719083,0.009081992,0.014342207,0.00649422,0.04942894,0.04196014,0.013511004,0.011979023,0.006411535,0.023320504,0.000138517,0.5,0.002071662,0.19113299,0.5,0
3688,NODE21_processed_png/c3576.png,0.022908457,0.06644564,0.21247217,0.11936674,0.05096688,0.007945545,0.003807292,0.06901215,0.10940986,0.011953697,0.018496789,0.006807615,0.042095087,0.000323469,0.5,0.00072789,0.3147909,0.5,0
3689,NODE21_processed_png/c1642.png,0.03483858,0.02344521,0.1361499,0.08658335,0.009702293,0.014449857,0.002361205,0.03392245,0.034774717,0.012958437,0.016386079,0.00592819,0.04003214,0.000405806,0.5,0.001804846,0.059558533,0.5,0
3690,NODE21_processed_png/c0002.png,0.03037752,0.07995353,0.26638496,0.1054285,0.07055104,0.008788629,0.004463357,0.05270968,0.12738726,0.007468547,0.005111579,0.008341558,0.034362316,2.381187e-05,0.5,0.000846727,0.30664736,0.5,0
3691,NODE21_processed_png/c3117.png,0.086668305,0.033033684,0.1392357,0.10308446,0.013259197,0.025137821,0.003820838,0.092548154,0.06455094,0.018170767,0.043015018,0.009574633,0.035694465,0.000174376,0.5,0.01308059,0.24751054,0.5,0
3692,NODE21_processed_png/c2757.png,0.028286438,0.07604535,0.22421022,0.21105316,0.057013135,0.054882936,0.033000182,0.049476456,0.08023688,0.023474919,0.007669855,0.02732132,0.055862423,0.000147087,0.5,0.001959105,0.05965589,0.5,0
3693,NODE21_processed_png/c3389.png,0.07913682,0.066837594,0.15886454,0.11022732,0.018795928,0.06576371,0.000633513,0.057099808,0.070985615,0.006259386,0.007007017,0.008483837,0.07149623,0.000247396,0.5,0.006742096,0.18733397,0.5,0
3694,NODE21_processed_png/c2179.png,0.08909257,0.039901983,0.1372391,0.069235265,0.003922666,0.0359952,0.002632032,0.06479491,0.034356266,0.010542105,0.009356636,0.009885302,0.056895074,7.221364e-05,0.5,0.00150102,0.109254554,0.5,0
3695,NODE21_processed_png/c3739.png,0.07793686,0.0840038,0.18202338,0.06058802,0.02410902,0.016727813,0.00196629,0.12429766,0.09101686,0.007922535,0.006398701,0.00706495,0.06937881,4.4180393e-05,0.5,0.000931352,0.37205818,0.5,0
3696,NODE21_processed_png/c0998.png,0.04608015,0.029088873,0.12543754,0.21508141,0.018439313,0.06946438,0.004940118,0.021386094,0.05786865,0.00746778,0.012043033,0.012701008,0.0457894,0.000201566,0.5,0.008027904,0.11850161,0.5,0
3697,NODE21_processed_png/c3358.png,0.02745062,0.054495927,0.24546307,0.04609442,0.04069545,0.005730107,0.00340138,0.07068942,0.07632975,0.010594001,0.006684053,0.009975879,0.031302158,0.000150196,0.5,0.001615658,0.08037374,0.5,0
3698,NODE21_processed_png/c2518.png,0.032915853,0.030022752,0.14714257,0.07149531,0.013023065,0.044947192,0.004345669,0.03564709,0.024870094,0.009429626,0.009556357,0.007881779,0.027013602,0.000176134,0.5,0.002951867,0.036963515,0.5,0
3699,NODE21_processed_png/c0708.png,0.010255256,0.07635856,0.16430053,0.12729913,0.03811739,0.007728382,0.003369272,0.027304811,0.09374614,0.010165526,0.003285844,0.010996457,0.03041442,7.3879737e-06,0.5,0.001580103,0.33538604,0.5,0
3700,NODE21_processed_png/c1148.png,0.0363889,0.06131121,0.21122871,0.04611501,0.032455303,0.006140381,0.003845872,0.054471,0.08558946,0.01008557,0.011206306,0.011204397,0.046773814,1.2899512e-05,0.5,0.001602542,0.22164363,0.5,0
3701,NODE21_processed_png/c1529.png,0.047161024,0.03257112,0.15021513,0.02859639,0.019022351,0.008703565,0.006362462,0.038725737,0.03683173,0.012332855,0.0213823,0.004933971,0.025804935,0.000265527,0.5,0.002080981,0.0463894,0.5,0
3702,NODE21_processed_png/c0369.png,0.061273128,0.048373513,0.16242267,0.068787105,0.015758192,0.00635156,0.002409078,0.12474117,0.033400923,0.020280829,0.02510154,0.013253564,0.02709316,0.000172284,0.5,0.009439051,0.019016296,0.5,0
3703,NODE21_processed_png/c1199.png,0.049731247,0.103138715,0.2061344,0.1392548,0.022198305,0.033893485,0.005840234,0.0718224,0.10124951,0.009108947,0.007519383,0.017453618,0.04391787,6.314653e-05,0.5,0.002562836,0.27451578,0.5,0
3704,NODE21_processed_png/c0547.png,0.041402884,0.06187296,0.1914922,0.081962064,0.037537772,0.028814794,0.00386665,0.055026535,0.07134207,0.007275187,0.015119462,0.008168957,0.028212702,4.0129926e-05,0.5,0.001389443,0.31010443,0.5,0
3705,NODE21_processed_png/c0935.png,0.032080717,0.05813745,0.18369947,0.067681454,0.023050096,0.011319168,0.0025811,0.03973131,0.091299884,0.007982831,0.009730358,0.011242,0.04272466,4.827484e-05,0.5,0.001896571,0.40463227,0.5,0
3706,NODE21_processed_png/n0136.png,0.043195423,0.07461557,0.25009906,0.03252094,0.06260109,0.006501548,0.001998356,0.119144835,0.11361297,0.011362933,0.029418726,0.008172079,0.031850893,0.00032032,0.5,0.003811205,0.306057,0.5,1
3707,NODE21_processed_png/c1307.png,0.044713218,0.06565608,0.22524722,0.07157191,0.021163536,0.014426661,0.003949905,0.051067706,0.09532225,0.007215832,0.004798926,0.009471416,0.041280195,0.00010244,0.5,0.002571573,0.3790322,0.5,0
3708,NODE21_processed_png/c2212.png,0.05792514,0.058613278,0.1629413,0.03770797,0.011320138,0.010198872,0.001710737,0.073480286,0.041543804,0.012443423,0.03162014,0.010403677,0.04266091,0.000276882,0.5,0.00451845,0.114330426,0.5,0
3709,NODE21_processed_png/c3820.png,0.033056457,0.052547973,0.19439079,0.06886953,0.04829956,0.009852824,0.002712775,0.04513212,0.091159165,0.009775434,0.019428644,0.006823632,0.036529034,0.000170398,0.5,0.002497798,0.22692178,0.5,0
3710,NODE21_processed_png/c3452.png,0.040834147,0.052183896,0.17796902,0.12521242,0.027102007,0.025426835,0.003828842,0.03754753,0.071858205,0.013559674,0.004147712,0.011005249,0.0393623,4.082959e-05,0.5,0.001620506,0.25204042,0.5,0
3711,NODE21_processed_png/c1766.png,0.0359665,0.05057651,0.18827353,0.16479653,0.04724994,0.021067264,0.004273494,0.050370835,0.13788214,0.010154046,0.02530392,0.009402176,0.022970682,9.231869e-05,0.5,0.001545075,0.39518914,0.5,0
3712,NODE21_processed_png/c0681.png,0.037724372,0.06668796,0.17671062,0.13316177,0.028812027,0.030234018,0.005240932,0.0530785,0.0757696,0.012990473,0.007658281,0.009592307,0.03445797,0.000122565,0.5,0.002279433,0.15421627,0.5,0
3713,NODE21_processed_png/c0126.png,0.04118296,0.036876306,0.18752347,0.05331524,0.028984878,0.015433291,0.002449594,0.026363015,0.04952914,0.007478036,0.01820016,0.007468118,0.021396434,8.596326e-05,0.5,0.001339449,0.09486148,0.5,0
3714,NODE21_processed_png/n0557.png,0.028130183,0.089265786,0.21867834,0.10890282,0.03891065,0.015076109,0.004310658,0.07595349,0.10469517,0.010655172,0.022234298,0.011281995,0.02350449,4.8612816e-05,0.5,0.001768526,0.33020663,0.5,1
3715,NODE21_processed_png/n0925.png,0.041307002,0.056275163,0.22718735,0.05360426,0.046344783,0.008153689,0.002008036,0.07964086,0.10655756,0.014075856,0.009713493,0.007847942,0.03787301,0.000128172,0.5,0.002491206,0.25051102,0.5,1
3716,NODE21_processed_png/c3794.png,0.050599873,0.060503814,0.22448081,0.045988355,0.03229091,0.004935507,0.001841498,0.09442274,0.093212396,0.009752515,0.017641658,0.00775097,0.017983563,0.000164337,0.5,0.002231226,0.1697378,0.5,0
3717,NODE21_processed_png/c3033.png,0.04243412,0.037525542,0.19332282,0.042664263,0.027315872,0.008261449,0.002383689,0.05375905,0.0760411,0.009931621,0.014076139,0.008858846,0.03119287,0.000452502,0.5,0.004572727,0.16762474,0.5,0
3718,NODE21_processed_png/c2673.png,0.023322266,0.10192911,0.15933873,0.020791302,0.014984058,0.003420635,0.003592393,0.0795881,0.10568976,0.006105078,0.01005242,0.009999533,0.0212387,3.3993852e-05,0.5,0.000686757,0.6801714,0.5,0
3719,NODE21_processed_png/c2105.png,0.05098713,0.09838353,0.17220666,0.042075597,0.004860816,0.00762794,0.002450314,0.08815134,0.041258316,0.00981942,0.002526086,0.007327069,0.044090472,1.3635561e-05,0.5,0.002407916,0.24311984,0.5,0
3720,NODE21_processed_png/c3745.png,0.040358048,0.05452904,0.17739427,0.05232454,0.017683877,0.006848963,0.002815074,0.051873356,0.05359619,0.01287612,0.010186946,0.005365338,0.036423262,5.4590007e-05,0.5,0.001681465,0.1443642,0.5,0
3721,NODE21_processed_png/n0221.png,0.090652175,0.056528278,0.1883752,0.07256554,0.043781202,0.016593074,0.012627881,0.123263866,0.11491854,0.021909246,0.06997296,0.023551347,0.04963995,0.003073154,0.5,0.0143557,0.3883285,0.5,1
3722,NODE21_processed_png/c0650.png,0.0803384,0.07241579,0.22236764,0.07475127,0.03450398,0.007815251,0.006025696,0.19912261,0.12167438,0.018644005,0.035068136,0.00767272,0.027394816,0.000101359,0.5,0.001580129,0.4397481,0.5,0
3723,NODE21_processed_png/n0586.png,0.051352825,0.08137547,0.17967626,0.10435576,0.042211626,0.012770749,0.002473992,0.086228065,0.07755097,0.009679615,0.016324928,0.014693731,0.048553146,0.001734938,0.5,0.007458283,0.28568128,0.5,1
3724,NODE21_processed_png/c1010.png,0.03356079,0.024770016,0.16352943,0.034022514,0.01377249,0.010027518,0.004230375,0.03338026,0.055633932,0.008035505,0.027581273,0.007781625,0.021187032,9.590137e-05,0.5,0.001056774,0.1419397,0.5,0
3725,NODE21_processed_png/c3324.png,0.04185245,0.11044808,0.22516936,0.10467297,0.08170632,0.02463642,0.003435398,0.13063791,0.14989042,0.007228271,0.006143612,0.017476883,0.019189132,0.000176937,0.5,0.002889575,0.4848075,0.5,0
3726,NODE21_processed_png/c3483.png,0.039481733,0.021905953,0.13042288,0.037835527,0.006744911,0.008214702,0.002749569,0.03947923,0.027854403,0.010958828,0.012644106,0.009189635,0.027713394,0.00027318,0.5,0.00195765,0.025548333,0.5,0
3727,NODE21_processed_png/c2916.png,0.066080205,0.055898085,0.18370716,0.094141945,0.017014481,0.020868227,0.0016908,0.08312007,0.05341567,0.011546142,0.009596622,0.008581238,0.050101563,0.000108054,0.5,0.004581221,0.06039957,0.5,0
3728,NODE21_processed_png/c2564.png,0.04194905,0.03500821,0.13172595,0.023855584,0.003599233,0.013571655,0.00242881,0.04234713,0.024861846,0.005417042,0.008670501,0.007285553,0.03935327,0.00013758,0.5,0.001619235,0.043126807,0.5,0
3729,NODE21_processed_png/c1471.png,0.05376198,0.04511837,0.17491193,0.09645462,0.02434661,0.019780789,0.004676458,0.08690955,0.06313215,0.013368788,0.021142015,0.00736144,0.025949009,0.000121061,0.5,0.002897837,0.24861313,0.5,0
3730,NODE21_processed_png/c1803.png,0.034973375,0.029267069,0.12228715,0.05424741,0.010646657,0.02706613,0.001124201,0.023226453,0.026476353,0.00474359,0.005730835,0.005881102,0.026024047,1.4665992e-05,0.5,0.002313124,0.04656128,0.5,0
3731,NODE21_processed_png/c0231.png,0.05956131,0.06331488,0.18210608,0.22523795,0.017846147,0.05067218,0.008383081,0.056330446,0.05266465,0.015417883,0.009292526,0.011518375,0.04550102,0.000337925,0.5,0.001838456,0.07415178,0.5,0
3732,NODE21_processed_png/c0596.png,0.050039638,0.09349794,0.18655846,0.12686385,0.029901491,0.011910968,0.004367091,0.072963595,0.14200869,0.006527001,0.009612814,0.019563027,0.024154346,6.185755e-05,0.5,0.001547672,0.7107922,0.5,0
3733,NODE21_processed_png/c2168.png,0.036272027,0.045227893,0.21115093,0.08575345,0.021360792,0.011669315,0.012123089,0.04166716,0.050411664,0.014328919,0.009582331,0.007711506,0.03291876,0.000123172,0.5,0.002176144,0.08783073,0.5,0
3734,NODE21_processed_png/c3728.png,0.023848232,0.09150426,0.17051777,0.07084123,0.022397116,0.00981303,0.008623177,0.07731435,0.12357356,0.011403607,0.034026567,0.016960844,0.023003874,2.8248975e-05,0.5,0.000510896,0.658326,0.5,0
3735,NODE21_processed_png/c3349.png,0.04877025,0.06376734,0.21545216,0.043659966,0.036941573,0.005215712,0.001557324,0.09584557,0.12445374,0.007894635,0.035852693,0.007462897,0.026693739,0.000206152,0.5,0.00143371,0.37616044,0.5,0
3736,NODE21_processed_png/c2509.png,0.05233595,0.036118235,0.14119494,0.064467326,0.025371304,0.026629265,0.00278865,0.08974854,0.06359764,0.017679067,0.018609194,0.011726798,0.041868612,5.860865e-05,0.5,0.008788125,0.23737773,0.5,0
3737,NODE21_processed_png/c0989.png,0.060009412,0.04854694,0.15552922,0.1041984,0.018917775,0.026983479,0.004433873,0.05659436,0.066227056,0.011070566,0.013914357,0.00948084,0.037567154,0.000236157,0.5,0.003760323,0.1229351,0.5,0
3738,NODE21_processed_png/c0958.png,0.04624642,0.081908636,0.16413292,0.096198596,0.03690924,0.004702864,0.002882617,0.08530985,0.1372555,0.011050166,0.027827265,0.00936477,0.03620766,3.628744e-05,0.5,0.000677544,0.582788,0.5,0
3739,NODE21_processed_png/c3398.png,0.03731288,0.03155605,0.14360152,0.047985032,0.023468457,0.011073459,0.005493301,0.076391324,0.04289903,0.025421316,0.028750217,0.006655081,0.032035813,0.00280597,0.5,0.003652897,0.12761252,0.5,0
3740,NODE21_processed_png/n0948.png,0.05492349,0.058337256,0.24831961,0.0948226,0.07245039,0.023708077,0.004876094,0.061164826,0.17389631,0.013762142,0.013608431,0.01451209,0.030577788,0.000113631,0.5,0.003371829,0.45225284,0.5,1
3741,NODE21_processed_png/c2480.png,0.061852425,0.058204222,0.18421291,0.16671276,0.018630082,0.035947293,0.004890561,0.07603442,0.042210925,0.010773609,0.009264296,0.01196471,0.029445142,0.000283756,0.5,0.007244293,0.017250806,0.5,0
3742,NODE21_processed_png/c2327.png,0.048270445,0.06975037,0.13323991,0.032281727,0.00496187,0.00472239,0.002486453,0.06524245,0.053061895,0.00827932,0.015817776,0.006975697,0.01769615,2.3751249e-05,0.5,0.000769795,0.1765178,0.5,0
3743,NODE21_processed_png/c3567.png,0.027503338,0.031790566,0.16256835,0.03755805,0.020294793,0.013453905,0.003758598,0.032339454,0.048990864,0.012209951,0.012786328,0.006832106,0.02603566,5.278374e-05,0.5,0.001565861,0.15228991,0.5,0
3744,NODE21_processed_png/c0472.png,0.024297249,0.07291846,0.2509889,0.113953516,0.056140866,0.020190587,0.005924143,0.05629149,0.10202574,0.006109681,0.006814143,0.012578538,0.0224914,2.0166743e-05,0.5,0.000340621,0.10944788,0.5,0
3745,NODE21_processed_png/c0800.png,0.04634543,0.03410896,0.18489884,0.033482388,0.016184669,0.012367926,0.004511553,0.049981587,0.05567109,0.013391661,0.019453429,0.00792806,0.02565295,0.00025266,0.5,0.002675596,0.0906108,0.5,0
3746,NODE21_processed_png/c1595.png,0.034086548,0.068884835,0.20853254,0.03300097,0.079574026,0.002612837,0.001223903,0.08915504,0.07749069,0.007911515,0.02457875,0.008277494,0.04873427,0.000111138,0.5,0.000884158,0.2374842,0.5,0
3747,NODE21_processed_png/c1232.png,0.06351742,0.08839777,0.23034805,0.068084575,0.057587642,0.014096595,0.006085081,0.105022855,0.22750247,0.01224436,0.022966769,0.014501262,0.030184185,0.00010423,0.5,0.002077984,0.81772757,0.5,0
3748,NODE21_processed_png/c3106.png,0.039631628,0.068677194,0.21329008,0.07423259,0.018120391,0.025362387,0.004448897,0.038555484,0.10421017,0.009769151,0.003975738,0.011001316,0.041327056,0.000162228,0.5,0.001852166,0.27404827,0.5,0
3749,NODE21_processed_png/c2746.png,0.02572998,0.09612983,0.16817115,0.07232213,0.053301536,0.005665976,0.003103099,0.08116634,0.15951711,0.006829418,0.037106667,0.010375905,0.012245016,4.624138e-05,0.5,0.000543499,0.5863316,0.5,0
3750,NODE21_processed_png/c1653.png,0.022856561,0.08945373,0.17014818,0.024182899,0.0095999,0.005296228,0.0026874,0.036079206,0.05169299,0.006048167,0.004422219,0.006747351,0.020042973,4.832723e-06,0.5,0.000930305,0.115025654,0.5,0
3751,NODE21_processed_png/c0013.png,0.036859952,0.08462334,0.21193679,0.08572246,0.054818902,0.04722774,0.00402426,0.050332557,0.07868959,0.0100608,0.007541052,0.012603382,0.048639257,0.000102748,0.5,0.002841764,0.15462922,0.5,0
3752,NODE21_processed_png/n0810.png,0.060470186,0.055540588,0.19033897,0.15763462,0.03886464,0.011859347,0.009425248,0.06934508,0.088229015,0.021253904,0.017490055,0.02765196,0.080907226,0.000619818,0.5,0.00724439,0.17979838,0.5,1
3753,NODE21_processed_png/n0314.png,0.09614219,0.068069525,0.19065233,0.02697668,0.018032325,0.002516321,0.001391169,0.12865497,0.07388564,0.005792272,0.03611086,0.006236523,0.022532437,0.000124184,0.5,0.001234163,0.20355812,0.5,1
3754,NODE21_processed_png/c0765.png,0.05632951,0.042043693,0.1650137,0.051672835,0.009303284,0.024002273,0.002998007,0.09309703,0.027259715,0.013712097,0.025462113,0.009204148,0.025772046,0.000305638,0.5,0.004412515,0.028145388,0.5,0
3755,NODE21_processed_png/c1125.png,0.04597562,0.056528684,0.18567991,0.31950548,0.012424765,0.046101388,0.004493371,0.043780614,0.09106163,0.012318595,0.008919104,0.015336829,0.046156123,1.36241215e-05,0.5,0.002114876,0.37779787,0.5,0
3756,NODE21_processed_png/c1682.png,0.060816508,0.050393872,0.20413098,0.04300555,0.02650303,0.006615241,0.003715073,0.078637816,0.10395828,0.007446624,0.015778754,0.006685626,0.01823534,0.000312534,0.5,0.002293903,0.32980502,0.5,0
3757,NODE21_processed_png/c2030.png,0.04128858,0.06113396,0.22622038,0.10421818,0.043965317,0.019331342,0.004356499,0.03645446,0.103678256,0.009784267,0.008351015,0.008881575,0.055136498,0.000128821,0.5,0.001673829,0.3262938,0.5,0
3758,NODE21_processed_png/c2797.png,0.051173497,0.026164338,0.14037019,0.050402254,0.005297044,0.010200845,0.001043419,0.019655665,0.038344704,0.005259942,0.00151275,0.00566481,0.03494324,2.3747853e-05,0.5,0.000965913,0.080304556,0.5,0
3759,NODE21_processed_png/c3670.png,0.013066766,0.057972856,0.18693882,0.07748149,0.03424557,0.005092091,0.001464838,0.025974786,0.059626702,0.004255814,0.007325179,0.006631494,0.021390015,1.8236433e-05,0.5,0.000355486,0.116345026,0.5,0
3760,NODE21_processed_png/c1544.png,0.042789556,0.04810537,0.1382082,0.06404473,0.011133187,0.012280626,0.002721761,0.052913073,0.051231,0.01156542,0.014593963,0.007825648,0.033644307,2.3467224e-05,0.5,0.002279448,0.09737344,0.5,0
3761,NODE21_processed_png/c1936.png,0.0223786,0.0650284,0.15948665,0.09413675,0.026779238,0.003885987,0.006018866,0.038308587,0.12467027,0.009914992,0.02650121,0.009910844,0.014616478,4.9386563e-05,0.5,0.00052893,0.5399106,0.5,0
3762,NODE21_processed_png/c0304.png,0.03808584,0.034154,0.16831273,0.03825632,0.010298996,0.012050923,0.002401795,0.031043615,0.030571103,0.005391826,0.00337124,0.00498757,0.029945958,5.537e-05,0.5,0.000975011,0.029420719,0.5,0
3763,NODE21_processed_png/c2451.png,0.027882403,0.052581344,0.15349853,0.077614225,0.011718403,0.011050493,0.006053685,0.038382713,0.04693786,0.012417133,0.008904963,0.006998067,0.030115899,1.8148125e-05,0.5,0.001123154,0.1499512,0.5,0
3764,NODE21_processed_png/n0597.png,0.035309296,0.05630111,0.17164597,0.04546487,0.01938841,0.005620672,0.002704249,0.036680244,0.070222855,0.005537487,0.007938842,0.010095541,0.025192112,0.000145041,0.5,0.001440242,0.16109449,0.5,1
3765,NODE21_processed_png/c0641.png,0.06662982,0.062471516,0.23841763,0.10227881,0.03977093,0.013550106,0.003487527,0.13219868,0.15249833,0.017548878,0.024821723,0.022991663,0.033841927,4.558224e-05,0.5,0.008820161,0.34698635,0.5,0
3766,NODE21_processed_png/c1001.png,0.045736637,0.091344155,0.19796021,0.121327616,0.028518245,0.008483822,0.004652143,0.11061488,0.12787488,0.013695981,0.011052841,0.007735145,0.02830556,5.0569677e-05,0.5,0.001498851,0.40515527,0.5,0
3767,NODE21_processed_png/c2114.png,0.04075028,0.11469446,0.24051428,0.08285462,0.038152788,0.024176637,0.005683735,0.11849282,0.1284707,0.015637446,0.007468339,0.016404316,0.061511796,4.1628096e-05,0.5,0.004793728,0.57838225,0.5,0
3768,NODE21_processed_png/c3754.png,0.036234938,0.106276765,0.23325178,0.10609528,0.037215807,0.008835581,0.003283399,0.075133264,0.15715268,0.007926422,0.003999262,0.011156943,0.036157414,9.649038e-05,0.5,0.001806436,0.4144037,0.5,0
3769,NODE21_processed_png/c1812.png,0.062117252,0.043718606,0.15670773,0.14213169,0.015091928,0.021944702,0.003854359,0.09222923,0.050140873,0.018356543,0.06357538,0.007791591,0.021452542,0.000155796,0.5,0.013920846,0.050406225,0.5,0
3770,NODE21_processed_png/c1460.png,0.04213165,0.04441963,0.16910547,0.038423974,0.009682737,0.00752205,0.003826935,0.022874458,0.035488196,0.007741535,0.001827816,0.008078451,0.04741073,1.4581589e-05,0.5,0.001410515,0.08261005,0.5,0
3771,NODE21_processed_png/c0587.png,0.053320605,0.056180436,0.12942496,0.063841216,0.008022521,0.018688614,0.00068003,0.061468124,0.041216247,0.006112724,0.006487503,0.007599605,0.037971415,4.557868e-05,0.5,0.004133299,0.26470813,0.5,0
3772,NODE21_processed_png/n0651.png,0.05778741,0.058841467,0.13819109,0.023277681,0.006085606,0.006238531,0.000290361,0.12382786,0.052747782,0.00759319,0.002687106,0.006606678,0.036896415,2.8052571e-05,0.5,0.003133442,0.33784914,0.5,1
3773,NODE21_processed_png/c0220.png,0.04151851,0.053333834,0.17191657,0.06653199,0.01675996,0.011364355,0.00200412,0.044434372,0.06822504,0.00576889,0.003056402,0.014236659,0.02425513,8.343372e-05,0.5,0.006711399,0.17646624,0.5,0
3774,NODE21_processed_png/c3335.png,0.024860583,0.054277375,0.14717573,0.13619359,0.008581558,0.015046432,0.003937236,0.07297289,0.03597604,0.017489739,0.005315645,0.008715334,0.022690851,4.6345085e-05,0.5,0.001301862,0.16440018,0.5,0
3775,NODE21_processed_png/c2575.png,0.041205514,0.07297441,0.19774996,0.074268214,0.02814406,0.01286556,0.002301666,0.06615358,0.08568762,0.009118444,0.006954224,0.009364937,0.037097085,2.5241188e-05,0.5,0.004182481,0.31229362,0.5,0
3776,NODE21_processed_png/c2907.png,0.033203587,0.08478409,0.20415518,0.071000874,0.02079819,0.009221058,0.006008762,0.0662579,0.0781488,0.007192694,0.006577916,0.013297219,0.024964329,4.08512e-05,0.5,0.00094037,0.34336415,0.5,0
3777,NODE21_processed_png/c2203.png,0.020855298,0.15723829,0.2826521,0.14225136,0.04474131,0.014080939,0.002054632,0.083725005,0.25692526,0.007662115,0.005637846,0.007531427,0.021492157,2.2101704e-06,0.5,0.000217383,0.89068973,0.5,0
3778,NODE21_processed_png/c3443.png,0.053862557,0.061415035,0.19753347,0.20747502,0.03567512,0.023910057,0.006568037,0.065533616,0.16115758,0.011592778,0.0120525,0.009397679,0.035139564,0.00013819,0.5,0.001463172,0.33336437,0.5,0
3779,NODE21_processed_png/c3831.png,0.06618822,0.051042747,0.23666474,0.023349678,0.025790095,0.003722195,0.001480724,0.08137844,0.0917303,0.005851434,0.011430885,0.005822346,0.020308737,3.2489777e-05,0.5,0.001142228,0.2953115,0.5,0
3780,NODE21_processed_png/c0924.png,0.05780191,0.069282934,0.19533515,0.10546119,0.05288331,0.011823117,0.010886253,0.08273746,0.14046283,0.013882024,0.024703665,0.01815073,0.0301215,0.00041053,0.5,0.003609391,0.38251343,0.5,0
3781,NODE21_processed_png/c0556.png,0.030674217,0.06474223,0.13576777,0.07834838,0.012746953,0.022024112,0.001379703,0.06583435,0.065304235,0.008012974,0.00583635,0.010607683,0.0380226,0.000108452,0.5,0.003614869,0.40341645,0.5,0
3782,NODE21_processed_png/n0127.png,0.06756192,0.07205186,0.197089,0.05208615,0.038128648,0.004183233,0.001710417,0.13953006,0.18341307,0.011691431,0.060444944,0.011645531,0.026406871,0.000786475,0.5,0.005027783,0.6323782,0.5,1
3783,NODE21_processed_png/c1316.png,0.030440684,0.09983634,0.22265863,0.22267614,0.071169734,0.008651214,0.007035414,0.07190783,0.11415431,0.017352704,0.007185061,0.009742055,0.040476464,0.00013167,0.5,0.001043,0.28176865,0.5,0
3784,NODE21_processed_png/c3022.png,0.06234038,0.104261935,0.23882808,0.1185489,0.03891085,0.011590798,0.006266492,0.07709269,0.14560166,0.009501763,0.025318988,0.006306052,0.021511195,5.4877604e-05,0.5,0.001742664,0.41497967,0.5,0
3785,NODE21_processed_png/c2662.png,0.01125945,0.047606476,0.17746587,0.04839585,0.04313744,0.003476966,0.001713452,0.023891684,0.09812582,0.005375272,0.015199224,0.004637756,0.013598683,6.9616384e-05,0.5,0.000424368,0.24126539,0.5,0
3786,NODE21_processed_png/c1777.png,0.034567624,0.07484104,0.19960512,0.062343583,0.012465382,0.00895343,0.00293262,0.03184645,0.05902881,0.008500277,0.001009515,0.007620618,0.03259977,2.4311557e-05,0.5,0.001002085,0.07982716,0.5,0
3787,NODE21_processed_png/c0137.png,0.07139635,0.059188697,0.22602755,0.036836177,0.032405313,0.004663758,0.000888447,0.12225775,0.12746285,0.00721614,0.029973065,0.006723393,0.024820626,6.0524813e-05,0.5,0.003286745,0.44400626,0.5,0
3788,NODE21_processed_png/n0934.png,0.04969935,0.052958734,0.1990049,0.06425811,0.028441055,0.023580996,0.007534138,0.051148232,0.07261617,0.01433717,0.012878073,0.0133449,0.03971592,0.000749905,0.5,0.002900531,0.112617716,0.5,1
3789,NODE21_processed_png/c0690.png,0.016491514,0.04151357,0.18387768,0.27379054,0.037994534,0.050404955,0.006400977,0.023249127,0.075454675,0.011638126,0.006338493,0.011699162,0.036000498,6.1865154e-05,0.5,0.000889051,0.18448499,0.5,0
3790,NODE21_processed_png/c1188.png,0.10612291,0.11316764,0.16950914,0.11800751,0.010244737,0.089494206,0.00225018,0.18478587,0.10989107,0.023204627,0.005180236,0.008944396,0.08720912,9.5882075e-05,0.5,0.010208292,0.6189923,0.5,0
3791,NODE21_processed_png/n0368.png,0.041049123,0.094739564,0.27603185,0.065130785,0.05224405,0.014439833,0.003687566,0.04774923,0.08013785,0.005040036,0.004175555,0.007587347,0.029039793,3.4895038e-05,0.5,0.001559412,0.097966015,0.5,1
3792,NODE21_processed_png/c0719.png,0.04947242,0.023666693,0.13691886,0.038252033,0.007825173,0.029529916,0.000938581,0.05022798,0.03703248,0.014432949,0.022888137,0.004623914,0.030588023,2.753076e-05,0.5,0.001977069,0.065844305,0.5,0
3793,NODE21_processed_png/c1159.png,0.02163435,0.053410154,0.16927844,0.0777967,0.011397982,0.01085218,0.003874523,0.04217972,0.07514076,0.013486492,0.010823427,0.00795822,0.02672737,2.3964069e-05,0.5,0.00080214,0.4267788,0.5,0
3794,NODE21_processed_png/c1538.png,0.03400043,0.05896937,0.21390301,0.19684383,0.04225949,0.067142725,0.007939035,0.048162676,0.105648145,0.03105031,0.005434059,0.009108625,0.07841987,0.000239178,0.5,0.003539675,0.3248222,0.5,0
3795,NODE21_processed_png/n0709.png,0.047954194,0.06765974,0.23862642,0.055768896,0.032912206,0.026619565,0.01161835,0.05896833,0.05440398,0.010757769,0.017808346,0.011043159,0.027883768,0.000453275,0.5,0.002270936,0.03779961,0.5,1
3796,NODE21_processed_png/c1006.png,0.029641774,0.054649577,0.14987524,0.09220485,0.022071324,0.030434757,0.005687759,0.055375896,0.04726038,0.013099846,0.043313343,0.010243597,0.039954003,0.000334388,0.5,0.001680998,0.14610262,0.5,0
3797,NODE21_processed_png/c0646.png,0.06616061,0.02973526,0.15330464,0.049109895,0.012497347,0.010384702,0.003776382,0.07700532,0.04869256,0.016192079,0.020812007,0.00693521,0.025522362,0.000171541,0.5,0.003814653,0.14171767,0.5,0
3798,NODE21_processed_png/n0590.png,0.030533547,0.09922521,0.2155159,0.12110907,0.050265476,0.013387913,0.00472506,0.08251096,0.100253485,0.012769646,0.01552802,0.016063303,0.031947404,0.000230253,0.5,0.00185715,0.2784006,0.5,1
3799,NODE21_processed_png/c3753.png,0.016024731,0.063083276,0.20716327,0.20844491,0.042122345,0.01248576,0.014936131,0.025734829,0.105139546,0.008792939,0.008045342,0.015798975,0.018276723,2.4621855e-05,0.5,0.000742215,0.23152836,0.5,0
3800,NODE21_processed_png/c2113.png,0.07479944,0.05402299,0.1418071,0.04860358,0.011082529,0.014682446,0.002814351,0.11051572,0.03827448,0.01671066,0.014508672,0.011614648,0.041142438,6.181728e-05,0.5,0.005466504,0.12185984,0.5,0
3801,NODE21_processed_png/c0227.png,0.04273975,0.051644105,0.19931959,0.1647731,0.016593937,0.018810712,0.010555761,0.06881913,0.05789498,0.01674483,0.006468718,0.013711652,0.037535097,3.0001478e-05,0.5,0.002168939,0.12836865,0.5,0
3802,NODE21_processed_png/c0580.png,0.046966556,0.060095973,0.14779608,0.22537418,0.009285571,0.050714284,0.007926012,0.03227607,0.061710794,0.010232883,0.002074788,0.008720476,0.03776142,1.872175e-05,0.5,0.001373537,0.09148881,0.5,0
3803,NODE21_processed_png/c1467.png,0.027770538,0.06242496,0.21306437,0.041362025,0.019235585,0.007042403,0.003410343,0.09476884,0.07886968,0.007707374,0.024184914,0.006942167,0.020840412,1.9486883e-05,0.5,0.001098452,0.39735144,0.5,0
3804,NODE21_processed_png/c1815.png,0.060327288,0.119353816,0.22606881,0.06979193,0.018411761,0.05973292,0.00085538,0.098136835,0.111214004,0.007746319,0.004672628,0.00786083,0.056421906,5.0286915e-05,0.5,0.002326326,0.65526927,0.5,0
3805,NODE21_processed_png/n1016.png,0.05312857,0.090351306,0.23897336,0.09633855,0.022096545,0.016279122,0.003570528,0.09232455,0.07632554,0.008586868,0.008090253,0.009520423,0.036281034,0.000140118,0.5,0.003014726,0.21025187,0.5,1
3806,NODE21_processed_png/c2900.png,0.05990766,0.068927705,0.2151137,0.05119144,0.025100874,0.020998165,0.0081279,0.08186096,0.064240806,0.008893076,0.020815397,0.01801646,0.03808323,0.000313743,0.5,0.002715387,0.19218594,0.5,0
3807,NODE21_processed_png/c2572.png,0.05863779,0.09329351,0.20364746,0.05095208,0.018030949,0.02285532,0.001781846,0.14996924,0.109714665,0.010101404,0.012807546,0.006652148,0.040380128,2.3456998e-05,0.5,0.001435998,0.5176671,0.5,0
3808,NODE21_processed_png/c3332.png,0.027551305,0.06798647,0.21014316,0.1042289,0.05964136,0.008441747,0.002033319,0.06237398,0.22156215,0.008846254,0.021819089,0.011616305,0.015550755,0.000160312,0.5,0.001083955,0.8336421,0.5,0
3809,NODE21_processed_png/c3495.png,0.072631806,0.049285203,0.1747518,0.099364616,0.022716181,0.058815982,0.012081025,0.049213536,0.051927727,0.013380403,0.010623499,0.010952996,0.03867385,0.000118269,0.5,0.002712817,0.10577573,0.5,0
3810,NODE21_processed_png/c3836.png,0.0388144,0.055959973,0.23061,0.1080304,0.041023247,0.021500424,0.013561306,0.06387465,0.09412034,0.017501581,0.031009577,0.011014447,0.03206031,0.000184175,0.5,0.003200715,0.21245928,0.5,0
3811,NODE21_processed_png/c3444.png,0.055046976,0.07556219,0.18178792,0.063493565,0.010004908,0.014163001,0.004443629,0.082100965,0.06228335,0.009949432,0.020785628,0.007097856,0.02157575,0.000109707,0.5,0.001567901,0.23265094,0.5,0
3812,NODE21_processed_png/c2204.png,0.040701985,0.08200182,0.25285628,0.108737,0.03530111,0.021691885,0.006335881,0.062472668,0.113107815,0.010461049,0.002154802,0.02484444,0.064993784,6.994884e-05,0.5,0.00325961,0.23523334,0.5,0
3813,NODE21_processed_png/c1311.png,0.04355499,0.06257698,0.16354668,0.032023277,0.006626878,0.007071002,0.004753262,0.05559895,0.04728038,0.010711519,0.012526806,0.006908886,0.028538805,6.51166e-05,0.5,0.001191993,0.11680034,0.5,0
3814,NODE21_processed_png/c0551.png,0.03146058,0.056927495,0.17114568,0.044610135,0.010883535,0.010282658,0.004331265,0.05484527,0.056905627,0.006439771,0.014978547,0.004672125,0.020905884,3.1266318e-05,0.5,0.000715244,0.05496502,0.5,0
3815,NODE21_processed_png/c0923.png,0.032218132,0.15295872,0.21615976,0.13755028,0.031085808,0.013022262,0.013947126,0.14619735,0.16003121,0.021317493,0.027904512,0.023185093,0.028161582,6.849116e-05,0.5,0.001378015,0.74245405,0.5,0
3816,NODE21_processed_png/n0120.png,0.03222944,0.045260444,0.20118076,0.02552138,0.020991385,0.005136691,0.001697124,0.047513958,0.050845183,0.006867526,0.016748717,0.008464665,0.020359233,0.000404724,0.5,0.003015308,0.075495936,0.5,1
3817,NODE21_processed_png/c2665.png,0.04248399,0.043367855,0.19391067,0.029950853,0.03558769,0.008713453,0.001149851,0.097090185,0.08607101,0.008668403,0.040244073,0.00425176,0.02007352,4.0645366e-05,0.5,0.001171492,0.27833924,0.5,0
3818,NODE21_processed_png/c3782.png,0.056460477,0.067345984,0.20096463,0.1241657,0.03554747,0.01522332,0.006778331,0.07229853,0.19106513,0.010029944,0.014762238,0.011379977,0.022405574,0.000192548,0.5,0.002522784,0.66203016,0.5,0
3819,NODE21_processed_png/c3025.png,0.03902731,0.054648306,0.16692354,0.06429682,0.005802878,0.005657552,0.000815701,0.028935153,0.05998243,0.004375475,0.004674917,0.003763143,0.016088733,4.905962e-06,0.5,0.000550614,0.22285548,0.5,0
3820,NODE21_processed_png/c0697.png,0.022803368,0.09746919,0.22785802,0.04243864,0.047603946,0.006216104,0.002425795,0.037894934,0.22232763,0.006875234,0.013347535,0.006466753,0.023585385,7.104338e-06,0.5,0.000409666,0.66831017,0.5,0
3821,NODE21_processed_png/c0130.png,0.039688185,0.028558537,0.17494869,0.022182876,0.019715637,0.004885655,0.00396729,0.03415016,0.04418827,0.006293546,0.030343415,0.005480673,0.014871077,0.000354111,0.5,0.002529286,0.060626052,0.5,0
3822,NODE21_processed_png/n0541.png,0.05159971,0.087611616,0.20903914,0.06530695,0.057876002,0.005248433,0.005298851,0.08004809,0.088654235,0.008957818,0.020770526,0.01743505,0.026635887,0.00018562,0.5,0.001681983,0.26046905,0.5,1
3823,NODE21_processed_png/c1770.png,0.084209524,0.07568843,0.17487134,0.03538538,0.02868451,0.008280316,0.00273478,0.10568071,0.08462674,0.017432604,0.020969631,0.009868285,0.074631356,0.000662014,0.5,0.014038776,0.28703272,0.5,0
3824,NODE21_processed_png/c1249.png,0.04534201,0.105749846,0.19714524,0.0988841,0.034477983,0.00798739,0.006517994,0.20231548,0.0972862,0.01774435,0.015171404,0.013484756,0.029589325,7.335774e-05,0.5,0.002441803,0.3709176,0.5,0
3825,NODE21_processed_png/c0409.png,0.02434452,0.038226336,0.16530126,0.077069774,0.020599186,0.011570674,0.013007552,0.043060333,0.030941935,0.010945025,0.00924011,0.010888357,0.03327153,9.163029e-05,0.5,0.003646665,0.03369769,0.5,0
3826,NODE21_processed_png/n0078.png,0.05647665,0.06753594,0.25248787,0.105304405,0.0387156,0.01848806,0.006488707,0.07665645,0.095277496,0.01585777,0.009455252,0.008308218,0.044260886,0.000142036,0.5,0.003121982,0.058262985,0.5,1
3827,NODE21_processed_png/c2889.png,0.052045174,0.05196625,0.21360734,0.13081864,0.029416213,0.026116375,0.0129365,0.038807318,0.094565526,0.013357745,0.022181764,0.008457906,0.042649608,6.76832e-05,0.5,0.001642226,0.18656622,0.5,0
3828,NODE21_processed_png/c1628.png,0.058294814,0.05498934,0.14012383,0.22073378,0.003370095,0.0732853,0.006625628,0.06087674,0.05146052,0.033228826,0.004513643,0.01084286,0.052826148,1.7691369e-05,0.5,0.003515611,0.21469092,0.5,0
3829,NODE21_processed_png/c2858.png,0.020738948,0.10746209,0.2048667,0.10232547,0.06853047,0.003496127,0.00508248,0.04295684,0.17565842,0.007504382,0.004425585,0.016536655,0.02437816,2.0812073e-05,0.5,0.000401863,0.57654345,0.5,0
3830,NODE21_processed_png/c1298.png,0.040164124,0.04570992,0.15113616,0.12872499,0.010660055,0.027121592,0.003944256,0.040823005,0.031855263,0.009722316,0.005502997,0.01193946,0.040451307,0.000351262,0.5,0.006063663,0.054302305,0.5,0
3831,NODE21_processed_png/c3088.png,0.021749148,0.050378244,0.18913725,0.044834808,0.009332143,0.003293706,0.002622543,0.033237897,0.0480703,0.006640989,0.006325308,0.005030064,0.015039032,1.3377366e-05,0.5,0.000599176,0.10592093,0.5,0
3832,NODE21_processed_png/c1869.png,0.09301368,0.09951165,0.21420324,0.056716125,0.028723605,0.006409873,0.00347919,0.09532724,0.09757764,0.014845261,0.035850815,0.006976513,0.049349964,0.000305718,0.5,0.00304724,0.36832768,0.5,0
3833,NODE21_processed_png/c3438.png,0.051166818,0.046072993,0.15210557,0.17455621,0.018824065,0.012632094,0.004875154,0.04622233,0.059585422,0.018129546,0.015448882,0.010431267,0.045391418,0.000261514,0.5,0.003442183,0.27865633,0.5,0
3834,NODE21_processed_png/c2278.png,0.013013426,0.029856214,0.16562791,0.07963551,0.024862241,0.017276313,0.00232351,0.01907765,0.033052538,0.009217558,0.009002877,0.008948885,0.024790332,7.7642435e-05,0.5,0.00149143,0.02841354,0.5,0
3835,NODE21_processed_png/c2619.png,0.069451,0.06376528,0.2775019,0.05961379,0.04716219,0.011663277,0.001891438,0.13130128,0.11644475,0.010179739,0.019081973,0.008586553,0.024649775,0.000183015,0.5,0.004728773,0.37891585,0.5,0
3836,NODE21_processed_png/c3059.png,0.04290301,0.07944535,0.21940999,0.12542154,0.010121758,0.05386833,0.009003208,0.0546652,0.060283393,0.019614082,0.001722539,0.013969085,0.061070036,0.000102984,0.5,0.002439226,0.1730549,0.5,0
3837,NODE21_processed_png/c2320.png,0.06052704,0.060947455,0.1839194,0.13413462,0.014563853,0.024092602,0.004232265,0.10075155,0.049126696,0.015846947,0.0053064,0.01469246,0.048885066,6.6217384e-05,0.5,0.005743656,0.08922069,0.5,0
3838,NODE21_processed_png/c2487.png,0.029290793,0.042426232,0.20365289,0.036431786,0.02823093,0.004712775,0.002162053,0.043161605,0.08527626,0.007112895,0.019791408,0.009776184,0.03942258,0.000107763,0.5,0.001853829,0.22914124,0.5,0
3839,NODE21_processed_png/c1235.png,0.045025043,0.06215364,0.18451285,0.17747346,0.013905156,0.0480843,0.00730427,0.04647797,0.066591226,0.011584828,0.006354537,0.013634186,0.039606348,0.000133181,0.5,0.002050558,0.24851392,0.5,0
3840,NODE21_processed_png/c1592.png,0.04967114,0.07753569,0.17300704,0.21101314,0.016844383,0.009927359,0.00506953,0.121294,0.1125635,0.014687592,0.020097654,0.010232665,0.026892256,8.203392e-05,0.5,0.001559815,0.47451472,0.5,0
3841,NODE21_processed_png/c0807.png,0.038612235,0.052795384,0.21148889,0.089030735,0.040069256,0.008940121,0.008539552,0.054226216,0.070868194,0.011945575,0.020164806,0.00870584,0.02513104,0.000100176,0.5,0.001282735,0.16971625,0.5,0
3842,NODE21_processed_png/c0475.png,0.043146603,0.060950868,0.19028522,0.049847078,0.035982206,0.00784507,0.002656828,0.07781804,0.08478259,0.007588759,0.017391048,0.008983089,0.021499118,0.000170765,0.5,0.002804531,0.2658293,0.5,0
3843,NODE21_processed_png/n0004.png,0.04316731,0.09037401,0.27525243,0.051993236,0.07507667,0.00648181,0.004831101,0.09615404,0.09201712,0.008408076,0.023032088,0.010378,0.02373027,0.000210697,0.5,0.001788344,0.31247747,0.5,1
3844,NODE21_processed_png/c2741.png,0.031487357,0.08554997,0.2689307,0.09543162,0.06552506,0.018997135,0.007071892,0.05241607,0.09527586,0.0072389,0.007041996,0.019626863,0.053889573,0.000155915,0.5,0.003637374,0.100521654,0.5,0
3845,NODE21_processed_png/c0014.png,0.023066761,0.09738879,0.15372713,0.047688756,0.01585746,0.005487707,0.001549514,0.042466585,0.076549284,0.003676145,0.001803438,0.004392788,0.015849533,4.058591e-05,0.5,0.000501732,0.22978045,0.5,0
3846,NODE21_processed_png/n0465.png,0.06554764,0.059078135,0.23851465,0.024438526,0.039849468,0.00192061,0.000703947,0.073703736,0.12221143,0.005203656,0.02661122,0.008440819,0.025412591,5.075573e-05,0.5,0.006292571,0.45294407,0.5,1
3847,NODE21_processed_png/c1654.png,0.032319937,0.051199432,0.18571925,0.042466868,0.013872171,0.008001953,0.003978162,0.02973242,0.066104405,0.011435939,0.008959616,0.005518935,0.03260553,2.8662285e-05,0.5,0.000684514,0.17964445,0.5,0
3848,NODE21_processed_png/c1685.png,0.048024286,0.07065593,0.21735811,0.09624905,0.04060052,0.025796786,0.004327752,0.11086136,0.08501536,0.016290642,0.038864207,0.008518549,0.02521577,0.000116079,0.5,0.003324166,0.21168149,0.5,0
3849,NODE21_processed_png/c1122.png,0.02328056,0.06928968,0.21409339,0.019966533,0.013975178,0.011875489,0.001512766,0.044281144,0.04064143,0.004830681,0.005945818,0.004780877,0.028655095,3.0761872e-05,0.5,0.001398072,0.06873681,0.5,0
3850,NODE21_processed_png/n0313.png,0.04439669,0.109566614,0.28476062,0.17614299,0.052309975,0.04784141,0.011988333,0.09663642,0.08581901,0.018391827,0.014520973,0.019513827,0.04080284,0.000137984,0.5,0.002575325,0.082916826,0.5,1
3851,NODE21_processed_png/c0762.png,0.030058052,0.053509157,0.18586782,0.032461934,0.014573135,0.00909928,0.005037379,0.028351588,0.06306269,0.011167076,0.001919612,0.009848814,0.029472534,9.681396e-05,0.5,0.002155826,0.14442058,0.5,0
3852,NODE21_processed_png/c3677.png,0.02876488,0.09145952,0.19566062,0.078880355,0.06841493,0.005620774,0.003067229,0.08141863,0.12076691,0.009851477,0.017119082,0.007812873,0.030502437,0.000293038,0.5,0.001472377,0.42404822,0.5,0
3853,NODE21_processed_png/c2790.png,0.03638633,0.021044577,0.087901644,0.054277476,0.002527599,0.031374555,0.001864855,0.03277549,0.009400982,0.007147522,0.008471554,0.008287054,0.029123092,0.000323352,0.5,0.002083624,0.008103067,0.5,0
3854,NODE21_processed_png/c2037.png,0.0295486,0.03406179,0.16592294,0.015516291,0.020910732,0.001941846,0.000306136,0.051944952,0.0434011,0.003469072,0.017363662,0.002218127,0.018984843,1.8606963e-05,0.5,0.001090536,0.05221129,0.5,0
3855,NODE21_processed_png/c0303.png,0.028947333,0.05192612,0.21261214,0.04652787,0.024775308,0.002620757,0.000788562,0.035587933,0.14281255,0.005228966,0.010587944,0.006771959,0.018099291,1.443705e-05,0.5,0.000568186,0.5096693,0.5,0
3856,NODE21_processed_png/c1931.png,0.032067247,0.097417556,0.20665503,0.07384326,0.054657757,0.006269028,0.00485218,0.08304531,0.17441154,0.012313671,0.013016809,0.016315786,0.028264815,8.0613245e-05,0.5,0.000936336,0.73858106,0.5,0
3857,NODE21_processed_png/c1543.png,0.037122153,0.059195813,0.21653548,0.03637941,0.04120469,0.007291785,0.001247713,0.04440526,0.11518103,0.006933855,0.008739792,0.008240759,0.042119946,0.000101233,0.5,0.004540649,0.31886908,0.5,0
3858,NODE21_processed_png/c2456.png,0.061679836,0.07769495,0.1524181,0.041208956,0.018018316,0.005876779,0.000984621,0.12157231,0.081704,0.008888627,0.018920561,0.008921385,0.030960755,0.000481863,0.5,0.005540837,0.31906834,0.5,0
3859,NODE21_processed_png/c2824.png,0.07043614,0.074965216,0.21135624,0.038086172,0.04525577,0.004581992,0.002064304,0.076187134,0.11187858,0.006763803,0.027042994,0.007477326,0.027519653,7.565667e-05,0.5,0.001214361,0.4940467,0.5,0
3860,NODE21_processed_png/c3216.png,0.03149878,0.03249278,0.121594906,0.045446433,0.007333612,0.012022057,0.002948503,0.024597919,0.031595446,0.006811287,0.015009402,0.008283935,0.021858223,0.000126085,0.5,0.002751105,0.0989417,0.5,0
3861,NODE21_processed_png/c0648.png,0.031832878,0.069336854,0.13954322,0.039219797,0.010035615,0.010271752,0.001433078,0.050373573,0.03720195,0.008882127,0.005272483,0.006952166,0.031441983,4.2127973e-05,0.5,0.001250065,0.12586084,0.5,0
3862,NODE21_processed_png/c1008.png,0.06460007,0.04104532,0.13708042,0.03139209,0.016985947,0.009196822,0.002530799,0.083072096,0.030554568,0.016603108,0.066336066,0.00596724,0.03243582,0.000861237,0.5,0.002545365,0.07370092,0.5,0
3863,NODE21_processed_png/c1469.png,0.029876195,0.041601676,0.15957111,0.03508891,0.030304246,0.00735805,0.003381692,0.07204936,0.03832419,0.01367014,0.022638075,0.005707341,0.038370915,0.00024845,0.5,0.003641559,0.0767526,0.5,0
3864,NODE21_processed_png/c0229.png,0.055191416,0.06596347,0.19852898,0.10549892,0.029793257,0.011339805,0.006332829,0.07557935,0.09129238,0.013699574,0.010777563,0.010158877,0.031075811,9.1033275e-05,0.5,0.00216712,0.2869397,0.5,0
3865,NODE21_processed_png/n0658.png,0.045922276,0.040084034,0.21376462,0.018371167,0.033792894,0.007238217,0.000653498,0.035482388,0.07398929,0.004758477,0.011094052,0.00566234,0.04292932,7.455524e-05,0.5,0.001897488,0.14601725,0.5,1
3866,NODE21_processed_png/c3838.png,0.06346993,0.060040038,0.20548831,0.061724845,0.060238764,0.005521179,0.001892426,0.10183607,0.11675193,0.007047233,0.023686478,0.012061234,0.036682516,9.31246e-05,0.5,0.004931249,0.44008213,0.5,0
3867,NODE21_processed_png/c0699.png,0.028198054,0.08388517,0.17247559,0.11003422,0.03072773,0.012518419,0.002545636,0.050305203,0.12342671,0.010377751,0.006430399,0.0105451,0.028449047,1.9901181e-05,0.5,0.001006562,0.6751051,0.5,0
3868,NODE21_processed_png/c2887.png,0.02928517,0.09988335,0.23032938,0.109871805,0.004587807,0.01814339,0.004301945,0.039577343,0.08495085,0.015134251,0.002895195,0.007121684,0.033259246,4.5678794e-06,0.5,0.000650947,0.30247968,0.5,0
3869,NODE21_processed_png/c2352.png,0.042658005,0.06550353,0.1753738,0.09211059,0.01399789,0.007385494,0.002781979,0.06887494,0.1022689,0.008038919,0.014664311,0.005582243,0.016580148,5.7394715e-05,0.5,0.001343938,0.42489266,0.5,0
3870,NODE21_processed_png/c3512.png,0.048953168,0.060613185,0.17630956,0.04706156,0.015189702,0.014917054,0.004232475,0.055818856,0.06088789,0.008729894,0.019688487,0.006844644,0.025159985,3.4826193e-05,0.5,0.00149588,0.16714972,0.5,0
3871,NODE21_processed_png/c0875.png,0.042589024,0.044216394,0.18795112,0.09882846,0.032760102,0.033805605,0.008682515,0.046555363,0.072442494,0.021136606,0.00745165,0.016942583,0.053481624,0.000213935,0.5,0.007682985,0.13780764,0.5,0
3872,NODE21_processed_png/c0407.png,0.020100717,0.07933112,0.16648753,0.06352975,0.012563553,0.01317935,0.007026829,0.025928294,0.060331497,0.00707728,0.007698225,0.009637615,0.029047752,6.812852e-06,0.5,0.000609307,0.26928648,0.5,0
3873,NODE21_processed_png/c1992.png,0.024463538,0.058993403,0.21458161,0.09752447,0.037593927,0.026991801,0.003206125,0.029847806,0.12718287,0.007467862,0.014196126,0.009364057,0.021027481,0.00015237,0.5,0.001390964,0.5959087,0.5,0
3874,NODE21_processed_png/c1247.png,0.02612092,0.09021592,0.15678978,0.04759652,0.009727147,0.010995691,0.001591474,0.035260532,0.07156627,0.004884791,0.004937115,0.010830703,0.032625925,1.1808091e-05,0.5,0.001277799,0.44231912,0.5,0
3875,NODE21_processed_png/c3173.png,0.018123902,0.06672195,0.19149216,0.046250332,0.037257936,0.003153203,0.0023108,0.05763141,0.10093563,0.008145675,0.01500428,0.006398931,0.01578723,1.2926975e-05,0.5,0.000301592,0.5687033,0.5,0
3876,NODE21_processed_png/c2094.png,0.033243302,0.07365525,0.20438592,0.047123086,0.011750059,0.00376181,0.002778549,0.029701151,0.06111957,0.008371773,0.007572977,0.004759541,0.03304153,8.621201e-06,0.5,0.000440042,0.09709345,0.5,0
3877,NODE21_processed_png/c2733.png,0.08521615,0.075391725,0.15611026,0.15324415,0.031154454,0.017358875,0.002881063,0.14377701,0.15617539,0.014395245,0.033477437,0.007798318,0.040939435,2.7622646e-05,0.5,0.000852725,0.5730537,0.5,0
3878,NODE21_processed_png/c1181.png,0.07537063,0.09765643,0.2806939,0.023340862,0.032177407,0.003473795,0.001163292,0.1329116,0.14131464,0.00758505,0.023797344,0.0035428,0.026283043,5.6615405e-05,0.5,0.000836301,0.5118315,0.5,0
3879,NODE21_processed_png/c1626.png,0.031662565,0.08226512,0.19705658,0.09304581,0.036524583,0.009756531,0.004468803,0.068254784,0.08911755,0.008842563,0.011796376,0.009147434,0.022426153,3.3098037e-05,0.5,0.000578205,0.3737134,0.5,0
3880,NODE21_processed_png/c0066.png,0.049969014,0.06647257,0.21039031,0.10034944,0.018305263,0.025142465,0.003463591,0.06420325,0.1010395,0.010621802,0.00419257,0.0069876,0.042880293,6.0211012e-05,0.5,0.001624654,0.4118498,0.5,0
3881,NODE21_processed_png/c0710.png,0.059254993,0.01881038,0.088251494,0.027976722,0.003874642,0.009224636,0.000805384,0.014252655,0.021078058,0.005771658,0.009536894,0.005839842,0.029793765,0.000123463,0.5,0.001957972,0.040103395,0.5,0
3882,NODE21_processed_png/c1150.png,0.030310621,0.07214713,0.1742253,0.049125534,0.026360178,0.006771259,0.001106054,0.05366954,0.076678656,0.007132326,0.004937537,0.004799347,0.026770435,7.879407e-06,0.5,0.000646557,0.33707127,0.5,0
3883,NODE21_processed_png/c2045.png,0.0313018,0.072682425,0.22549164,0.097853005,0.047350306,0.005792305,0.00569811,0.055190105,0.14813581,0.007529598,0.013985701,0.009090876,0.02118641,3.843851e-05,0.5,0.000874517,0.5633242,0.5,0
3884,NODE21_processed_png/c3605.png,0.035956148,0.1307011,0.22509818,0.080610074,0.0643715,0.00479392,0.003325508,0.15671162,0.23070818,0.010987002,0.012535012,0.009441853,0.02387611,0.000115121,0.5,0.001173432,0.8462541,0.5,0
3885,NODE21_processed_png/c1943.png,0.021889167,0.033121895,0.19053565,0.037762947,0.024926936,0.008620032,0.002364084,0.032134403,0.033247355,0.00997855,0.008085298,0.005228313,0.027490452,5.31901e-05,0.5,0.001204458,0.049257718,0.5,0
3886,NODE21_processed_png/c1531.png,0.04373103,0.074490584,0.1642371,0.2368315,0.023118416,0.040746428,0.006834561,0.050901346,0.10326837,0.015706802,0.017741818,0.007284449,0.029551119,1.9183417e-05,0.5,0.000811386,0.417025,0.5,0
3887,NODE21_processed_png/c1296.png,0.03338301,0.09456484,0.23956579,0.07944843,0.050074425,0.008569462,0.002600896,0.06289478,0.18733129,0.009825207,0.002629424,0.008953656,0.042388763,0.000118542,0.5,0.003738384,0.6519772,0.5,0
3888,NODE21_processed_png/c0371.png,0.04907328,0.057571918,0.15935487,0.13136533,0.027204612,0.03843025,0.004225677,0.08107999,0.032653682,0.014755686,0.008258115,0.011466526,0.03383027,0.000147032,0.5,0.008919984,0.029863056,0.5,0
3889,NODE21_processed_png/c3264.png,0.076115966,0.050460856,0.18312897,0.12422908,0.022869794,0.0159883,0.017374694,0.09489711,0.053730205,0.019082805,0.024954138,0.010093182,0.034764074,0.000609393,0.5,0.002475348,0.06113679,0.5,0
3890,NODE21_processed_png/c2424.png,0.05207851,0.040515177,0.17013615,0.06420027,0.014770774,0.029995922,0.006009508,0.02520558,0.048515685,0.008554095,0.004417248,0.009359464,0.037154317,0.000229586,0.5,0.003496679,0.06509685,0.5,0
3891,NODE21_processed_png/c2856.png,0.045632813,0.04925057,0.17467344,0.18946005,0.018683279,0.08184781,0.011928934,0.040586926,0.06346121,0.016549772,0.006500325,0.012200251,0.046475522,0.000106663,0.5,0.002449394,0.16893212,0.5,0
3892,NODE21_processed_png/c2383.png,0.052932013,0.044610716,0.15399538,0.06993418,0.021525037,0.015890643,0.001834826,0.042091336,0.056014746,0.009561379,0.010295942,0.011180181,0.039722282,0.00033969,0.5,0.012368335,0.09471592,0.5,0
3893,NODE21_processed_png/c0634.png,0.05040374,0.052138332,0.11867621,0.034706824,0.013747358,0.007207562,0.001038434,0.052641027,0.037460968,0.007143166,0.01076377,0.006681264,0.047407687,0.000307292,0.5,0.005323854,0.0821239,0.5,0
3894,NODE21_processed_png/n0245.png,0.05495732,0.07004804,0.2161003,0.089996465,0.03847844,0.044618662,0.012526491,0.0714701,0.07447124,0.015165065,0.022096116,0.014909171,0.03371363,0.000289859,0.5,0.00305265,0.18548411,0.5,1
3895,NODE21_processed_png/c1074.png,0.053389486,0.029423289,0.15425913,0.05655328,0.016526999,0.032219626,0.010276753,0.046267252,0.03631122,0.01572836,0.021531641,0.014272637,0.037820607,0.001086083,0.5,0.003926355,0.04719655,0.5,0
3896,NODE21_processed_png/c2161.png,0.063043535,0.056471623,0.19133112,0.045831874,0.024776828,0.012494347,0.001755586,0.09834409,0.09862074,0.009293055,0.024120087,0.008467931,0.033226665,0.000195547,0.5,0.003535413,0.3670094,0.5,0
3897,NODE21_processed_png/c3086.png,0.048567425,0.043823928,0.17082614,0.10874505,0.02376508,0.030263059,0.003859174,0.057418257,0.053980824,0.010890169,0.021500036,0.005596282,0.027165534,5.7262852e-05,0.5,0.001272073,0.12129696,0.5,0
3898,NODE21_processed_png/c3721.png,0.05807122,0.073932745,0.17534046,0.049798183,0.041799128,0.004943274,0.006182873,0.08930427,0.07758143,0.012476503,0.018336635,0.008672685,0.046578642,0.00024886,0.5,0.00187072,0.2364596,0.5,0
3899,NODE21_processed_png/n1064.png,0.02779647,0.07342461,0.25322384,0.05729727,0.0430457,0.007085264,0.005518893,0.0632556,0.06910023,0.007483732,0.015978502,0.006624973,0.021156218,9.725793e-05,0.5,0.001811344,0.14916907,0.5,1
3900,NODE21_processed_png/c1415.png,0.042440873,0.051666904,0.14325942,0.042993173,0.009852686,0.004419464,0.001215353,0.05486717,0.03377577,0.007145276,0.005390472,0.00610039,0.034324832,2.642875e-05,0.5,0.001903802,0.038267266,0.5,0
3901,NODE21_processed_png/c1867.png,0.047037806,0.08439124,0.19195597,0.18235785,0.027469795,0.02401342,0.004237254,0.04553069,0.099635765,0.010770171,0.007022939,0.009675027,0.031019296,9.314839e-06,0.5,0.001181507,0.3014155,0.5,0
3902,NODE21_processed_png/n0183.png,0.0831694,0.078948945,0.18505684,0.1385942,0.026930975,0.02278175,0.002737389,0.061741184,0.10755078,0.009814805,0.010020539,0.012940868,0.08519424,0.000286193,0.5,0.004706153,0.5313343,0.5,1
3903,NODE21_processed_png/c0255.png,0.03489689,0.07917778,0.18325107,0.06885641,0.04410992,0.014977118,0.001869051,0.045080744,0.09060099,0.005546666,0.02591699,0.009591385,0.024256373,2.9672554e-05,0.5,0.000586096,0.43157464,0.5,0
3904,NODE21_processed_png/c3895.png,0.025081046,0.031433452,0.13575485,0.038672514,0.009807936,0.015902415,0.012191135,0.030170536,0.021986637,0.010791388,0.028676372,0.011608925,0.043712612,0.000639324,0.5,0.001405273,0.036468107,0.5,0
3905,NODE21_processed_png/c3340.png,0.038692027,0.027802302,0.18559313,0.057551652,0.011118691,0.015704948,0.005437532,0.046834953,0.05532014,0.010605806,0.011429043,0.008578265,0.019982994,9.151843e-05,0.5,0.001946665,0.07641846,0.5,0
3906,NODE21_processed_png/c2972.png,0.052493755,0.03739925,0.16116974,0.02620928,0.014518007,0.014889881,0.00177519,0.058382656,0.056105755,0.009302049,0.012693447,0.010461462,0.039391108,0.000101511,0.5,0.001984576,0.1446977,0.5,0
3907,NODE21_processed_png/c2500.png,0.05008007,0.080341265,0.2050471,0.07509956,0.04931909,0.010620534,0.008082908,0.11461881,0.10151673,0.022990309,0.024395281,0.008769742,0.0374839,0.000247329,0.5,0.001892391,0.2164386,0.5,0
3908,NODE21_processed_png/c2276.png,0.030828057,0.03432385,0.16679724,0.04620386,0.02073846,0.009976273,0.006233227,0.029538283,0.04110572,0.007884194,0.007162966,0.008436841,0.022395426,0.000280923,0.5,0.002947408,0.051443957,0.5,0
3909,NODE21_processed_png/c3844.png,0.028971232,0.044189963,0.13630746,0.03222686,0.00320659,0.004876992,0.00565764,0.06987594,0.031405766,0.012269006,0.01443307,0.006133427,0.028546061,1.9697376e-05,0.5,0.000946478,0.067568295,0.5,0
3910,NODE21_processed_png/c3391.png,0.039095357,0.06339415,0.17071314,0.06338355,0.010295118,0.021253923,0.003338995,0.059962567,0.053628173,0.008200037,0.005812748,0.006504115,0.029958121,7.219587e-05,0.5,0.001899109,0.21681638,0.5,0
3911,NODE21_processed_png/c0523.png,0.020747388,0.06673514,0.2221204,0.07148664,0.03996057,0.004808054,0.003335521,0.045224253,0.115026906,0.008288083,0.010805897,0.005796066,0.01572995,7.1554394e-05,0.5,0.000744975,0.42391494,0.5,0
3912,NODE21_processed_png/c0951.png,0.020632228,0.10517291,0.24417722,0.08773652,0.10392072,0.002963553,0.004295389,0.047113873,0.1905761,0.009069798,0.01227685,0.01168496,0.023247875,2.9709418e-05,0.5,0.000356886,0.55390334,0.5,0
3913,NODE21_processed_png/c0284.png,0.047357626,0.082559995,0.28312626,0.04923273,0.070150994,0.007265335,0.006794902,0.105929576,0.09899289,0.017771997,0.053993374,0.011669104,0.03633988,0.00146084,0.5,0.003515434,0.18586238,0.5,0
3914,NODE21_processed_png/c1363.png,0.024747066,0.038551223,0.19777995,0.09826435,0.030630957,0.010773874,0.002735692,0.034042697,0.09813825,0.005533532,0.005466824,0.00653978,0.022238947,2.9587272e-05,0.5,0.000638958,0.26575115,0.5,0
3915,NODE21_processed_png/c3057.png,0.065771274,0.04447766,0.1845383,0.1329385,0.042834934,0.024034789,0.00604517,0.050882503,0.110608056,0.007723994,0.010351163,0.015708964,0.03125623,0.000123615,0.5,0.005292201,0.34634888,0.5,0
3916,NODE21_processed_png/c2617.png,0.029418437,0.10154553,0.24076511,0.07799584,0.032938097,0.014664088,0.009848417,0.07895803,0.10270115,0.01371278,0.005703071,0.010400903,0.049867805,1.15568455e-05,0.5,0.000939328,0.20992257,0.5,0
3917,NODE21_processed_png/c1702.png,0.027612787,0.07126696,0.16658139,0.19737339,0.017468734,0.023155846,0.009824075,0.058325034,0.055872843,0.01563112,0.014423945,0.012070468,0.034830194,8.992201e-05,0.5,0.000809809,0.089614816,0.5,0
3918,NODE21_processed_png/n0941.png,0.036033526,0.04594672,0.24428938,0.036039818,0.06710826,0.005161179,0.000634036,0.08975254,0.1426732,0.006281654,0.05157028,0.004832495,0.02614913,0.000188728,0.5,0.00275848,0.7695822,0.5,1
3919,NODE21_processed_png/c0142.png,0.039716985,0.031413205,0.15593383,0.053723775,0.003023688,0.015117482,0.005346709,0.022128236,0.026767887,0.010565165,0.003146021,0.006556286,0.03310813,3.230983e-05,0.5,0.002273011,0.052246675,0.5,0
3920,NODE21_processed_png/c0809.png,0.025081933,0.037083868,0.17100781,0.05674163,0.020884084,0.009650921,0.005842033,0.06153806,0.033501465,0.015359953,0.018976213,0.008415646,0.027345125,0.000150414,0.5,0.003138581,0.05888286,0.5,0
3921,NODE21_processed_png/c2489.png,0.020820512,0.057966426,0.19360486,0.075776875,0.015712954,0.025792047,0.008237226,0.016612768,0.04906428,0.00801356,0.00303787,0.011020618,0.034313474,2.074375e-05,0.5,0.000547906,0.07027874,0.5,0
3922,NODE21_processed_png/n0819.png,0.067291,0.036278732,0.16868515,0.034688983,0.014055676,0.010157087,0.002058578,0.046068635,0.08139111,0.009637484,0.032831192,0.00958529,0.028487531,0.000147584,0.5,0.00328963,0.2333784,0.5,1
3923,NODE21_processed_png/c2039.png,0.03740394,0.047104158,0.20576416,0.051045272,0.010754969,0.009710234,0.005868058,0.038036004,0.068323806,0.013977347,0.01090792,0.00588759,0.032095004,3.5401972e-05,0.5,0.000920915,0.109355144,0.5,0
3924,NODE21_processed_png/c3679.png,0.040993672,0.045550175,0.20391923,0.043684825,0.040035147,0.012996798,0.003636464,0.08774325,0.0654213,0.010928847,0.044404384,0.007225368,0.021859564,0.00048551,0.5,0.002783707,0.06989087,0.5,0
3925,NODE21_processed_png/c3218.png,0.024686113,0.09851706,0.2208039,0.080280386,0.03208767,0.009119801,0.006475572,0.07395122,0.0914052,0.012214166,0.009912773,0.010557702,0.028183412,5.1569037e-05,0.5,0.001342793,0.2547834,0.5,0
3926,NODE21_processed_png/c2458.png,0.019356461,0.08754041,0.25054324,0.07889562,0.11925158,0.002290477,0.003234594,0.044478234,0.2224502,0.007712181,0.016967738,0.012346657,0.018950438,4.834293e-05,0.5,0.000330412,0.65059185,0.5,0
3927,NODE21_processed_png/c1073.png,0.06250318,0.060810145,0.2384055,0.06521358,0.051839516,0.006135934,0.001681989,0.09949758,0.117288545,0.007172148,0.022982582,0.00744296,0.024331493,9.2560476e-05,0.5,0.001025067,0.25615507,0.5,0
3928,NODE21_processed_png/c0633.png,0.039767683,0.06932282,0.19749953,0.07699935,0.029103862,0.010955124,0.009635235,0.058693,0.07643748,0.019446734,0.008365226,0.013894052,0.046925187,6.523351e-05,0.5,0.002430227,0.28397566,0.5,0
3929,NODE21_processed_png/c0194.png,0.040781453,0.053168595,0.17627923,0.11448763,0.023807703,0.016664084,0.00424358,0.077845454,0.047428865,0.016515985,0.011110635,0.00722009,0.026641596,0.0001128,0.5,0.001134268,0.104610614,0.5,0
3930,NODE21_processed_png/c3726.png,0.021839958,0.061016332,0.16402514,0.08248269,0.007324717,0.043605406,0.001666755,0.05554137,0.041542895,0.009300297,0.007926629,0.005524878,0.01780987,7.986814e-06,0.5,0.000569658,0.11425834,0.5,0
3931,NODE21_processed_png/c3081.png,0.032170843,0.08246186,0.19478454,0.12511487,0.040160384,0.02703246,0.004551238,0.051835038,0.12048509,0.013261011,0.010677399,0.011501227,0.03973138,9.959867e-05,0.5,0.001852778,0.5573283,0.5,0
3932,NODE21_processed_png/c2166.png,0.060341902,0.06455014,0.21134211,0.035214633,0.043588262,0.005564614,0.00176201,0.13681231,0.09405463,0.010680764,0.103336066,0.010927204,0.032932583,8.6891676e-05,0.5,0.005334333,0.19001773,0.5,0
3933,NODE21_processed_png/c0252.png,0.038223095,0.063351676,0.20997295,0.060377765,0.048254743,0.004739897,0.004417622,0.06547963,0.08539227,0.011075777,0.041306954,0.009991296,0.02650442,0.000179377,0.5,0.001737706,0.29464197,0.5,0
3934,NODE21_processed_png/n0623.png,0.039220322,0.050247036,0.24761556,0.032452922,0.053388525,0.003589891,0.001121381,0.053184744,0.1618084,0.005164357,0.036417317,0.006012891,0.019832289,8.443741e-05,0.5,0.00157338,0.4123531,0.5,1
3935,NODE21_processed_png/c0987.png,0.093860105,0.046640795,0.1821361,0.064126365,0.012993312,0.026014445,0.005462829,0.05717577,0.07906,0.012540071,0.005324554,0.012498156,0.06011921,0.000285606,0.5,0.005930344,0.27459505,0.5,0
3936,NODE21_processed_png/n0184.png,0.048086733,0.06183849,0.25443465,0.027761156,0.07067815,0.010010785,0.004366464,0.07702081,0.08148973,0.009883255,0.03252097,0.011894814,0.037758842,0.000494083,0.5,0.003821255,0.15403171,0.5,1
3937,NODE21_processed_png/n1063.png,0.036804397,0.044666156,0.21677472,0.050982833,0.027868994,0.007065836,0.006615815,0.024743762,0.08029909,0.009490515,0.009287971,0.007477709,0.04260022,9.677114e-05,0.5,0.002285844,0.103723675,0.5,1
3938,NODE21_processed_png/c1860.png,0.056732483,0.03074499,0.15280057,0.020421252,0.008178863,0.004787073,0.001981831,0.08181365,0.03884254,0.016058767,0.02966313,0.00691289,0.030692749,0.000284987,0.5,0.003077477,0.09357262,0.5,0
3939,NODE21_processed_png/c1412.png,0.050812125,0.07344248,0.22915141,0.031672332,0.04310187,0.005815028,0.005992003,0.074490316,0.07560641,0.012099335,0.024826812,0.010355589,0.03932216,0.000244798,0.5,0.001535796,0.24725077,0.5,0
3940,NODE21_processed_png/c2507.png,0.05083093,0.050178252,0.21050705,0.023107046,0.041930236,0.005141903,0.001679557,0.17103799,0.059273798,0.012349283,0.055260114,0.0058012,0.01452236,8.9647016e-05,0.5,0.002241054,0.09347647,0.5,0
3941,NODE21_processed_png/c2975.png,0.080445066,0.09017702,0.21064128,0.054940242,0.038118035,0.006570217,0.001720195,0.0954027,0.06634662,0.006781478,0.019931152,0.011317657,0.034092456,0.000178155,0.5,0.004365241,0.16457677,0.5,0
3942,NODE21_processed_png/c3347.png,0.029565603,0.043686356,0.18048586,0.13593736,0.02133629,0.092341036,0.00663929,0.031721562,0.032130424,0.008147309,0.004773346,0.008109317,0.035182007,0.000113884,0.5,0.002193591,0.030354781,0.5,0
3943,NODE21_processed_png/c3396.png,0.07132007,0.066175304,0.16606683,0.055954777,0.01855539,0.006717636,0.002040654,0.07186936,0.081891,0.008508223,0.01286698,0.010579806,0.04951486,8.991164e-05,0.5,0.004634001,0.20272541,0.5,0
3944,NODE21_processed_png/c3431.png,0.05374891,0.050636027,0.15023951,0.057285063,0.005660502,0.020655427,0.002719761,0.065320365,0.06461359,0.009887987,0.010904952,0.008082616,0.047041968,2.1879987e-05,0.5,0.002105764,0.4741675,0.5,0
3945,NODE21_processed_png/c3843.png,0.033950653,0.032686006,0.11267829,0.09770948,0.009768224,0.018207291,0.003170844,0.052667264,0.027439239,0.011446956,0.019458376,0.011241726,0.018920831,8.7580294e-05,0.5,0.002588373,0.032686662,0.5,0
3946,NODE21_processed_png/c1364.png,0.042640366,0.04750773,0.17862357,0.06616141,0.007880383,0.022187937,0.003604508,0.053343613,0.038688708,0.009240005,0.0070729,0.004332305,0.020834884,4.1537918e-05,0.5,0.001167201,0.049038965,0.5,0
3947,NODE21_processed_png/c0283.png,0.024783958,0.05462604,0.20403633,0.104091994,0.026888754,0.018597728,0.007435413,0.027070357,0.059395995,0.007011361,0.005445466,0.013546223,0.022793453,3.6396224e-05,0.5,0.001339757,0.17041838,0.5,0
3948,NODE21_processed_png/c0956.png,0.036734864,0.095483564,0.22155952,0.068203665,0.04556845,0.006724066,0.002953585,0.046612356,0.11140813,0.008778988,0.006140108,0.012016561,0.048622478,9.818876e-05,0.5,0.000686037,0.5809064,0.5,0
3949,NODE21_processed_png/c0524.png,0.022863906,0.09447148,0.18482944,0.09062235,0.023047054,0.026947178,0.003653015,0.038404953,0.0924848,0.005588365,0.004858209,0.007805138,0.03180036,2.3594483e-05,0.5,0.001156728,0.37432006,0.5,0
3950,NODE21_processed_png/c2610.png,0.040151585,0.06378871,0.19385697,0.059576232,0.02831067,0.01804605,0.002265872,0.047392298,0.12186295,0.005831691,0.00457918,0.009318199,0.040855236,5.004785e-05,0.5,0.006519203,0.4320139,0.5,0
3951,NODE21_processed_png/c3050.png,0.070436485,0.048424166,0.23565592,0.047202624,0.046329465,0.011764288,0.003572922,0.0547609,0.09214971,0.012081477,0.009926844,0.008546252,0.029429207,0.000726668,0.5,0.00499442,0.27567145,0.5,0
3952,NODE21_processed_png/n0293.png,0.077589326,0.059725385,0.166293,0.12403344,0.01652339,0.07094742,0.007303022,0.041639697,0.06367271,0.014978908,0.007035935,0.018461194,0.06020461,0.0001422,0.5,0.004836412,0.19266048,0.5,1
3953,NODE21_processed_png/n0534.png,0.05347114,0.06291693,0.1997422,0.038967457,0.037402038,0.003196935,0.001404549,0.057352923,0.10474514,0.004961848,0.014261844,0.00772797,0.03237408,0.000255136,0.5,0.001896889,0.34130937,0.5,1
3954,NODE21_processed_png/c0145.png,0.0458936,0.045734663,0.19381183,0.06440954,0.028718268,0.00843731,0.002758791,0.05712371,0.1034148,0.012657488,0.013642038,0.007852487,0.027859556,9.622216e-05,0.5,0.003639929,0.27255875,0.5,0
3955,NODE21_processed_png/c1705.png,0.06203738,0.03502469,0.12837034,0.113804765,0.017267352,0.08347169,0.007750253,0.04804922,0.042956077,0.013580907,0.019960592,0.011069504,0.070009395,0.000859369,0.5,0.00281496,0.073742814,0.5,0
3956,NODE21_processed_png/c3569.png,0.0585385,0.050236996,0.15692826,0.07912162,0.005283577,0.028533963,0.00376832,0.06983874,0.048409984,0.027926795,0.005568577,0.008662783,0.057630923,1.3313958e-05,0.5,0.002288486,0.31368616,0.5,0
3957,NODE21_processed_png/c2329.png,0.037512194,0.059353344,0.14648758,0.05597334,0.007054922,0.030851543,0.003589998,0.046966247,0.04392294,0.006370721,0.008953523,0.005808783,0.035460334,1.3130291e-05,0.5,0.001569572,0.08604085,0.5,0
3958,NODE21_processed_png/c2748.png,0.064550035,0.055885736,0.23629354,0.042423792,0.034834113,0.00750882,0.002495046,0.08927568,0.086738564,0.009877116,0.01259634,0.004873639,0.021270188,0.000155396,0.5,0.001256975,0.14291176,0.5,0
3959,NODE21_processed_png/c3108.png,0.010930195,0.17908733,0.25938472,0.121488415,0.10690214,0.002765035,0.001547486,0.04927472,0.37232792,0.00363315,0.003441758,0.01908109,0.009825219,1.2624793e-05,0.5,8.587258e-05,0.96467495,0.5,0
3960,NODE21_processed_png/c2799.png,0.042797804,0.05180735,0.1418021,0.12025463,0.008869444,0.053363077,0.004868751,0.045099344,0.03543175,0.014141917,0.006123249,0.012716919,0.024841113,0.000151735,0.5,0.003561491,0.03339714,0.5,0
3961,NODE21_processed_png/c1938.png,0.027270079,0.06066396,0.16356155,0.066983216,0.044223648,0.01301834,0.007197496,0.0438679,0.09517287,0.011966041,0.017627964,0.009384196,0.024617083,0.000106725,0.5,0.0016175,0.25180477,0.5,0
3962,NODE21_processed_png/n0599.png,0.053984024,0.05360378,0.15924038,0.08090108,0.025788065,0.023869626,0.005801881,0.07267953,0.054560915,0.015301718,0.014544619,0.012125691,0.048988767,0.001536819,0.5,0.007778624,0.09683608,0.5,1
3963,NODE21_processed_png/c2909.png,0.038075607,0.06664773,0.14409065,0.20537509,0.023348227,0.04492487,0.007800978,0.050128043,0.05736661,0.017350616,0.013296461,0.010281119,0.035409827,5.7488767e-05,0.5,0.001745897,0.15728667,0.5,0
3964,NODE21_processed_png/c0589.png,0.08532446,0.03947641,0.121133834,0.05201299,0.00608968,0.014560938,0.000706335,0.063174345,0.027139189,0.005526644,0.009038051,0.007768178,0.03893028,0.000225262,0.5,0.003770912,0.050906554,0.5,0
3965,NODE21_processed_png/c1318.png,0.059015814,0.041083343,0.19377637,0.04319384,0.018009368,0.005203662,0.003125194,0.038280442,0.08620319,0.007576793,0.008760385,0.007309075,0.027324729,6.5781285e-05,0.5,0.001505742,0.20435561,0.5,0
3966,NODE21_processed_png/c0558.png,0.053866684,0.037694365,0.20196873,0.06327313,0.02361247,0.008890408,0.002347244,0.08239063,0.047832035,0.016806746,0.041452415,0.005339867,0.025810232,5.2220188e-05,0.5,0.002862065,0.105817474,0.5,0
3967,NODE21_processed_png/c0139.png,0.02976549,0.057184834,0.1485287,0.4853779,0.019755013,0.16461505,0.010267887,0.040178716,0.052283294,0.026669668,0.010593958,0.017738191,0.064315915,4.4909408e-05,0.5,0.001237221,0.06341035,0.5,0
3968,NODE21_processed_png/c1779.png,0.04388629,0.05626535,0.25654483,0.042134535,0.035359584,0.012582685,0.000949638,0.070731185,0.11738266,0.006197219,0.024941232,0.004366547,0.022810703,9.729402e-05,0.5,0.001818951,0.2667991,0.5,0
3969,NODE21_processed_png/c3515.png,0.07271365,0.08467928,0.20636578,0.13097379,0.0327218,0.022419915,0.002970251,0.07343479,0.14457163,0.010173742,0.003764104,0.007627321,0.05354073,2.2405316e-05,0.5,0.003886118,0.5745156,0.5,0
3970,NODE21_processed_png/c2355.png,0.033589277,0.062202588,0.16442694,0.046063073,0.02407103,0.003882308,0.003708618,0.07578603,0.054163676,0.00860103,0.0104423,0.006302853,0.02216247,3.433291e-05,0.5,0.000469308,0.19157639,0.5,0
3971,NODE21_processed_png/c2880.png,0.10698628,0.064122014,0.16011426,0.09347616,0.006644866,0.06205776,0.004669913,0.050075043,0.08974749,0.009593408,0.002342613,0.011575845,0.030071432,0.000140604,0.5,0.004660073,0.292121,0.5,0
3972,NODE21_processed_png/c1240.png,0.036717325,0.029322743,0.16449699,0.017204441,0.012517056,0.004199353,0.000306315,0.04728987,0.05189923,0.004154597,0.015793895,0.005197856,0.028831875,5.182006e-05,0.5,0.001944119,0.18950747,0.5,0
3973,NODE21_processed_png/c1995.png,0.0687158,0.038671453,0.11578494,0.029650107,0.002723861,0.014400348,0.001730893,0.022871984,0.026198827,0.008800321,0.004911425,0.010233809,0.06397984,8.657292e-05,0.5,0.002092122,0.0661596,0.5,0
3974,NODE21_processed_png/n0071.png,0.068330616,0.06879837,0.19011854,0.079952344,0.02732082,0.02646561,0.008256767,0.05993474,0.11187972,0.010070168,0.021384085,0.014556731,0.045047928,0.000567055,0.5,0.002976722,0.42244065,0.5,1
3975,NODE21_processed_png/c0400.png,0.017873403,0.032456685,0.18695325,0.019874068,0.014343708,0.004661595,0.003079628,0.019768849,0.02933153,0.006825914,0.003591346,0.008533436,0.023624884,2.2425498e-05,0.5,0.001169701,0.035847478,0.5,0
3976,NODE21_processed_png/c0872.png,0.06569908,0.100588836,0.1590146,0.17041293,0.009174435,0.008226808,0.003929526,0.07404984,0.07119435,0.015142333,0.00376311,0.012868346,0.033680867,2.0155612e-05,0.5,0.003802067,0.43689966,0.5,0
3977,NODE21_processed_png/c2734.png,0.057586733,0.07005997,0.21988353,0.11407005,0.06778948,0.01169339,0.007173723,0.07578427,0.14525864,0.012054632,0.020652434,0.011460746,0.029982636,0.000271335,0.5,0.002764731,0.39426053,0.5,0
3978,NODE21_processed_png/c2093.png,0.04679227,0.04094918,0.12517776,0.09097582,0.012325274,0.016881669,0.002890116,0.05084264,0.033472545,0.009196322,0.020208625,0.005257096,0.032855567,0.000203278,0.5,0.002106159,0.05166178,0.5,0
3979,NODE21_processed_png/c3174.png,0.041933205,0.05545286,0.23336037,0.02758102,0.042801484,0.005167791,0.002262888,0.05497379,0.11628372,0.004028169,0.013193332,0.006205926,0.015255838,4.2490374e-05,0.5,0.000761691,0.3679227,0.5,0
3980,NODE21_processed_png/n0410.png,0.055350583,0.0714683,0.21463321,0.122253105,0.08724031,0.030501572,0.003709405,0.118448704,0.12024201,0.017138265,0.012770756,0.06348065,0.11375023,0.000903831,0.5,0.006795034,0.27073914,0.5,1
3981,NODE21_processed_png/c0061.png,0.03362136,0.03354879,0.14670877,0.048778906,0.008492651,0.012658986,0.002462481,0.022898857,0.05025439,0.007775192,0.005041431,0.008927212,0.035508882,3.22602e-05,0.5,0.003355187,0.17178726,0.5,0
3982,NODE21_processed_png/c1621.png,0.043199774,0.10097635,0.18727183,0.045125935,0.017733658,0.007185752,0.002493725,0.110786445,0.08557831,0.010078223,0.008885672,0.009749361,0.037629552,3.7943926e-05,0.5,0.002242953,0.38083357,0.5,0
3983,NODE21_processed_png/c1186.png,0.021427311,0.04347881,0.20327587,0.09619995,0.022897722,0.009859124,0.003931281,0.04069332,0.0623972,0.007021657,0.004671098,0.006472217,0.030188147,1.2387057e-05,0.5,0.000319572,0.073627286,0.5,0
3984,NODE21_processed_png/c1157.png,0.052349944,0.07013778,0.19385163,0.12808824,0.03504344,0.018524127,0.009366933,0.07202618,0.11469627,0.013512376,0.011856508,0.013188147,0.041788697,0.000273808,0.5,0.004304505,0.6098202,0.5,0
3985,NODE21_processed_png/c0717.png,0.020496786,0.07182608,0.17877582,0.033184532,0.01352518,0.009913591,0.004580077,0.033639558,0.0750505,0.008109097,0.012023146,0.007990179,0.019106321,1.9654537e-05,0.5,0.000548542,0.29675367,0.5,0
3986,NODE21_processed_png/n0366.png,0.010208645,0.08371432,0.29986864,0.035056207,0.037046127,0.006490306,0.002763906,0.06306706,0.07791668,0.009153206,0.008006963,0.006993498,0.010728833,1.1536947e-05,0.5,0.000444726,0.11523406,0.5,1
3987,NODE21_processed_png/c3602.png,0.05134311,0.07126682,0.13387892,0.21225697,0.009443534,0.1296522,0.005284853,0.0647546,0.05228632,0.012820448,0.003573729,0.014386881,0.03976747,8.15848e-05,0.5,0.003021785,0.14130466,0.5,0
3988,NODE21_processed_png/c2042.png,0.06137815,0.04468178,0.16280898,0.07288785,0.016726028,0.025779089,0.002074956,0.04401064,0.05535781,0.007450149,0.016948743,0.008529854,0.041986622,8.620846e-05,0.5,0.001904367,0.20913786,0.5,0
3989,NODE21_processed_png/c1291.png,0.061403897,0.0567756,0.20070764,0.03709043,0.029748973,0.003151702,0.001265172,0.08896905,0.100128725,0.009278848,0.023977457,0.006608151,0.0224526,0.000164157,0.5,0.000861946,0.17054911,0.5,0
3990,NODE21_processed_png/c1536.png,0.03572194,0.039382357,0.16558175,0.06260867,0.0164961,0.010874311,0.002710113,0.058710765,0.030738816,0.007951665,0.00845613,0.005264547,0.019222628,0.000260014,0.5,0.00157176,0.050338607,0.5,0
3991,NODE21_processed_png/c1944.png,0.053889345,0.08442507,0.20941137,0.091163136,0.01864627,0.01568649,0.002087334,0.08748511,0.11840763,0.005346391,0.004573414,0.00930272,0.017185532,2.1950395e-05,0.5,0.002999584,0.4571341,0.5,0
3992,NODE21_processed_png/c2384.png,0.026688067,0.036727823,0.15069722,0.045497153,0.020138811,0.006312696,0.003249418,0.048257455,0.058183353,0.007078094,0.02093376,0.008192073,0.017334152,8.466728e-05,0.5,0.002918158,0.1827998,0.5,0
3993,NODE21_processed_png/c2851.png,0.057445228,0.07622958,0.19311713,0.13828336,0.02255981,0.043954656,0.00371651,0.05332725,0.053367235,0.012053519,0.004696313,0.00787698,0.038966212,0.000103866,0.5,0.00269034,0.05991615,0.5,0
3994,NODE21_processed_png/c2423.png,0.025769867,0.051779542,0.15871,0.06080874,0.011555992,0.01411893,0.002856273,0.038896743,0.04258916,0.007407059,0.005793006,0.007902139,0.025599847,2.3128605e-05,0.5,0.00158005,0.08851336,0.5,0
3995,NODE21_processed_png/c3263.png,0.03683843,0.054196592,0.17375733,0.06057774,0.010423748,0.01005756,0.003911716,0.06581119,0.036312554,0.011356534,0.005675196,0.007786847,0.030705784,4.8772697e-05,0.5,0.002171424,0.075458854,0.5,0
3996,NODE21_processed_png/c2625.png,0.021143971,0.06542626,0.19969696,0.17852466,0.021755166,0.013202586,0.007355607,0.04838407,0.06768232,0.010048605,0.005090897,0.008170417,0.030746939,1.4000322e-05,0.5,0.000711305,0.22157626,0.5,0
3997,NODE21_processed_png/c2182.png,0.06563022,0.06741613,0.1927433,0.10820682,0.022516556,0.018979847,0.003901332,0.06449527,0.10549761,0.011775311,0.005380351,0.007421432,0.032915536,0.000146448,0.5,0.004022553,0.5595225,0.5,0
3998,NODE21_processed_png/c3065.png,0.04365201,0.030195273,0.15378968,0.09537833,0.029577477,0.08305742,0.004795646,0.0336855,0.04562747,0.01173863,0.021853901,0.008312057,0.053749446,0.000257466,0.5,0.003345396,0.120066255,0.5,0
3999,NODE21_processed_png/c0170.png,0.03739979,0.09600096,0.19769913,0.043125033,0.045202263,0.003084539,0.00362776,0.06762419,0.16715315,0.006661133,0.024696201,0.005440684,0.02172844,2.0174764e-05,0.5,0.000928274,0.55654895,0.5,0
4000,NODE21_processed_png/n0501.png,0.045706663,0.046365704,0.1958841,0.043230202,0.03622044,0.01168454,0.004650373,0.04903014,0.1216175,0.012228493,0.023269534,0.018817166,0.10927105,0.000257059,0.5,0.003065088,0.5305847,0.5,1
4001,NODE21_processed_png/c1097.png,0.03875535,0.053631455,0.22212695,0.0423581,0.027020644,0.017270112,0.00206135,0.031338014,0.084131844,0.006809848,0.012145077,0.009467293,0.022271113,3.4543715e-05,0.5,0.002804307,0.1800045,0.5,0
4002,NODE21_processed_png/c3404.png,0.02355819,0.11333167,0.19731033,0.025206307,0.023762507,0.005335256,0.00473436,0.026876014,0.07761256,0.005055155,0.003670278,0.006130887,0.024212498,3.742643e-05,0.5,0.000666001,0.11789789,0.5,0
4003,NODE21_processed_png/c3876.png,0.050739694,0.06829404,0.19839574,0.1266924,0.044854563,0.017362764,0.009758472,0.10765828,0.12700304,0.021038784,0.056428593,0.010489288,0.024934,7.811707e-05,0.5,0.00139862,0.37988448,0.5,0
4004,NODE21_processed_png/c2244.png,0.031637102,0.058167107,0.18774343,0.113096036,0.036823895,0.015276204,0.011195244,0.045031752,0.09806362,0.021082914,0.008722736,0.015328993,0.04240339,0.000147165,0.5,0.004018413,0.31369865,0.5,0
4005,NODE21_processed_png/c2991.png,0.031010497,0.06899719,0.19506453,0.032114528,0.011396704,0.005206922,0.000944443,0.037452262,0.055252753,0.005433268,0.009821754,0.004541364,0.016056675,1.8070581e-05,0.5,0.000886085,0.1318974,0.5,0
4006,NODE21_processed_png/c1351.png,0.030762197,0.094788745,0.17293581,0.05609012,0.027009308,0.0017222,0.001871477,0.047366742,0.12239933,0.003674694,0.005788924,0.007878806,0.021298122,1.683378e-05,0.5,0.000485667,0.5878053,0.5,0
4007,NODE21_processed_png/c1884.png,0.07751118,0.087250866,0.20291512,0.03928348,0.028887933,0.013340581,0.001502482,0.08216151,0.1021972,0.008132416,0.019330166,0.006684584,0.046491798,0.000150774,0.5,0.002934413,0.33209556,0.5,0
4008,NODE21_processed_png/c0963.png,0.06598883,0.038401328,0.16061512,0.08063201,0.012864751,0.014404801,0.001859551,0.045495998,0.06826568,0.007224123,0.011869949,0.00612223,0.026325556,3.8712722e-05,0.5,0.001703832,0.17258914,0.5,0
4009,NODE21_processed_png/c0511.png,0.029592127,0.02874417,0.14499961,0.074281946,0.006148238,0.012150743,0.007115557,0.051560264,0.021901917,0.028737383,0.012444058,0.00411454,0.02383182,2.131906e-05,0.5,0.000526555,0.02298119,0.5,0
4010,NODE21_processed_png/n0160.png,0.085869,0.087690584,0.22476847,0.08844612,0.049653947,0.010299097,0.005933319,0.05219966,0.1539119,0.012936588,0.024497896,0.0160679,0.03510798,0.001139017,0.5,0.008187749,0.5073525,0.5,1
4011,NODE21_processed_png/n0616.png,0.08015857,0.09877632,0.29001787,0.04948322,0.05930622,0.008967401,0.003887225,0.12650917,0.17980732,0.013158585,0.01136651,0.01298334,0.045397364,9.2293514e-05,0.5,0.002445974,0.43848965,0.5,1
4012,NODE21_processed_png/c0267.png,0.13091803,0.012664354,0.04165536,0.9958682,8.42317e-05,0.9647073,2.6226382e-05,0.03244904,0.002421946,0.014005549,0.000192613,0.005381754,0.015478148,6.291482e-05,0.5,0.5201885,2.734042e-06,0.5,0
4013,NODE21_processed_png/c1380.png,0.06054677,0.08082039,0.24827994,0.03301505,0.021374388,0.001773571,0.002606961,0.12822317,0.078166,0.010587451,0.013867069,0.005240114,0.02889838,4.0663937e-05,0.5,0.000868349,0.15962666,0.5,0
4014,NODE21_processed_png/c1855.png,0.04101219,0.06864754,0.18198438,0.16944598,0.014453385,0.020443449,0.00361454,0.080026165,0.102107674,0.010072982,0.005710018,0.01527556,0.031745046,1.6466618e-05,0.5,0.001990224,0.43091023,0.5,0
4015,NODE21_processed_png/c1427.png,0.013613313,0.08334468,0.17100808,0.08155051,0.013590886,0.01481957,0.003956671,0.04264145,0.05420614,0.012833572,0.006405883,0.012120916,0.034454275,4.9997275e-06,0.5,0.000369305,0.3193609,0.5,0
4016,NODE21_processed_png/c2295.png,0.04875282,0.08842905,0.16934761,0.064263724,0.015471711,0.011033649,0.001467809,0.07127871,0.07566569,0.007749462,0.015437798,0.007025953,0.033804215,7.128382e-05,0.5,0.002188333,0.287385,0.5,0
4017,NODE21_processed_png/c2532.png,0.0904119,0.046272147,0.1544988,0.06603219,0.015785882,0.026679695,0.002291971,0.09886773,0.037799057,0.01849224,0.014322943,0.009772515,0.045755956,8.062255e-05,0.5,0.00544375,0.04990766,0.5,0
4018,NODE21_processed_png/c2940.png,0.069911845,0.05132813,0.21580696,0.14773767,0.0265722,0.031633716,0.004048239,0.086894564,0.045820404,0.012947949,0.012800237,0.012291092,0.05040378,0.000285637,0.5,0.033083897,0.035584982,0.5,0
4019,NODE21_processed_png/c3372.png,0.052237667,0.037528213,0.17003211,0.05120322,0.017819205,0.030163934,0.007672061,0.0419117,0.027984705,0.016427439,0.006002782,0.00862746,0.038022082,0.000284417,0.5,0.002797145,0.019414168,0.5,0
4020,NODE21_processed_png/c1046.png,0.038819447,0.049097694,0.14289026,0.13110326,0.014893142,0.021904822,0.002302838,0.03990669,0.04201843,0.00791853,0.006267769,0.01196213,0.059229877,9.7268974e-05,0.5,0.001177852,0.078961454,0.5,0
4021,NODE21_processed_png/c0606.png,0.05783508,0.09752108,0.22029018,0.07683923,0.051428054,0.007970871,0.003796213,0.08174841,0.120060846,0.011476855,0.016021704,0.011093786,0.039613128,0.000333097,0.5,0.005335198,0.44266227,0.5,0
4022,NODE21_processed_png/c3713.png,0.033835318,0.057645243,0.17925198,0.074068144,0.019601965,0.04450038,0.001917558,0.02798773,0.06468023,0.007479052,0.003476999,0.00800272,0.05817311,3.2554104e-05,0.5,0.00189516,0.2343012,0.5,0
4023,NODE21_processed_png/c2153.png,0.030421192,0.03532634,0.16826566,0.07221064,0.013488013,0.014393069,0.007555327,0.020836012,0.03987837,0.012628197,0.005688594,0.010341294,0.027332205,5.1354044e-05,0.5,0.001738321,0.0750012,0.5,0
4024,NODE21_processed_png/c2818.png,0.01389153,0.07342532,0.19879304,0.036518298,0.032458954,0.001285849,0.001108318,0.039790805,0.07694723,0.005930464,0.003303403,0.005482129,0.015346959,7.0862293e-06,0.5,0.000240976,0.23706996,0.5,0
4025,NODE21_processed_png/c0498.png,0.05240361,0.059086766,0.20813248,0.1462789,0.007952922,0.05641747,0.004325536,0.0746519,0.042444065,0.012614597,0.006856088,0.010438534,0.028750926,0.000327153,0.5,0.002805339,0.051638354,0.5,0
4026,NODE21_processed_png/c0028.png,0.051098127,0.029106457,0.11690863,0.06754995,0.005786533,0.021827271,0.005538597,0.029889073,0.034545008,0.010929764,0.024615334,0.00919561,0.03180033,0.000969392,0.5,0.003218009,0.06624464,0.5,0
4027,NODE21_processed_png/c1668.png,0.023114268,0.04422807,0.20007269,0.06469817,0.0333058,0.006415627,0.002870053,0.040236976,0.05716134,0.007706123,0.009819773,0.00974979,0.028105393,9.7155884e-05,0.5,0.001260609,0.10754381,0.5,0
4028,NODE21_processed_png/c1209.png,0.060265478,0.06306855,0.17215517,0.17955354,0.009605473,0.031245153,0.001997946,0.03648413,0.046884455,0.006648539,0.006452565,0.01131531,0.03291393,4.7111433e-05,0.5,0.001550264,0.06451864,0.5,0
4029,NODE21_processed_png/c0449.png,0.054480273,0.045148116,0.18172508,0.03805528,0.012867198,0.007277623,0.001065933,0.08832354,0.06433261,0.01432054,0.025917506,0.006266248,0.036793675,6.311408e-05,0.5,0.002811645,0.24002647,0.5,0
4030,NODE21_processed_png/n0038.png,0.07033433,0.10277927,0.18201613,0.060644247,0.021166196,0.025026707,0.001494476,0.116792046,0.10628203,0.012747627,0.011815617,0.006711104,0.038441114,0.000128993,0.5,0.005516976,0.6456894,0.5,1
4031,NODE21_processed_png/c2659.png,0.03763778,0.037735116,0.17177781,0.10823499,0.009921708,0.029966522,0.004793751,0.03913012,0.051245157,0.006140284,0.005581913,0.011045225,0.029150195,0.000148681,0.5,0.002426039,0.06736381,0.5,0
4032,NODE21_processed_png/c3019.png,0.01795225,0.023370346,0.1410351,0.075286075,0.013671817,0.03659642,0.007205688,0.01937531,0.02072212,0.012911265,0.005041414,0.009788021,0.020314591,9.2325376e-05,0.5,0.001157124,0.017010491,0.5,0
4033,NODE21_processed_png/c3478.png,0.051982295,0.07262896,0.20442599,0.077813044,0.024102455,0.023522891,0.003436182,0.042358212,0.09373148,0.009169444,0.004628971,0.010355271,0.04989871,5.0681774e-05,0.5,0.003803703,0.24225889,0.5,0
4034,NODE21_processed_png/c2238.png,0.047014587,0.12241412,0.21644546,0.045964755,0.035127625,0.005700049,0.003234397,0.116639964,0.1831347,0.012404664,0.01704845,0.008031947,0.02613186,9.150211e-05,0.5,0.002215166,0.69648236,0.5,0
4035,NODE21_processed_png/c1829.png,0.030345224,0.04761132,0.15906349,0.046693336,0.019108657,0.012575967,0.007637803,0.042416282,0.06295295,0.015384146,0.013926169,0.007020587,0.029569553,3.529744e-05,0.5,0.000989607,0.13502379,0.5,0
4036,NODE21_processed_png/c2688.png,0.042962722,0.040977515,0.13427606,0.123295575,0.006657552,0.013088727,0.002486097,0.042900454,0.051801093,0.012962323,0.011857435,0.008563054,0.043441225,0.000129555,0.5,0.001884419,0.10348777,0.5,0
4037,NODE21_processed_png/n0732.png,0.04495788,0.08512891,0.22196665,0.08432387,0.05418072,0.007405445,0.00457616,0.12497387,0.11898,0.012721009,0.04983986,0.012397299,0.031018939,0.000167281,0.5,0.002747356,0.35577917,0.5,1
4038,NODE21_processed_png/c0343.png,0.046841323,0.042300675,0.16339378,0.10318719,0.008919984,0.02798523,0.005224442,0.04126993,0.035969846,0.006338586,0.008157671,0.010342046,0.03905682,0.000496996,0.5,0.002773328,0.032071088,0.5,0
4039,NODE21_processed_png/n0095.png,0.04782776,0.06731768,0.21508983,0.050444756,0.03866915,0.006944992,0.002322243,0.051079515,0.14616634,0.006825646,0.019284131,0.006554633,0.036335755,0.00027421,0.5,0.003620493,0.33204263,0.5,1
4040,NODE21_processed_png/c0896.png,0.037674922,0.07250104,0.24273854,0.07941702,0.05850652,0.009297573,0.006435095,0.07559601,0.111734755,0.010577412,0.00816953,0.007443467,0.027903857,0.000145322,0.5,0.001033963,0.18007712,0.5,0
4041,NODE21_processed_png/c1503.png,0.042890478,0.033896115,0.1624012,0.034861475,0.018919498,0.00881676,0.00201553,0.053340346,0.048127454,0.010728487,0.043828584,0.005536531,0.023269786,0.000111074,0.5,0.001115849,0.17857808,0.5,0
4042,NODE21_processed_png/c1971.png,0.043426715,0.07400754,0.19135216,0.01819182,0.019134296,0.003626104,0.001603318,0.05223301,0.05159002,0.005058677,0.003502804,0.004440842,0.03163609,2.6450762e-05,0.5,0.00142966,0.0693944,0.5,0
4043,NODE21_processed_png/c2864.png,0.021248221,0.03858661,0.15226576,0.036876693,0.00371247,0.009061128,0.005912577,0.030125035,0.018691119,0.008803147,0.011604571,0.007113227,0.017512266,3.7394606e-05,0.5,0.000611429,0.017752577,0.5,0
4044,NODE21_processed_png/c2416.png,0.056883875,0.043184828,0.15086092,0.044911128,0.013960285,0.007712311,0.001716886,0.056527082,0.043558806,0.010654444,0.020561283,0.009494459,0.040461414,0.000458927,0.5,0.003821781,0.11438885,0.5,0
4045,NODE21_processed_png/c3256.png,0.06398215,0.08617249,0.19680227,0.028101385,0.019887937,0.007928686,0.003722569,0.12337628,0.06475914,0.009655271,0.025582079,0.010558708,0.04963697,0.000390159,0.5,0.003204459,0.28931713,0.5,0
4046,NODE21_processed_png/c1162.png,0.075313345,0.093514815,0.22159311,0.03963646,0.024011968,0.004577722,0.00235782,0.15811187,0.15097792,0.008481789,0.050645076,0.007780461,0.020381626,0.000132017,0.5,0.001355853,0.58074147,0.5,0
4047,NODE21_processed_png/c0722.png,0.040627286,0.044562392,0.17759368,0.06936647,0.017282795,0.015587745,0.007286545,0.023269756,0.08030232,0.013213957,0.003035892,0.014099743,0.07213888,0.000162347,0.5,0.003147282,0.17370276,0.5,0
4048,NODE21_processed_png/c0085.png,0.026904771,0.03525704,0.12810487,0.02033582,0.002881156,0.008998035,0.001192954,0.020518275,0.018145954,0.004496437,0.005766683,0.003698178,0.023886556,2.6813845e-05,0.5,0.00111551,0.051769443,0.5,0
4049,NODE21_processed_png/c3637.png,0.05396045,0.036288954,0.14953655,0.041960686,0.017609043,0.007387606,0.003486069,0.061767474,0.05613965,0.014513031,0.034312095,0.008169274,0.03720684,0.000216358,0.5,0.001838042,0.15562631,0.5,0
4050,NODE21_processed_png/c3190.png,0.045087583,0.04813241,0.1421564,0.072223715,0.017190116,0.015386444,0.001853427,0.027532933,0.054929186,0.006082971,0.006019266,0.010269245,0.049575135,0.000186235,0.5,0.004478347,0.14437823,0.5,0
4051,NODE21_processed_png/c2077.png,0.045810487,0.040603615,0.13452739,0.02817132,0.004977441,0.00483274,0.002678681,0.035655048,0.037670504,0.009991926,0.004955622,0.005539383,0.02691512,4.1691106e-05,0.5,0.001224428,0.067226015,0.5,0
4052,NODE21_processed_png/c2701.png,0.0548394,0.11791911,0.19370066,0.07876641,0.019977272,0.008453657,0.002783733,0.06192269,0.1604816,0.0077,0.003860015,0.007585171,0.04306391,4.4419463e-05,0.5,0.001379495,0.62747943,0.5,0
4053,NODE21_processed_png/c3141.png,0.039578736,0.04257689,0.14582556,0.20078976,0.027256658,0.06171739,0.004682765,0.030690318,0.08848486,0.011370712,0.012935942,0.009566979,0.039478675,0.000145551,0.5,0.002012772,0.311312,0.5,0
4054,NODE21_processed_png/c0054.png,0.027176652,0.077469416,0.20020989,0.14423795,0.025239224,0.008096374,0.003930463,0.056540225,0.14176668,0.012432202,0.022169018,0.00809679,0.01435833,2.2352304e-05,0.5,0.000558763,0.5884841,0.5,0
4055,NODE21_processed_png/n0425.png,0.02078797,0.043592468,0.25113758,0.12150398,0.06237201,0.046048786,0.008043502,0.030982887,0.05881488,0.012135345,0.005007366,0.008866536,0.028990006,8.238537e-05,0.5,0.001256767,0.050687537,0.5,1
4056,NODE21_processed_png/c1614.png,0.043345194,0.045539517,0.19220316,0.039994158,0.02157943,0.011283484,0.002459762,0.071438745,0.074263096,0.00704359,0.037550423,0.011708607,0.027384391,0.000136764,0.5,0.002091995,0.17671065,0.5,0
4057,NODE21_processed_png/c3287.png,0.08956873,0.06919292,0.19163516,0.054486983,0.023049867,0.012795724,0.002894874,0.08967063,0.0695879,0.00716526,0.06448941,0.005051303,0.022177856,7.717259e-05,0.5,0.001417052,0.31556287,0.5,0
4058,NODE21_processed_png/c3520.png,0.08194836,0.03882386,0.17518605,0.022638734,0.016451849,0.007101155,0.001226926,0.060438335,0.049052123,0.010840515,0.013524391,0.006193632,0.04445846,9.1600756e-05,0.5,0.004612051,0.18078186,0.5,0
4059,NODE21_processed_png/c2360.png,0.042206157,0.04168858,0.14408271,0.05687653,0.012024189,0.047627077,0.005143542,0.044750515,0.043829244,0.012638281,0.006981892,0.010482927,0.03880831,0.000102909,0.5,0.006120037,0.122157745,0.5,0
4060,NODE21_processed_png/c1275.png,0.020453824,0.03996664,0.1914798,0.04804338,0.032409888,0.003813454,0.002909409,0.034180284,0.06414558,0.005768283,0.004496732,0.007634476,0.015627678,2.3404938e-05,0.5,0.000808504,0.1078567,0.5,0
4061,NODE21_processed_png/c0392.png,0.053174384,0.051853403,0.17190586,0.07004319,0.009654596,0.00846833,0.002900671,0.0686609,0.053136762,0.017703658,0.00473916,0.007616963,0.039333347,5.9127076e-05,0.5,0.002257602,0.13953348,0.5,0
4062,NODE21_processed_png/c0435.png,0.03007734,0.04434954,0.16531172,0.14356768,0.02248813,0.033974487,0.002012053,0.052711368,0.08446481,0.009796339,0.015900275,0.007454687,0.02698192,2.1989217e-05,0.5,0.000918407,0.2702425,0.5,0
4063,NODE21_processed_png/c0847.png,0.04568524,0.030399114,0.15919898,0.10013886,0.015926657,0.022303756,0.007156488,0.04855539,0.036138583,0.015589401,0.010944925,0.010395758,0.03863538,0.000736819,0.5,0.002720317,0.034305412,0.5,0
4064,NODE21_processed_png/n0908.png,0.047049373,0.054671355,0.27322257,0.041699175,0.095681526,0.004811359,0.002841665,0.080040045,0.16921698,0.007091064,0.0419219,0.019067826,0.028784808,0.000267862,0.5,0.004202028,0.40438288,0.5,1
4065,NODE21_processed_png/c0918.png,0.04905196,0.07615199,0.17907757,0.14052916,0.026361981,0.025424238,0.011321573,0.05726663,0.09533533,0.014108345,0.006886761,0.016375683,0.03431665,0.000159516,0.5,0.003097563,0.32879895,0.5,0
4066,NODE21_processed_png/c2598.png,0.09770515,0.072597936,0.18449429,0.0955278,0.03088203,0.073247775,0.002004921,0.09376054,0.08975822,0.009786517,0.012774791,0.008178697,0.062176954,0.0002652,0.5,0.007666747,0.34414858,0.5,0
4067,NODE21_processed_png/c3309.png,0.06580035,0.062428735,0.17228775,0.07750628,0.028328992,0.008242687,0.006276934,0.116363116,0.09048174,0.009869063,0.035287585,0.010184398,0.019226836,0.000142743,0.5,0.002952035,0.46147242,0.5,0
4068,NODE21_processed_png/c2549.png,0.032773033,0.016382478,0.13297643,0.061291993,0.013111928,0.023462879,0.007635733,0.028790394,0.030626876,0.017121924,0.030564465,0.007746036,0.035094954,5.977502e-05,0.5,0.001476662,0.05173954,0.5,0
4069,NODE21_processed_png/c2128.png,0.021394901,0.06747119,0.18437657,0.054497156,0.009983848,0.012221868,0.004374436,0.057309978,0.050765067,0.008851302,0.009651579,0.005474674,0.016952716,2.8001785e-05,0.5,0.000547513,0.07580372,0.5,0
4070,NODE21_processed_png/c3768.png,0.06064458,0.072089925,0.15435721,0.07101104,0.02469408,0.011137613,0.003714795,0.08122164,0.053210087,0.012977147,0.015213497,0.013362686,0.037008908,0.000204524,0.5,0.002409435,0.09553941,0.5,0
4071,NODE21_processed_png/c1976.png,0.023062125,0.033481907,0.13522385,0.027243154,0.0072109,0.009155958,0.001458785,0.017465329,0.041603673,0.006030236,0.003068218,0.005048132,0.02889869,3.492537e-05,0.5,0.001023745,0.08329737,0.5,0
4072,NODE21_processed_png/c1504.png,0.035462704,0.104557924,0.25028294,0.057059355,0.039689604,0.011947071,0.007878058,0.042404003,0.14723538,0.00639569,0.00806817,0.011765973,0.034309957,2.6882952e-05,0.5,0.000761278,0.43493524,0.5,0
4073,NODE21_processed_png/n0092.png,0.083947025,0.0536888,0.21591571,0.052101806,0.024817504,0.008050279,0.002341284,0.1343427,0.08645003,0.017761324,0.027201366,0.006818041,0.03687249,9.4691146e-05,0.5,0.00336893,0.3505052,0.5,1
4074,NODE21_processed_png/c0891.png,0.021027336,0.046688557,0.15950368,0.025289867,0.012661153,0.005084056,0.001805463,0.025761753,0.048632544,0.004531697,0.005099387,0.006449271,0.017430473,3.4392448e-05,0.5,0.000708971,0.059004664,0.5,0
4075,NODE21_processed_png/n0735.png,0.05757999,0.053841155,0.16416527,0.027072847,0.011724732,0.003667463,0.001612054,0.12575105,0.060116712,0.013217241,0.013033204,0.007195635,0.035968572,6.8461835e-05,0.5,0.005737021,0.1721689,0.5,1
4076,NODE21_processed_png/c0344.png,0.055457346,0.04111954,0.16142741,0.079829134,0.015286814,0.005866492,0.003343643,0.103684336,0.04231869,0.012305753,0.029056603,0.008711784,0.021013256,0.000253965,0.5,0.002202308,0.050260164,0.5,0
4077,NODE21_processed_png/c3251.png,0.13553981,0.05390052,0.1319744,0.13974175,0.008080283,0.06125979,0.002089783,0.08731327,0.034226447,0.012814084,0.015321989,0.011669626,0.07135215,0.000137443,0.5,0.010284049,0.09841939,0.5,0
4078,NODE21_processed_png/c2411.png,0.05163886,0.033108875,0.13927032,0.21997608,0.005726036,0.030652048,0.002521478,0.03330934,0.03362264,0.016232317,0.003231144,0.011312611,0.04852524,1.0777507e-05,0.5,0.001842884,0.056334592,0.5,0
4079,NODE21_processed_png/c2863.png,0.074239366,0.057655547,0.2090106,0.02290893,0.03353253,0.007192395,0.002538133,0.1792337,0.09850633,0.014760189,0.06642861,0.009809506,0.034336936,0.000245543,0.5,0.008701676,0.31581238,0.5,0
4080,NODE21_processed_png/c0082.png,0.024561198,0.10465186,0.18497351,0.2707269,0.03339456,0.015167569,0.006783407,0.06654385,0.13401838,0.02079223,0.00472304,0.010639587,0.06010288,6.216955e-05,0.5,0.001130616,0.39101675,0.5,0
4081,NODE21_processed_png/n0354.png,0.054482773,0.07016148,0.20167375,0.050892536,0.026246259,0.005648135,0.002906044,0.06189816,0.09185287,0.007305542,0.009898543,0.012008215,0.034501005,7.882014e-05,0.5,0.004117135,0.18192369,0.5,1
4082,NODE21_processed_png/c0725.png,0.021060567,0.07007213,0.20028837,0.14811401,0.033448264,0.019038647,0.004070867,0.029900637,0.046203233,0.005922716,0.002195683,0.014044412,0.02555323,5.8735324e-05,0.5,0.001237421,0.027429547,0.5,0
4083,NODE21_processed_png/c1165.png,0.105484396,0.06312201,0.16523091,0.089112945,0.025016038,0.01139259,0.00197839,0.08297522,0.104434356,0.007220342,0.025710644,0.008302717,0.040251702,0.000545205,0.5,0.0034865,0.3659731,0.5,0
4084,NODE21_processed_png/c2070.png,0.051372964,0.04525448,0.15094925,0.045217145,0.004798639,0.006701912,0.002886789,0.060891155,0.042631716,0.004664347,0.00784116,0.011921231,0.04891976,5.8242702e-05,0.5,0.002319896,0.055116616,0.5,0
4085,NODE21_processed_png/c3197.png,0.03691987,0.072083995,0.17913328,0.06186323,0.015965378,0.012782186,0.005680357,0.07070035,0.076318875,0.013488111,0.008696071,0.009513003,0.030615496,0.000151772,0.5,0.001756267,0.2587304,0.5,0
4086,NODE21_processed_png/c3630.png,0.032865804,0.049215306,0.16199225,0.07056202,0.014740719,0.024862155,0.001593348,0.02448092,0.079114266,0.006302415,0.002413837,0.006321297,0.03017633,7.2510695e-05,0.5,0.001157094,0.32630172,0.5,0
4087,NODE21_processed_png/c3146.png,0.052760243,0.07258757,0.19108649,0.13473298,0.038522147,0.08562747,0.008327553,0.08630927,0.070800625,0.019721797,0.016312804,0.013380106,0.059166737,0.000158047,0.5,0.001544,0.20838253,0.5,0
4088,NODE21_processed_png/c2706.png,0.03793556,0.030829854,0.14306574,0.10443745,0.014632151,0.10482484,0.00383386,0.05062475,0.047621552,0.010268968,0.023982888,0.007872101,0.017902708,0.000242215,0.5,0.004247876,0.08785795,0.5,0
4089,NODE21_processed_png/c1613.png,0.033859663,0.041977532,0.19321829,0.027578067,0.017841667,0.009052984,0.002265088,0.043639917,0.07096153,0.007086976,0.012030476,0.005373109,0.015838865,0.000113539,0.5,0.001847484,0.17314094,0.5,0
4090,NODE21_processed_png/c0053.png,0.042745456,0.03920508,0.17722154,0.049600445,0.04372333,0.010323377,0.001576485,0.048245765,0.0782527,0.009683746,0.027985299,0.006610114,0.033911347,0.000246317,0.5,0.004224717,0.32929748,0.5,0
4091,NODE21_processed_png/n0422.png,0.029108483,0.10490031,0.21664809,0.05370735,0.0421355,0.006916643,0.00146133,0.039235942,0.15581611,0.003878733,0.007083677,0.006780725,0.019071167,3.2010346e-05,0.5,0.00098735,0.6186016,0.5,1
4092,NODE21_processed_png/c2367.png,0.05050825,0.039972752,0.18817452,0.02777493,0.016230877,0.005321291,0.002324545,0.09917832,0.063546106,0.01213785,0.029806482,0.00494469,0.031113813,0.000195606,0.5,0.001554154,0.13413763,0.5,0
4093,NODE21_processed_png/c3527.png,0.039650735,0.029903088,0.16393524,0.04632232,0.021951517,0.01110814,0.003845733,0.049918156,0.059933055,0.014818874,0.015481059,0.010018257,0.02631212,0.000216462,0.5,0.004025274,0.10295679,0.5,0
4094,NODE21_processed_png/c3280.png,0.048791155,0.090845294,0.22665581,0.07899134,0.07912017,0.005294862,0.004489235,0.08475956,0.16231716,0.009973154,0.019168166,0.017718032,0.03594551,0.000165296,0.5,0.004148612,0.4643704,0.5,0
4095,NODE21_processed_png/c0840.png,0.0542429,0.044899993,0.17260167,0.048448853,0.008600791,0.02499791,0.005659134,0.051626578,0.044230387,0.009226951,0.007174304,0.006685692,0.039806638,5.832291e-05,0.5,0.001647115,0.08662735,0.5,0
4096,NODE21_processed_png/c0432.png,0.09407668,0.054529592,0.13969246,0.1037638,0.01459162,0.08288902,0.001822003,0.096784584,0.04991861,0.008433937,0.016239297,0.007432193,0.04160539,9.1483606e-05,0.5,0.004042814,0.09206155,0.5,0
4097,NODE21_processed_png/n0043.png,0.07108108,0.09519459,0.14775951,0.057667818,0.017750308,0.025786603,0.001602124,0.09255038,0.07962262,0.007278802,0.0099477,0.00990311,0.035151828,0.000129245,0.5,0.003928611,0.37840596,0.5,1
4098,NODE21_processed_png/c0395.png,0.056776345,0.040334623,0.12214533,0.062303416,0.003968638,0.030159192,0.001101189,0.049756907,0.04320327,0.007515135,0.004234969,0.006435251,0.03857693,8.153519e-05,0.5,0.002209352,0.1450948,0.5,0
4099,NODE21_processed_png/c1272.png,0.04703412,0.054615073,0.2172282,0.1533519,0.023847127,0.14867222,0.00661517,0.052066483,0.044812057,0.013311857,0.006232604,0.012364312,0.026573658,8.4003004e-05,0.5,0.005020657,0.038236126,0.5,0
4100,NODE21_processed_png/c3062.png,0.03687715,0.053429868,0.14482886,0.09738919,0.013017287,0.023076864,0.00215318,0.04624674,0.042847212,0.009723454,0.01803893,0.01286897,0.027347075,4.9508784e-05,0.5,0.007021704,0.09171478,0.5,0
4101,NODE21_processed_png/c2185.png,0.014028683,0.062022056,0.15926634,0.022447763,0.012012555,0.00447335,0.001155399,0.02690422,0.044589594,0.005048066,0.006217992,0.006008157,0.012031919,2.287584e-06,0.5,0.000338611,0.32523677,0.5,0
4102,NODE21_processed_png/c2622.png,0.028989637,0.16217726,0.22539039,0.056400668,0.06294113,0.003661599,0.004204599,0.06326338,0.22181213,0.005820104,0.005648042,0.01444086,0.019628763,5.0195882e-05,0.5,0.00084232,0.87613034,0.5,0
4103,NODE21_processed_png/c1090.png,0.08775798,0.07521219,0.17082004,0.03478298,0.025405627,0.00919267,0.001682524,0.1037373,0.086291164,0.010275677,0.02894645,0.006404038,0.04053893,6.7907655e-05,0.5,0.003684019,0.43808517,0.5,0
4104,NODE21_processed_png/c1737.png,0.023340354,0.08191459,0.17522709,0.11027172,0.03758022,0.011341376,0.008124027,0.048270684,0.084215246,0.011998318,0.008531941,0.009718948,0.040093087,0.000111172,0.5,0.001653461,0.37368116,0.5,0
4105,NODE21_processed_png/c0177.png,0.018778412,0.06874542,0.19173272,0.041471526,0.022287786,0.009550042,0.001944129,0.0363356,0.08445734,0.004978054,0.006397009,0.004984248,0.022573717,1.2510871e-05,0.5,0.00048456,0.21732903,0.5,0
4106,NODE21_processed_png/n0974.png,0.11230888,0.09893635,0.233622,0.03317055,0.04828742,0.006994161,0.003001862,0.16058175,0.10333664,0.011415356,0.09976647,0.009486266,0.045873735,0.000360752,0.5,0.01126848,0.3356189,0.5,1
4107,NODE21_processed_png/c2996.png,0.054427687,0.10353952,0.18405679,0.10309291,0.021115517,0.036190394,0.001406094,0.07905281,0.11270657,0.008769943,0.001521969,0.011707012,0.06752122,1.0472642e-05,0.5,0.002000985,0.69415915,0.5,0
4108,NODE21_processed_png/c2243.png,0.07585689,0.041320197,0.18160225,0.06941373,0.013069491,0.01183844,0.001364206,0.11953492,0.07693757,0.011334861,0.041897252,0.007416762,0.03708139,1.9727226e-05,0.5,0.003404697,0.23808919,0.5,0
4109,NODE21_processed_png/c3871.png,0.03949748,0.06924739,0.32760653,0.11425293,0.09667885,0.007007792,0.001537418,0.08718794,0.19445632,0.005090745,0.018012796,0.00964651,0.014742124,6.813625e-05,0.5,0.001409447,0.48859248,0.5,0
4110,NODE21_processed_png/c0516.png,0.025791416,0.077722795,0.16577765,0.03647351,0.012489582,0.00644005,0.002872927,0.094780356,0.08903631,0.00492911,0.014554484,0.00710084,0.023752112,3.624953e-05,0.5,0.001264714,0.33113348,0.5,0
4111,NODE21_processed_png/c0964.png,0.06174433,0.048165187,0.13934757,0.06972061,0.009281813,0.019017236,0.004074977,0.06593404,0.027207933,0.010151784,0.010240621,0.009060773,0.0327156,0.000166402,0.5,0.006210465,0.04351985,0.5,0
4112,NODE21_processed_png/n0167.png,0.06791857,0.04656326,0.20341234,0.06743492,0.030750042,0.007104935,0.002425122,0.063893415,0.08943808,0.010042066,0.0215046,0.009689591,0.038052652,0.000176314,0.5,0.005018694,0.3994737,0.5,1
4113,NODE21_processed_png/c1883.png,0.046413172,0.040512245,0.18147899,0.033986356,0.018021202,0.012010566,0.005242869,0.01871356,0.059976794,0.008339269,0.006745467,0.011393634,0.040983286,0.000178099,0.5,0.002639495,0.18572107,0.5,0
4114,NODE21_processed_png/c1356.png,0.10928813,0.06513976,0.17131071,0.12581725,0.020532604,0.015375719,0.007071969,0.07869488,0.049311418,0.034929242,0.018253153,0.014636428,0.08295312,0.000122446,0.5,0.007729107,0.054087076,0.5,0
4115,NODE21_processed_png/c1420.png,0.046245307,0.06519264,0.18099648,0.09311045,0.019573748,0.009557627,0.003609836,0.073695555,0.08189412,0.007708694,0.013584018,0.00635612,0.025148505,3.2548636e-05,0.5,0.001447053,0.3282092,0.5,0
4116,NODE21_processed_png/c1852.png,0.045982827,0.03811176,0.18302673,0.13528126,0.014619556,0.055377305,0.012175138,0.046100713,0.043616805,0.011349648,0.010709762,0.011352549,0.03128818,0.00027941,0.5,0.001383572,0.051320508,0.5,0
4117,NODE21_processed_png/n1051.png,0.04403015,0.09760817,0.2807121,0.05415159,0.047282424,0.00913183,0.005122284,0.07842461,0.11963596,0.009700188,0.011313628,0.00834055,0.04622634,8.092588e-05,0.5,0.000852617,0.16278292,0.5,1
4118,NODE21_processed_png/c1387.png,0.05343527,0.07358431,0.16388306,0.044956006,0.016916808,0.020742575,0.002764354,0.07829884,0.054009017,0.007622926,0.02804892,0.007440279,0.029870102,8.517787e-05,0.5,0.002628517,0.2617203,0.5,0
4119,NODE21_processed_png/c0260.png,0.049114037,0.026494423,0.16850518,0.014749771,0.011758471,0.003202629,0.001268723,0.048874404,0.043538697,0.00623494,0.04676148,0.004477132,0.033928,0.00020044,0.5,0.001265401,0.13012251,0.5,0
4120,NODE21_processed_png/c3375.png,0.07079458,0.065058246,0.18701348,0.120201685,0.012889334,0.04314524,0.003518667,0.05463981,0.07469578,0.013464981,0.007009349,0.009447312,0.04899849,4.704423e-05,0.5,0.003595049,0.28812298,0.5,0
4121,NODE21_processed_png/c2947.png,0.07876035,0.07319879,0.20334035,0.035330247,0.031902734,0.007217996,0.005228877,0.09134443,0.102638915,0.007212232,0.02317016,0.010129198,0.032795563,0.000621263,0.5,0.003140056,0.38211256,0.5,0
4122,NODE21_processed_png/c2535.png,0.038352232,0.061590336,0.18001755,0.34591007,0.020235466,0.1139249,0.003117696,0.05326953,0.063920595,0.01374218,0.00488832,0.011036945,0.054103836,1.7383692e-05,0.5,0.000976715,0.22048432,0.5,0
4123,NODE21_processed_png/c2292.png,0.049137324,0.028847273,0.14726359,0.0196897,0.010835734,0.00587288,0.000868686,0.046105232,0.04087472,0.004143202,0.03063948,0.005452973,0.016836308,0.000180427,0.5,0.002955374,0.052311976,0.5,0
4124,NODE21_processed_png/c0601.png,0.059898358,0.061181594,0.14596586,0.16061674,0.012566156,0.043676548,0.003842737,0.077965535,0.048905496,0.014161852,0.006062056,0.01160287,0.052064937,3.433952e-05,0.5,0.002763492,0.16660419,0.5,0
4125,NODE21_processed_png/c1041.png,0.06333542,0.04217714,0.15432295,0.05410691,0.016013728,0.027340762,0.002836932,0.18526076,0.036122732,0.014635403,0.060437787,0.013565557,0.02438586,0.000168208,0.5,0.005022095,0.08276154,0.5,0
4126,NODE21_processed_png/c2154.png,0.040332194,0.08556595,0.24860372,0.03910121,0.047120143,0.013290004,0.004411836,0.038696803,0.14687878,0.010430673,0.024399433,0.01238408,0.045571133,3.9499017e-05,0.5,0.000971377,0.53524584,0.5,0
4127,NODE21_processed_png/c3714.png,0.011210533,0.05714439,0.18639007,0.053870425,0.017912807,0.004012802,0.004931509,0.018207554,0.05427501,0.007409895,0.002785022,0.008094604,0.015483873,6.1377227e-06,0.5,0.000362291,0.22887336,0.5,0
4128,NODE21_processed_png/c1578.png,0.039716166,0.082338825,0.19443919,0.047483712,0.012968883,0.014366078,0.001411271,0.03954024,0.07786117,0.008194681,0.003563939,0.005171415,0.024947716,1.7827624e-05,0.5,0.001057273,0.1977995,0.5,0
4129,NODE21_processed_png/n1109.png,0.050233893,0.065915644,0.20708947,0.06774954,0.014489288,0.018682053,0.004452727,0.086736195,0.06504592,0.008855409,0.011084395,0.014729045,0.03326397,0.000181214,0.5,0.005288542,0.22275195,0.5,1
4130,NODE21_processed_png/c0338.png,0.0699726,0.092141055,0.18196633,0.08817812,0.007373402,0.01250355,0.005252193,0.10883848,0.0706529,0.017345926,0.007609727,0.01596999,0.050206885,5.3979576e-05,0.5,0.003614003,0.209715,0.5,0
4131,NODE21_processed_png/c0759.png,0.024970053,0.037587922,0.21165472,0.03958316,0.016853908,0.005595337,0.001767728,0.035579268,0.047441587,0.009619336,0.008810792,0.002849455,0.021405239,4.4127213e-05,0.5,0.000519678,0.04560942,0.5,0
4132,NODE21_processed_png/c1119.png,0.052046534,0.08443509,0.1937265,0.18878254,0.013605231,0.0925032,0.014082477,0.06090397,0.07022104,0.018046647,0.001455679,0.018981723,0.047532428,3.080476e-05,0.5,0.004937762,0.180775,0.5,0
4133,NODE21_processed_png/c0788.png,0.062120706,0.056183387,0.1869432,0.054748178,0.01287466,0.005669593,0.002251218,0.04631277,0.048311748,0.008394824,0.007205732,0.00717353,0.026916156,0.000154454,0.5,0.00501238,0.07844254,0.5,0
4134,NODE21_processed_png/c2650.png,0.024386212,0.0872838,0.22016066,0.047612734,0.052707657,0.00456756,0.001629546,0.065132916,0.16807406,0.008180589,0.005405429,0.008424873,0.02862063,9.9077864e-05,0.5,0.00139618,0.68391377,0.5,0
4135,NODE21_processed_png/c3010.png,0.045265567,0.034885228,0.16037078,0.06037276,0.009358947,0.02147966,0.006714665,0.02986475,0.031535376,0.011190206,0.011334611,0.009835555,0.033452388,0.000589719,0.5,0.002586325,0.027787127,0.5,0
4136,NODE21_processed_png/n0574.png,0.07420655,0.05254738,0.21263452,0.03376142,0.033929218,0.00504296,0.002140399,0.09510518,0.08405353,0.012452037,0.017464356,0.008636184,0.035643082,0.000392226,0.5,0.005339319,0.2211441,0.5,1
4137,NODE21_processed_png/c0105.png,0.033417057,0.0712905,0.24274555,0.042954285,0.030069754,0.006617936,0.002077007,0.03878137,0.05468143,0.006014159,0.007286357,0.007281041,0.03235324,5.92738e-05,0.5,0.002599151,0.08326703,0.5,0
4138,NODE21_processed_png/c1745.png,0.048183303,0.051192306,0.15840845,0.07397466,0.009430827,0.012024798,0.003838276,0.07974089,0.04576673,0.011973884,0.006484188,0.006834151,0.027825685,5.1992018e-05,0.5,0.001652531,0.10083482,0.5,0
4139,NODE21_processed_png/c3803.png,0.024475448,0.035742585,0.16237247,0.08208547,0.008974839,0.005169058,0.004940673,0.046499364,0.024325462,0.015201232,0.016747368,0.013838139,0.032941315,0.00010948,0.5,0.002107895,0.022075702,0.5,0
4140,NODE21_processed_png/c3471.png,0.024586027,0.034593925,0.12139189,0.14723364,0.008640703,0.055956308,0.001462665,0.047769945,0.017820412,0.006483601,0.014100004,0.009198511,0.031199958,0.000166511,0.5,0.001155195,0.029774241,0.5,0
4141,NODE21_processed_png/c2231.png,0.05867579,0.10939732,0.20129022,0.06715112,0.025779484,0.011856571,0.003969532,0.11890839,0.16170318,0.009196413,0.007547407,0.007522339,0.034965206,1.7637665e-05,0.5,0.000824325,0.6918999,0.5,0
4142,NODE21_processed_png/c2596.png,0.06157847,0.0616339,0.16218556,0.144232,0.010388312,0.057123724,0.004954495,0.044092264,0.059287556,0.009192147,0.006773169,0.014483118,0.042801607,0.000409024,0.5,0.006570813,0.1785704,0.5,0
4143,NODE21_processed_png/c1324.png,0.09680893,0.04766853,0.121475376,0.039451916,0.002080186,0.014638255,0.001401272,0.07068714,0.030889403,0.013037317,0.004131523,0.00668603,0.060605332,5.2595118e-05,0.5,0.002734508,0.08979036,0.5,0
4144,NODE21_processed_png/c1483.png,0.052789137,0.047184464,0.20443518,0.035077013,0.0305151,0.006970705,0.003941174,0.076936185,0.06656542,0.009738798,0.04531387,0.008282416,0.022019383,0.000395566,0.5,0.003195161,0.1642364,0.5,0
4145,NODE21_processed_png/c0564.png,0.016984167,0.050783712,0.19101526,0.06449238,0.019295832,0.0031018,0.004034534,0.029800318,0.056072664,0.006368512,0.003803119,0.009288977,0.013752055,9.104922e-06,0.5,0.000781569,0.12936941,0.5,0
4146,NODE21_processed_png/c0916.png,0.039867606,0.058320783,0.15137398,0.026347479,0.010722631,0.009868129,0.000805633,0.031205466,0.053852443,0.003391153,0.008474787,0.006370837,0.020956274,0.00017529,0.5,0.003008782,0.16345805,0.5,0
4147,NODE21_processed_png/c0212.png,0.042337596,0.06994432,0.17644118,0.07830493,0.020290788,0.020498663,0.003716106,0.06384754,0.06702427,0.009872874,0.010419981,0.010676393,0.046127975,0.000101776,0.5,0.004123353,0.20695382,0.5,0
4148,NODE21_processed_png/n0663.png,0.04421846,0.10758807,0.2037015,0.038785324,0.045400545,0.007081428,0.002472738,0.11296907,0.08196694,0.010722104,0.016792057,0.016369702,0.03906321,0.00036353,0.5,0.00363949,0.21404661,0.5,1
4149,NODE21_processed_png/c1452.png,0.045031287,0.06689118,0.18958129,0.09500112,0.047860347,0.00351134,0.002311042,0.077791035,0.08936976,0.006041397,0.005545542,0.007850681,0.028134236,6.270476e-05,0.5,0.000878667,0.17997761,0.5,0
4150,NODE21_processed_png/c1820.png,0.023522759,0.04174624,0.19713598,0.045137934,0.021332098,0.006642513,0.002233641,0.02326576,0.05145983,0.006427415,0.006729985,0.005253856,0.033872172,7.986097e-05,0.5,0.000841212,0.08940819,0.5,0
4151,NODE21_processed_png/c2935.png,0.024822555,0.09807062,0.21317437,0.038932502,0.031235907,0.021123065,0.002210964,0.04689982,0.10870657,0.005907208,0.008626866,0.008187078,0.032605864,8.088515e-06,0.5,0.000334854,0.43788272,0.5,0
4152,NODE21_processed_png/c2547.png,0.02872902,0.059443455,0.15943395,0.16232702,0.0379572,0.10149904,0.001699559,0.029704226,0.0622849,0.005913878,0.019881383,0.009995286,0.029839065,5.9157526e-05,0.5,0.003551592,0.10492026,0.5,0
4153,NODE21_processed_png/c3307.png,0.04769895,0.02946352,0.14309654,0.034802586,0.007987694,0.010508882,0.005322444,0.026968269,0.037617162,0.007717385,0.016109305,0.00787597,0.027498709,0.000105592,0.5,0.001493711,0.10152245,0.5,0
4154,NODE21_processed_png/c1794.png,0.027369637,0.048834004,0.12347385,0.09409018,0.011587722,0.03970972,0.010782173,0.06283346,0.04235779,0.02028424,0.032845818,0.00664359,0.030403344,5.9984184e-05,0.5,0.000874325,0.12045348,0.5,0
4155,NODE21_processed_png/c1033.png,0.04013846,0.04564092,0.14495811,0.047822822,0.006122033,0.011626878,0.001486447,0.024524385,0.030165887,0.004285054,0.001252541,0.006640375,0.026857387,2.7081185e-05,0.5,0.00143392,0.054109406,0.5,0
4156,NODE21_processed_png/c0673.png,0.0451077,0.040807605,0.16411264,0.059772193,0.019928847,0.010462034,0.003934931,0.05912195,0.067629755,0.014064111,0.014213132,0.007610393,0.03786719,8.444312e-05,0.5,0.0022408,0.20336762,0.5,0
4157,NODE21_processed_png/c3766.png,0.040235285,0.07883198,0.2049227,0.080520965,0.05502898,0.008603427,0.008042598,0.080938496,0.091196015,0.012868936,0.047230642,0.008548366,0.03536169,0.000171149,0.5,0.002143446,0.31901103,0.5,0
4158,NODE21_processed_png/c2681.png,0.06673767,0.06532636,0.1542643,0.07085926,0.010501558,0.01715954,0.003876986,0.09200319,0.093824856,0.014448023,0.018997205,0.01684367,0.048600428,0.000106771,0.5,0.002993262,0.5081198,0.5,0
4159,NODE21_processed_png/c2126.png,0.06352914,0.10282489,0.18423793,0.045336317,0.01891972,0.01225315,0.0086944,0.15149464,0.08899743,0.023961483,0.026727298,0.009805497,0.048748072,3.1133855e-05,0.5,0.003216783,0.37960166,0.5,0
4160,NODE21_processed_png/c1978.png,0.027054595,0.066773094,0.18910441,0.12953855,0.025379315,0.023933118,0.003313571,0.03122279,0.057103496,0.007686009,0.002957018,0.007585538,0.0487968,5.004694e-05,0.5,0.000622681,0.1412439,0.5,0
4161,NODE21_processed_png/c3199.png,0.021382773,0.05234371,0.17752427,0.05573363,0.015715912,0.026559513,0.002741374,0.019459112,0.054444794,0.007967725,0.004732121,0.007724972,0.023962812,1.0546519e-05,0.5,0.000634179,0.16167447,0.5,0
4162,NODE21_processed_png/c2708.png,0.033735726,0.07390825,0.22856306,0.052802034,0.034359597,0.004778902,0.003402554,0.046493817,0.12569578,0.004351965,0.016598502,0.006749222,0.01503481,2.1689459e-05,0.5,0.000812052,0.43676603,0.5,0
4163,NODE21_processed_png/c3148.png,0.049078748,0.07768087,0.2071905,0.16941819,0.04464154,0.03467773,0.007898892,0.06435048,0.120176226,0.011161544,0.009117128,0.013181572,0.030548455,5.812458e-05,0.5,0.002296274,0.47762486,0.5,0
4164,NODE21_processed_png/c3529.png,0.02718508,0.08265599,0.18242927,0.05660248,0.04094044,0.004036398,0.003776166,0.05405803,0.14279214,0.00748501,0.017230617,0.009673346,0.019299285,7.67648e-05,0.5,0.001101965,0.55277455,0.5,0
4165,NODE21_processed_png/c2369.png,0.038934488,0.05323389,0.19293544,0.06321659,0.035294916,0.026628515,0.005159757,0.045194503,0.05919148,0.009813022,0.013866612,0.010698936,0.04474932,0.000323764,0.5,0.005002653,0.09868403,0.5,0
4166,NODE21_processed_png/n0508.png,0.057237107,0.08661461,0.19038075,0.06611895,0.02793071,0.018071946,0.003663946,0.09805835,0.090247914,0.011767414,0.022264821,0.022704108,0.08949469,0.000510002,0.5,0.005039565,0.37658882,0.5,1
4167,NODE21_processed_png/c0179.png,0.03512694,0.078391984,0.19077167,0.0762968,0.025069999,0.008437494,0.004686082,0.041355852,0.089711376,0.00617766,0.003352146,0.005849782,0.03314185,3.5526977e-05,0.5,0.000756266,0.25680995,0.5,0
4168,NODE21_processed_png/c1739.png,0.04686462,0.04732476,0.19070633,0.09317258,0.036562838,0.015652616,0.007684886,0.034943204,0.086323634,0.012350696,0.010135879,0.00720947,0.03505524,9.6110925e-05,0.5,0.002185,0.18514171,0.5,0
4169,NODE21_processed_png/c1358.png,0.030523252,0.058000892,0.13836294,0.023476705,0.011703679,0.005782081,0.001001723,0.03543293,0.050095517,0.005045498,0.004159401,0.006028538,0.032494213,4.448775e-05,0.5,0.000967862,0.13592291,0.5,0
4170,NODE21_processed_png/c0518.png,0.039005116,0.08862343,0.232451,0.021957962,0.029823953,0.008290499,0.002828582,0.20044576,0.115933724,0.009332508,0.023205303,0.004013442,0.017151857,2.1757845e-05,0.5,0.001000626,0.55247474,0.5,0
4171,NODE21_processed_png/c2998.png,0.044082925,0.062285654,0.1658907,0.078774296,0.006245425,0.016196888,0.001347208,0.044090558,0.056474306,0.005727071,0.004657316,0.005915006,0.031236662,3.3848668e-05,0.5,0.000769037,0.21343532,0.5,0
4172,NODE21_processed_png/c2949.png,0.05534316,0.04397198,0.17244671,0.053524412,0.015286542,0.018347014,0.002757085,0.03754493,0.044471644,0.005866942,0.008148616,0.009142185,0.047794443,7.7231634e-05,0.5,0.003067628,0.14610678,0.5,0
4173,NODE21_processed_png/c1389.png,0.06449705,0.047151715,0.16014087,0.053440146,0.012912986,0.009743447,0.002743381,0.068341844,0.059212916,0.013883127,0.005466601,0.007178615,0.05882274,9.4015355e-05,0.5,0.002739917,0.14578551,0.5,0
4174,NODE21_processed_png/c0336.png,0.029745247,0.085266456,0.1681251,0.16950607,0.0444487,0.03020912,0.007323182,0.060105033,0.08436508,0.015388053,0.013117788,0.009308433,0.046626627,0.000133964,0.5,0.001367095,0.28156045,0.5,0
4175,NODE21_processed_png/c0491.png,0.03542966,0.05033206,0.15629931,0.099685475,0.019731663,0.04370051,0.003667587,0.03591771,0.048874546,0.010411945,0.006330569,0.013950294,0.0533717,0.000100206,0.5,0.002156226,0.066167295,0.5,0
4176,NODE21_processed_png/c1904.png,0.06992197,0.050264567,0.18207172,0.081027724,0.011497173,0.010076834,0.006110693,0.0852077,0.04072382,0.016969036,0.008963734,0.009824517,0.04480499,9.678544e-05,0.5,0.002103429,0.098913565,0.5,0
4177,NODE21_processed_png/c1576.png,0.033559646,0.029998366,0.13319919,0.11275028,0.012345699,0.03700174,0.005059682,0.024774486,0.031689502,0.009886292,0.014484131,0.008227111,0.016726816,0.000299401,0.5,0.002104098,0.055829067,0.5,0
4178,NODE21_processed_png/c2463.png,0.06172156,0.08919686,0.15540126,0.032890763,0.010809777,0.016441906,0.000695647,0.15671304,0.056685332,0.003892589,0.00481937,0.00728437,0.038360506,4.9146205e-05,0.5,0.005937971,0.120433114,0.5,0
4179,NODE21_processed_png/c2811.png,0.041682813,0.07101591,0.18478464,0.09734026,0.014235641,0.011291637,0.002100746,0.06087663,0.06304544,0.007859273,0.004900671,0.009770638,0.051854603,2.6708776e-05,0.5,0.001184617,0.19185805,0.5,0
4180,NODE21_processed_png/c3223.png,0.042352464,0.05321235,0.19763209,0.082915075,0.0252805,0.011770141,0.001554937,0.047794458,0.11293574,0.008078282,0.007878389,0.010531569,0.038655926,4.008789e-05,0.5,0.002333883,0.23659012,0.5,0
4181,NODE21_processed_png/c3584.png,0.06526079,0.042576034,0.123901114,0.0728292,0.002225615,0.03351526,0.000996538,0.08244579,0.037458677,0.008006398,0.009418648,0.009108351,0.045863867,3.7945378e-05,0.5,0.002453784,0.10621965,0.5,0
4182,NODE21_processed_png/c1117.png,0.06036582,0.07232131,0.20999579,0.0917167,0.040970057,0.008727367,0.006033469,0.12525927,0.08114029,0.014988004,0.02084805,0.010824832,0.028714199,0.000264702,0.5,0.001991929,0.13582376,0.5,0
4183,NODE21_processed_png/c0757.png,0.06682659,0.05831238,0.20192258,0.07806919,0.016356207,0.017272606,0.003630244,0.04791864,0.06653184,0.009075468,0.00435797,0.010602396,0.071022816,9.638536e-05,0.5,0.003304616,0.164984,0.5,0
4184,NODE21_processed_png/n0326.png,0.07752278,0.075647876,0.20726623,0.063306615,0.019471081,0.028395254,0.002021979,0.094780125,0.06846063,0.011070886,0.010739251,0.009663796,0.044124115,0.000176761,0.5,0.004344989,0.1486849,0.5,1
4185,NODE21_processed_png/c3642.png,0.03551622,0.075027086,0.1683651,0.07474062,0.008968513,0.015618539,0.000701205,0.036093116,0.0694232,0.003641994,0.00172447,0.007488313,0.031190924,8.215584e-06,0.5,0.001129394,0.21468113,0.5,0
4186,NODE21_processed_png/c2002.png,0.09678384,0.10686193,0.2175368,0.046376064,0.038063582,0.009235051,0.002638416,0.13165416,0.099436074,0.013966714,0.04298158,0.011730146,0.034381725,0.000436838,0.5,0.009054471,0.36502492,0.5,0
4187,NODE21_processed_png/c2774.png,0.08294343,0.03515679,0.1594283,0.09117311,0.00566367,0.024576196,0.007630894,0.047194216,0.04380487,0.014506009,0.007017468,0.009753274,0.042558216,8.66494e-05,0.5,0.002895659,0.19315244,0.5,0
4188,NODE21_processed_png/c3693.png,0.034521207,0.038211573,0.14990531,0.091510765,0.009375654,0.08125013,0.004583573,0.025747135,0.045971714,0.009167447,0.004387672,0.011134078,0.05725537,0.000202946,0.5,0.000897206,0.06939108,0.5,0
4189,NODE21_processed_png/c3134.png,0.024934305,0.032842558,0.1438328,0.06657713,0.00660527,0.013105411,0.002212682,0.027039735,0.04324059,0.008819533,0.005180231,0.005682595,0.029396314,9.940147e-06,0.5,0.001630785,0.104351334,0.5,0
4190,NODE21_processed_png/c0786.png,0.060147516,0.07796433,0.20759779,0.058526658,0.027493343,0.004450877,0.003013881,0.13095188,0.057604894,0.009906539,0.04428961,0.005744278,0.018781671,0.000322916,0.5,0.001682703,0.09141386,0.5,0
4191,NODE21_processed_png/n0822.png,0.07268903,0.045204025,0.21227615,0.21581201,0.02947632,0.12554456,0.016287878,0.04466176,0.07139768,0.019155603,0.006146929,0.022585295,0.060742103,0.000378286,0.5,0.006978937,0.07501894,0.5,1
4192,NODE21_processed_png/n0450.png,0.06356899,0.06266728,0.23246194,0.07586391,0.041729357,0.012198094,0.003701319,0.07585532,0.07077603,0.01361323,0.022510162,0.011453684,0.06955658,0.000395361,0.5,0.004818641,0.1358664,0.5,1
4193,NODE21_processed_png/c0021.png,0.055182114,0.044046786,0.17203107,0.023094365,0.018740028,0.005043146,0.001121006,0.0589216,0.058077376,0.005963862,0.019481547,0.006995597,0.046929546,0.000141553,0.5,0.001909769,0.14501807,0.5,0
4194,NODE21_processed_png/c1661.png,0.05602468,0.04033619,0.18346733,0.019833364,0.018920215,0.003441523,0.000589596,0.12258505,0.071917914,0.009391404,0.031786233,0.006299593,0.026791308,7.0341215e-05,0.5,0.004090869,0.20983258,0.5,0
4195,NODE21_processed_png/c3555.png,0.04102757,0.0645488,0.18813668,0.09478679,0.05333276,0.013463673,0.004139525,0.045453124,0.05878253,0.008138252,0.006342002,0.016157383,0.032678906,0.000108072,0.5,0.001833221,0.08940062,0.5,0
4196,NODE21_processed_png/c2315.png,0.04503579,0.058166455,0.18870322,0.04742968,0.02852407,0.011374152,0.003866132,0.05401425,0.07010896,0.008355384,0.009541318,0.011206875,0.07842273,0.000123799,0.5,0.003505389,0.25873342,0.5,0
4197,NODE21_processed_png/c1200.png,0.030693626,0.060297363,0.20251083,0.09037955,0.042049136,0.009724778,0.003427313,0.06053898,0.14152327,0.009542889,0.014161322,0.008071082,0.022754444,6.175345e-05,0.5,0.001489793,0.6197768,0.5,0
4198,NODE21_processed_png/n0796.png,0.03797441,0.06716423,0.18200941,0.07214975,0.040680144,0.008926536,0.004540967,0.07385719,0.1135102,0.014729898,0.025083583,0.009172313,0.028279746,0.000241337,0.5,0.003580663,0.30369085,0.5,1
4199,NODE21_processed_png/c0832.png,0.045291252,0.048873603,0.14911656,0.064264745,0.004623107,0.013160941,0.004327399,0.03871413,0.02648068,0.008912705,0.002483732,0.009637925,0.036531318,3.6002275e-05,0.5,0.003366462,0.0586269,0.5,0
4200,NODE21_processed_png/c0440.png,0.10385621,0.075196,0.19414113,0.072126664,0.04308906,0.008640924,0.005783874,0.23166998,0.16833124,0.026394408,0.033830695,0.016330376,0.05035532,0.000390203,0.5,0.007216381,0.6324383,0.5,0
4201,NODE21_processed_png/c1099.png,0.05001731,0.045900106,0.12165646,0.084486,0.010157086,0.005628755,0.001956597,0.09012018,0.040708076,0.022453804,0.015283103,0.007785189,0.043871544,3.5916546e-05,0.5,0.001668537,0.11613512,0.5,0
4202,NODE21_processed_png/c3878.png,0.02994644,0.0352735,0.16961426,0.05310568,0.019772278,0.012458443,0.003406372,0.023321146,0.048884246,0.006592461,0.013446687,0.005241427,0.022603523,3.3743345e-05,0.5,0.001362271,0.092589535,0.5,0
4203,NODE21_processed_png/c1429.png,0.043370597,0.082539685,0.19423336,0.06600614,0.017843679,0.03384449,0.006466636,0.0386849,0.081818216,0.005038587,0.008546569,0.0129081,0.035785582,0.000162465,0.5,0.002361158,0.2374479,0.5,0
4204,NODE21_processed_png/c0269.png,0.067764014,0.042798728,0.12099954,0.12664573,0.007758071,0.02526405,0.002202085,0.05931601,0.030501379,0.012582624,0.009150017,0.009474743,0.040917303,9.988068e-05,0.5,0.007186445,0.051846165,0.5,0
4205,NODE21_processed_png/c0608.png,0.033865925,0.055547323,0.18874891,0.07239176,0.030805217,0.018157411,0.004214399,0.041595038,0.050519243,0.008045753,0.00867374,0.009078117,0.032616008,6.787698e-05,0.5,0.001700751,0.07377151,0.5,0
4206,NODE21_processed_png/c1048.png,0.061345074,0.099266686,0.23277062,0.05047407,0.042312924,0.003718356,0.002267783,0.106918946,0.15041322,0.004710728,0.015550002,0.008525634,0.015800577,0.000156654,0.5,0.002149422,0.64293885,0.5,0
4207,NODE21_processed_png/n1100.png,0.044598993,0.05327884,0.22313318,0.033193123,0.035092965,0.008338151,0.00230784,0.051238146,0.07885689,0.011568408,0.022765089,0.009392267,0.04320403,0.000379787,0.5,0.002775798,0.24393177,0.5,1
4208,NODE21_processed_png/c1571.png,0.033123773,0.04747032,0.1631574,0.059663244,0.020416843,0.020770466,0.004041229,0.051889133,0.04509518,0.005662721,0.021089258,0.008125862,0.024386654,0.000345318,0.5,0.002539204,0.105649404,0.5,0
4209,NODE21_processed_png/c1903.png,0.048609033,0.050637025,0.22275609,0.03567676,0.03700562,0.004225479,0.001440274,0.14747114,0.07430951,0.006160405,0.023040522,0.004729939,0.015207896,4.402826e-05,0.5,0.00133164,0.10602756,0.5,0
4210,NODE21_processed_png/c0496.png,0.035606347,0.065317295,0.21249288,0.12436739,0.041057028,0.018719422,0.003686219,0.05777423,0.07498282,0.007388525,0.017572924,0.009144262,0.018252786,5.8534024e-05,0.5,0.001058733,0.2387876,0.5,0
4211,NODE21_processed_png/c0331.png,0.0790878,0.051107876,0.13737419,0.05487581,0.008402673,0.008557002,0.002838675,0.092575684,0.036206808,0.010207163,0.041857284,0.007530515,0.035981216,0.000305214,0.5,0.002242174,0.061339986,0.5,0
4212,NODE21_processed_png/c3583.png,0.05471411,0.06310986,0.19462468,0.051585373,0.0368925,0.009119207,0.005782758,0.112913236,0.06293064,0.015432,0.018414995,0.008825562,0.030135691,0.000484091,0.5,0.005350234,0.09239467,0.5,0
4213,NODE21_processed_png/c3224.png,0.059004135,0.050432276,0.16904396,0.0521266,0.010366493,0.011950053,0.001158344,0.05304751,0.04190263,0.01145274,0.004309581,0.007958393,0.06616728,8.3842235e-05,0.5,0.00463646,0.0924101,0.5,0
4214,NODE21_processed_png/c2816.png,0.058948882,0.042597976,0.16690274,0.027954306,0.02232076,0.01355115,0.004318648,0.049520947,0.035184238,0.007864709,0.022688115,0.007810242,0.02275844,0.000454128,0.5,0.004118437,0.053675223,0.5,0
4215,NODE21_processed_png/c2464.png,0.019123252,0.0776136,0.18321677,0.12581642,0.06670251,0.006435243,0.006710329,0.040352046,0.14894512,0.009903115,0.012011807,0.012027212,0.021119356,0.000260258,0.5,0.001114869,0.30863565,0.5,0
4216,NODE21_processed_png/c0750.png,0.05561851,0.059497554,0.15595813,0.049807567,0.006369557,0.011862918,0.00203361,0.046850808,0.047428023,0.007631012,0.007465631,0.008455231,0.037034668,3.6837846e-05,0.5,0.002330016,0.1476421,0.5,0
4217,NODE21_processed_png/n0321.png,0.05116432,0.05739033,0.19056055,0.12507877,0.034653977,0.029703174,0.01499074,0.10708569,0.061985254,0.028171472,0.033102546,0.020256102,0.033510916,0.000643804,0.5,0.008113668,0.12606357,0.5,1
4218,NODE21_processed_png/c1110.png,0.07408904,0.023577105,0.12386931,0.103827275,0.008081949,0.031580545,0.002358557,0.066897064,0.012946392,0.014935927,0.070415765,0.00945114,0.029872686,0.000290973,0.5,0.018424593,0.004950114,0.5,0
4219,NODE21_processed_png/c2005.png,0.025850803,0.07590931,0.15339108,0.050451476,0.016379796,0.008436584,0.003336571,0.054602362,0.06314539,0.007397023,0.004528231,0.010248934,0.02486175,2.2840393e-05,0.5,0.001838638,0.20747492,0.5,0
4220,NODE21_processed_png/c3645.png,0.046190903,0.04269526,0.20184004,0.023330387,0.029617734,0.003380993,0.002210784,0.12028576,0.0658062,0.011092238,0.019691441,0.008733517,0.033932935,0.000228343,0.5,0.002811158,0.20537814,0.5,0
4221,NODE21_processed_png/c3133.png,0.05027994,0.052808773,0.16617052,0.13205649,0.021088414,0.034662228,0.008586091,0.033714116,0.05326138,0.008693635,0.005305266,0.01194243,0.046833728,9.485363e-05,0.5,0.002488607,0.062872134,0.5,0
4222,NODE21_processed_png/c3694.png,0.0526531,0.032588087,0.13839306,0.032435082,0.015614217,0.01426543,0.0007968,0.09974666,0.034980934,0.007305587,0.0446654,0.003870629,0.020551555,0.000111173,0.5,0.002286814,0.056079846,0.5,0
4223,NODE21_processed_png/c2773.png,0.027001958,0.053253956,0.23959251,0.06534524,0.058263768,0.006759078,0.003848821,0.032835465,0.12650515,0.007608659,0.003882268,0.010750749,0.037697963,4.0265702e-05,0.5,0.001654952,0.2987162,0.5,0
4224,NODE21_processed_png/c1666.png,0.07904417,0.13585214,0.2451026,0.110605724,0.035001658,0.01447086,0.004593272,0.12683791,0.17125003,0.018493839,0.017437758,0.017371325,0.08490328,0.000255665,0.5,0.004223061,0.7714795,0.5,0
4225,NODE21_processed_png/c0026.png,0.025904065,0.07945219,0.19095467,0.04133401,0.025553998,0.03814388,0.004060994,0.038059685,0.06689794,0.010002302,0.006127023,0.009215725,0.056829255,8.068754e-05,0.5,0.001247403,0.085212216,0.5,0
4226,NODE21_processed_png/c0781.png,0.040155094,0.07818514,0.17736074,0.06801165,0.026764728,0.029988647,0.003693723,0.041847132,0.11598973,0.007834292,0.025497597,0.008454436,0.023271922,2.6968868e-05,0.5,0.000984695,0.35070932,0.5,0
4227,NODE21_processed_png/c2312.png,0.086059526,0.0713905,0.17309478,0.051688667,0.023132507,0.007348792,0.001369419,0.1842435,0.07955373,0.012778912,0.032759212,0.008012422,0.02998262,0.00094663,0.5,0.005537165,0.2154992,0.5,0
4228,NODE21_processed_png/c3552.png,0.060694177,0.09868336,0.20340122,0.071476735,0.016272573,0.03048605,0.00397533,0.0859561,0.11587218,0.011758684,0.01254916,0.014263444,0.068776414,4.4355842e-05,0.5,0.000923022,0.5578508,0.5,0
4229,NODE21_processed_png/n0036.png,0.054783117,0.07598929,0.20337482,0.095732935,0.028672744,0.011027542,0.002403022,0.08717895,0.088280305,0.010383442,0.012525355,0.007413457,0.040068407,0.000184774,0.5,0.002444224,0.29918632,0.5,1
4230,NODE21_processed_png/c0447.png,0.06490074,0.053736728,0.15459812,0.0749901,0.011020158,0.019007472,0.00255678,0.07820795,0.047684666,0.014513344,0.022362193,0.009420639,0.037003882,7.9388905e-05,0.5,0.003824345,0.09777995,0.5,0
4231,NODE21_processed_png/c0835.png,0.012141067,0.08563983,0.22312847,0.055973712,0.07954582,0.003923144,0.003446697,0.026013263,0.20051703,0.005414474,0.005182301,0.014857929,0.028000297,1.2670517e-05,0.5,0.000913868,0.82245654,0.5,0
4232,NODE21_processed_png/n0791.png,0.06370626,0.10026042,0.20787978,0.055117268,0.073557645,0.007984811,0.007914649,0.11713809,0.14988779,0.014433789,0.04763805,0.01473687,0.07734816,0.000202008,0.5,0.002550144,0.78751504,0.5,1
4233,NODE21_processed_png/c1207.png,0.030125154,0.077198766,0.17057027,0.07394962,0.015181202,0.005480376,0.003039925,0.04501804,0.09149923,0.008649847,0.002435866,0.008182256,0.022943716,1.6372103e-05,0.5,0.001186875,0.4219294,0.5,0
4234,NODE21_processed_png/c3017.png,0.032513373,0.060667127,0.18713105,0.04745678,0.03909861,0.00516897,0.002016284,0.10204517,0.12931286,0.009699391,0.027760506,0.006200701,0.027494937,3.111109e-05,0.5,0.000894456,0.54053175,0.5,0
4235,NODE21_processed_png/c2657.png,0.07369623,0.05943071,0.1664526,0.05189525,0.008415989,0.00830151,0.003097312,0.11181909,0.052477658,0.03087088,0.017511308,0.011073595,0.0665183,5.521856e-05,0.5,0.004574777,0.23135217,0.5,0
4236,NODE21_processed_png/c1742.png,0.033619642,0.01788449,0.112587035,0.08491412,0.004469341,0.048165,0.004633519,0.04087713,0.01947623,0.007160439,0.047312796,0.006904075,0.025441179,0.000336114,0.5,0.001403824,0.020722942,0.5,0
4237,NODE21_processed_png/c2591.png,0.033784673,0.048235424,0.17883618,0.1053325,0.02226124,0.013344434,0.010653588,0.058211535,0.05975539,0.018555628,0.015122267,0.01559158,0.03821962,0.000297711,0.5,0.002673365,0.14800763,0.5,0
4238,NODE21_processed_png/c2236.png,0.0327581,0.07380107,0.22245154,0.10250898,0.027999436,0.020028405,0.007380426,0.043205213,0.074878454,0.012652235,0.003938774,0.009650992,0.04869847,0.000138961,0.5,0.001250171,0.1004659,0.5,0
4239,NODE21_processed_png/c3476.png,0.041646056,0.050300185,0.19234993,0.06219107,0.015298913,0.010516471,0.003559765,0.05457817,0.046228893,0.011490769,0.007471453,0.00489377,0.0321402,0.00014603,0.5,0.001516979,0.07620868,0.5,0
4240,NODE21_processed_png/c3804.png,0.055920087,0.031110141,0.11009028,0.19862613,0.005215836,0.04563439,0.00622901,0.06305375,0.025416482,0.021429524,0.010508826,0.00941432,0.043590464,0.000189869,0.5,0.003146142,0.035875183,0.5,0
4241,NODE21_processed_png/c0911.png,0.037156746,0.089613385,0.18183112,0.057384722,0.011009629,0.012624801,0.003879106,0.076825,0.09238981,0.009541021,0.009353177,0.008074349,0.046409097,4.3245658e-05,0.5,0.001052021,0.42164177,0.5,0
4242,NODE21_processed_png/c0563.png,0.024475288,0.06442205,0.20007597,0.09860916,0.012902226,0.015599505,0.004994836,0.04705931,0.0633253,0.011003492,0.015002948,0.005075119,0.014069211,1.1268611e-05,0.5,0.000521954,0.19184193,0.5,0
4243,NODE21_processed_png/c1484.png,0.023331579,0.051734433,0.16740873,0.05084662,0.013469392,0.013120726,0.005051997,0.03293939,0.07429097,0.012555725,0.003349155,0.012768217,0.054550998,2.0630036e-05,0.5,0.001283006,0.3312424,0.5,0
4244,NODE21_processed_png/c1323.png,0.03223189,0.08938588,0.19998913,0.039801855,0.03368249,0.010481979,0.002494115,0.059352756,0.09738625,0.00792961,0.006231926,0.010943105,0.033069488,1.5637124e-05,0.5,0.000693108,0.28480232,0.5,0
4245,NODE21_processed_png/c1827.png,0.026683368,0.10372203,0.25808266,0.14594592,0.07603238,0.011049236,0.015959933,0.055617142,0.15246224,0.009505608,0.006856065,0.013681861,0.024476744,9.2901806e-05,0.5,0.001001227,0.23253796,0.5,0
4246,NODE21_processed_png/c1455.png,0.05437607,0.040365163,0.10281469,0.080927394,0.002539846,0.02058816,0.000976214,0.03934874,0.023570614,0.006092564,0.003179051,0.005370429,0.030966762,5.7101715e-05,0.5,0.002385244,0.057466444,0.5,0
4247,NODE21_processed_png/c0215.png,0.037991706,0.078667164,0.15811336,0.031993594,0.016439654,0.003724643,0.001720509,0.051957395,0.085745215,0.006027076,0.005473667,0.008424737,0.05116803,1.6102103e-05,0.5,0.001759695,0.49323606,0.5,0
4248,NODE21_processed_png/n0664.png,0.030975547,0.16985537,0.32575598,0.15817253,0.056964744,0.029599847,0.005837576,0.121457465,0.2956392,0.0099491,0.005594173,0.02814164,0.0390421,0.000144248,0.5,0.002839106,0.88007784,0.5,1
4249,NODE21_processed_png/c3300.png,0.030255383,0.035096448,0.17892478,0.026703356,0.017676795,0.009047322,0.002074348,0.025977945,0.051761508,0.006687462,0.005522454,0.009372588,0.023834903,0.000323703,0.5,0.00416831,0.16617161,0.5,0
4250,NODE21_processed_png/c2540.png,0.031921137,0.06953008,0.19107458,0.06617357,0.031252813,0.005926882,0.003498892,0.111342035,0.11705552,0.018866185,0.020138226,0.009255064,0.030606672,0.000107332,0.5,0.000662256,0.51744425,0.5,0
4251,NODE21_processed_png/c2932.png,0.04495138,0.058631223,0.21936631,0.06284062,0.04862512,0.004921009,0.004382139,0.088310726,0.09353674,0.01168921,0.013362821,0.007135836,0.02505207,0.000103435,0.5,0.001111444,0.27837372,0.5,0
4252,NODE21_processed_png/c0674.png,0.08245201,0.057988495,0.2317022,0.036049817,0.061227795,0.003915497,0.000790858,0.17759119,0.10028277,0.006563755,0.050143447,0.010345852,0.0249034,8.523686e-05,0.5,0.001831822,0.22282642,0.5,0
4253,NODE21_processed_png/c1034.png,0.042547453,0.09459644,0.20707926,0.063192315,0.03833189,0.009164558,0.00218484,0.069601364,0.08131567,0.005170301,0.00578848,0.0093162,0.04688228,1.4130542e-05,0.5,0.001350849,0.42922807,0.5,0
4254,NODE21_processed_png/c1793.png,0.045152817,0.11713654,0.19686007,0.052157324,0.04569716,0.009151257,0.003114196,0.14105001,0.13093501,0.009886002,0.0590918,0.006720404,0.034197528,3.4494402e-05,0.5,0.001471937,0.6759112,0.5,0
4255,NODE21_processed_png/c2121.png,0.029402435,0.062454145,0.19583935,0.11474107,0.03569216,0.009928386,0.004425455,0.049470305,0.11068102,0.010191185,0.012775302,0.011121298,0.035636958,1.9609584e-05,0.5,0.001016684,0.37996334,0.5,0
4256,NODE21_processed_png/c2686.png,0.046742752,0.050016943,0.14831783,0.039854497,0.020133568,0.009508474,0.00548991,0.033513058,0.047338385,0.013383551,0.006413359,0.008990562,0.06925579,0.000200568,0.5,0.002751652,0.10048586,0.5,0
4257,NODE21_processed_png/c3258.png,0.10488716,0.08929297,0.21908015,0.085883595,0.026346074,0.011069709,0.002107272,0.09478494,0.1210844,0.013915622,0.011718157,0.021115594,0.06428295,0.000145659,0.5,0.017398477,0.34700006,0.5,0
4258,NODE21_processed_png/c2418.png,0.03641839,0.072362065,0.17533599,0.053233255,0.016148178,0.011759975,0.002293944,0.07222521,0.05585985,0.010009958,0.010104946,0.006578794,0.039892565,1.8032435e-05,0.5,0.001446215,0.17148519,0.5,0
4259,NODE21_processed_png/c0898.png,0.023672042,0.077888556,0.21678074,0.05965779,0.011659436,0.007984546,0.004005228,0.03717823,0.07587174,0.007714254,0.006665878,0.007773531,0.021431519,1.2434246e-05,0.5,0.000324631,0.17491978,0.5,0
4260,NODE21_processed_png/c2079.png,0.033040944,0.050536066,0.1752108,0.045259558,0.017605457,0.010665739,0.005157119,0.030892687,0.04833423,0.014340068,0.003495827,0.01217411,0.04922871,0.000283598,0.5,0.005291297,0.06390814,0.5,0
4261,NODE21_processed_png/c3639.png,0.03456459,0.05685343,0.20032513,0.09662802,0.018197289,0.04033275,0.003788628,0.03643906,0.043700267,0.005816749,0.005767116,0.010581125,0.034722753,0.000233301,0.5,0.002577599,0.067210756,0.5,0
4262,NODE21_processed_png/n0859.png,0.061171908,0.15175831,0.25111818,0.053515073,0.045022644,0.009423619,0.005877969,0.17605796,0.14734323,0.011298794,0.014183215,0.011713666,0.029956222,0.000222992,0.5,0.003603031,0.699314,0.5,1
4263,NODE21_processed_png/c0849.png,0.01434154,0.080952235,0.17810142,0.1519485,0.015287884,0.019685607,0.002214145,0.029531825,0.08145282,0.00419471,0.001962042,0.006955801,0.01928479,1.0075135e-05,0.5,0.000429939,0.35314158,0.5,0
4264,NODE21_processed_png/c3289.png,0.045995086,0.061337147,0.1724093,0.13469198,0.012907237,0.017449297,0.007081806,0.06881736,0.069401436,0.015544195,0.006018949,0.007383683,0.048419684,3.4370576e-05,0.5,0.000797291,0.16533533,0.5,0